слово	уровень	ранг	часть речи	перевод(черновик)	варианты перевода	пример	перевод примера	определение	категория	чего не хватает
day	A1	101	Noun		period between sunrise and sunset → день/световой день; period of 24 hours → сутки/день; period from midnight to the following mi → сутки/день; rotational period of a planet → сутки/день; part of a day period which one spends at → день	Good day.	Здравствуй.	The time when the Sun is above the horizon and it lights the sky.	time	перевод не привязывается к значению — риск взять чужое
till	A2	1446	Noun	касса		Wait till six.	Подожди до шести.	A cash register.		многозначное слово, подтвердить перевод нечем (5 разных этимологий); категория не определилась (не определилась)
conclusion	B2	4182	Noun	окончание	завершение	Draw a conclusion.	Сделай вывод.	The end, finish, close or last part of something.		перевод примера относится к другому значению; категория не определилась (не определилась)
garret	C2	31747	Noun	чердак	мансарда			An attic or semi-finished room just beneath the roof of a house.	home	пример: нет предложений в Tatoeba
please	A1	102	Verb	радовать	угождать; нравиться; доставлять удовольствие	Please join.	Подойди-ка!	To make happy or satisfy; to give pleasure to.	actions	многозначное слово, подтвердить перевод нечем (3 разных этимологий)
burn	B1	2278	Noun	ожог		Burn it.	Сожги его.	A physical injury caused by heat, cold, electricity, radiation or caustic chemicals.	health	многозначное слово, подтвердить перевод нечем (2 разных этимологий)
engagement	B2	4183	Noun	ангажемент		The lecturer has three speaking engagements this week.		An appointment, especially to speak or perform.		пример: не для детей (в переводе): рак; категория не определилась (не определилась)
work	A1	103	Noun	работа	труд	My work involves a lot of travel.		Employment. Labour, occupation, job.	people	пример: не для детей (в переводе): раб; многозначное слово, подтвердить перевод нечем (2 разных этимологий)
regular	A2	1449	Adjective		having a constant pattern → регулярный; of a polygon: having all sides and corre → правильный; of a polyhedron: whose faces are all con → правильный; demonstrating consistent set of rules → правильный; happening at constant intervals → регулярный/частый/постоянный	He's a regular.	Он завсегдатай.	Bound by religious rule; belonging to a monastic or religious order (often as opposed to secular).	qualities	перевод не привязывается к значению — риск взять чужое
twelve	B2	4188	Noun	двенадцать				NATO, ICAO, ITU & IMO radiotelephony code for 12, used only with o'clock to indicate direction.		перевод есть только для другой части речи (Numeral вместо Noun); пример: не для детей (в переводе): ад; категория не определилась (не определилась)
need	A1	104	Noun	нужда	потребность; необходимость; потреба	They need us.	Мы им нужны.	A requirement for something; something needed.		многозначное слово, подтвердить перевод нечем (2 разных этимологий); категория не определилась (не определилась)
use	A1	105	Noun	употребление	применение; использование	Use them.	Используй их.	The act of using.	actions	многозначное слово, подтвердить перевод нечем (2 разных этимологий)
wild	A2	1454	Adjective	дикий		This is wild.	Это безумие.	Untamed; not domesticated.	qualities	многозначное слово, подтвердить перевод нечем (2 разных этимологий; части речи: Adjective/Adverb/Noun/Verb)
tip	B1	2285	Noun	кончик	остриё; наконечник	Tom left a tip.	Том оставил чаевые.	The extreme end of something, especially when pointed; e.g. the sharp end of a pencil.		пример иллюстрирует другое значение (6 разных этимологий); категория не определилась (не определилась)
moloch	C2	31753	Noun					Any of species Moloch horridus of Australian lizards, sole species of the genus Moloch.	animals	нет русского перевода в Wiktionary; пример: нет предложений в Tatoeba
name	A1	107	Noun	имя	название; наименование	Say her name.	Скажи, как её зовут.	Any nounal word or phrase which indicates a particular person, place, class, or thing.		многозначное слово, подтвердить перевод нечем (3 разных этимологий); категория не определилась (не определилась)
reservation	B2	4195	Noun	оставление	сохранение	Reservations are essential.	Бронирование обязательно.	The act of reserving, withholding or keeping back.	actions	перевод примера относится к другому значению
think	A1	108	Verb	обдумывать	размышлять; обдумать; размыслить	I think.	Я думаю.	To ponder, to go over in one's mind.	mind	многозначное слово, подтвердить перевод нечем (2 разных этимологий)
lawyer	A2	1456	Noun	юрист	юристка; адвокат			A professional person with a graduate law degree that qualifies for legal work (such as Juris Doctor).	society	пример: не для детей (в переводе): ад
homework	B2	4197	Noun		work that is done at home → домашнее задание/домашняя работа/домашка; preliminary or preparatory work → подготовительная работа/исследование	I have homework.	У меня уроки.	Exercises assigned by a teacher to a student which review concepts studied in class.	school	перевод не привязывается к значению — риск взять чужое
monetary	C1	11826	Adjective	денежный	валютный	Although of little monetary value, Rosie treasured her late grandfather's old hunting gear.		Of, pertaining to, or consisting of money.	money	пример: длина английского предложения
paedophile	C2	31755	Noun					Commonwealth standard spelling of pedophile.		нет русского перевода в Wiktionary; пример: длина английского предложения; категория не определилась (не определилась)
free	A1	110	Adjective	свободный		Free me.	Освободи меня.	Unconstrained.	qualities	многозначное слово, подтвердить перевод нечем (4 разных этимологий; части речи: Adjective/Adverb/Verb/Noun)
football	A2	1457	Noun	футбольный мяч		He plays football.	Он играет в футбол.	A sport played on foot in which teams attempt to get a ball into a goal or zone defended by the other team.	sports	перевод примера относится к другому значению
photograph	B2	4199	Noun	фотография	фото; фотокарточка; снимок			A picture created by projecting an image onto a photosensitive surface such as a chemically treated plate or film, CCD receptor, etc.	art	пример: Tatoeba недоступна (offline: нет в кэше)
physical	A2	1459	Adjective		having to do with the material world; ta → физический/материальный; having to do with physics → физический; having to do with the body; corporeal → телесный/физический; involving bodily force; vigorous → физический	We have physical education.	У нас урок физкультуры.	Of medicine. Pertaining to the field of medicine; medical. That practises medicine; pertaining to doctors.	health	перевод не привязывается к значению — риск взять чужое
witness	B1	2289	Noun	свидетельство		I found a witness.	Я нашёл свидетеля.	Attestation of a fact or event; testimony.		категория не определилась (не определилась)
brace	C1	11829	Noun		that which holds tightly → скоба/скрепа; arrangement for producing tension → распорка; structural piece used for support, often → подпорка/раскос/упорка; rope for moving a yard → брас; straps or bands to sustain trousers → подтяжка	Brace yourself.	Приготовься.	A curved instrument or handle of iron or wood, for holding and turning bits, etc.; a bitstock.	objects	перевод не привязывается к значению — риск взять чужое
origination	C2	31758	Noun					The process of bringing something into existence.	actions	нет русского перевода в Wiktionary; пример: слова нет в предложении
way	A1	113	Noun	путь	дорога	This way.	Сюда.	To do with a place or places. A road, a direction, a (physical or conceptual) path from one place to another.	city	многозначное слово, подтвердить перевод нечем (3 разных этимологий; части речи: Noun/Verb/Adverb/Adjective)
junior	B1	2291	Adjective	младший		He's two years my junior.	Он на два года моложе меня.	Low in rank; having a subordinate role, job, or situation.	work	многозначное слово, подтвердить перевод нечем (части речи: Adjective/Noun/Verb)
hacienda	C2	31759	Noun	гасиенда	фазенда; асьенда			A large homestead in a ranch or estate, usually in places where Colonial Spanish culture has had architectural influence.	places	пример: нет предложений в Tatoeba
miracle	B2	4208	Noun	чудо	диво	Life is a miracle.	Жизнь - это чудо.	An event that appears inexplicable by the laws of nature and so is held to be supernatural in origin.		категория не определилась (не определилась)
ordinance	C1	11832	Noun	постановление	указ; распоряжение; ордонанс			A local law, passed by e.g. a city.	city	пример: нет предложений в Tatoeba
split	B1	2298	Verb	расщеплять	расщепить	We split up.	Мы расстались.	To divide fully or partly along a more or less straight line.	actions	многозначное слово, подтвердить перевод нечем (части речи: Verb/Adjective/Noun)
chick	B2	4212	Noun	птенец		She bought a chick.	Она купила птенца.	A young bird.	animals	многозначное слово, подтвердить перевод нечем (3 разных этимологий)
minister	A2	1468	Noun	священник		I'm a minister.	Я пастор.	A person who is trained to preach, to perform religious ceremonies, and to afford pastoral care at a Protestant church.	people	многозначное слово, подтвердить перевод нечем (2 разных этимологий)
legion	C1	11836	Noun	легион		Quinctilius Varus, return my legions!	Квинтилий Вар, верни мои легионы!	The major unit or division of the Roman army, usually comprising 3000 to 6000 infantry soldiers and 100 to 200 cavalry troops.		категория не определилась (не определилась)
hero	B1	2301	Verb	герой	персонаж; аватар	We're heroes.	Мы герои.	To act as a hero (brave person; role model; or protagonist).	actions	перевод примера относится к другому значению
subtotal	C1	11837	Noun					The total for a part of a list of numbers being summed.		нет русского перевода в Wiktionary; пример: нет предложений в Tatoeba; категория не определилась (не определилась)
hone	C2	31766	Noun	оселок	точильный камень; брусок	Tom wanted to hone his skills as a photographer.	Том хотел отточить своё мастерство фотографа.	A sharpening stone composed of extra-fine grit used for removing the burr or curl from the blade of a razor or some other edge tool.	objects	многозначное слово, подтвердить перевод нечем (4 разных этимологий)
emergency	A2	1470	Noun	экстренная ситуация	чрезвычайное положение; чрезвычайное происшествие; ч. п	We have an emergency.	У нас экстренный случай.	A situation which poses an immediate risk and which requires urgent attention.		категория не определилась (не определилась)
scale	B1	2302	Noun	гамма		Step on the scale.	Встань на весы.	A ladder; a series of steps; a means of ascending.		многозначное слово, подтвердить перевод нечем (3 разных этимологий); категория не определилась (не определилась)
years	A1	125	Noun			Years passed.	Годы прошли.	A very long time.		нет русского перевода в Wiktionary; категория не определилась (не определилась)
great	A1	132	Adjective	великий	большой	Great idea.	Отличная идея.	Taking much space; large. Much, more than usual.	qualities	пример иллюстрирует другое значение (части речи: Adjective/Noun/Adverb)
favor	B1	2304	Noun	одолжение	услуга; любезность	Do me a favor.	Сделай мне одолжение!	A kind or helpful deed; an instance of voluntarily assisting (someone).		категория не определилась (не определилась)
plenty	B1	2306	Noun	достаток	изобилие; обилие; множество	We have plenty.	Нам достаточно.	A more-than-adequate amount; plenitude; a great deal.		категория не определилась (не определилась)
radiation	B2	4222	Noun	излучение		The ozone layer helps protect us from ultraviolet radiation from the sun.	Озоновый слой помогает защитить нас от ультрафиолетового излучения Солнца.	The shooting forth of anything from a point or surface, like diverging rays of light.		категория не определилась (не определилась)
enjoyable	C1	11843	Adjective	приятный	забавный	That was an enjoyable day; I had a lot of fun.		Pleasant, capable of giving pleasure.	qualities	пример: слова нет в предложении
used	A1	137	Adjective	используемый	использованный	The ground was littered with used syringes left behind by drug abusers.		That is or has or have been used.	qualities	пример: слова нет в предложении
arrival	B2	4223	Noun	прибытие	приезд; приход; прилёт	The early arrival of the bride created a stir.		The act of arriving (reaching a certain place).	actions	пример: слова нет в предложении
row	B1	2311	Noun	ряд		Row me across the river.	Перевезите меня через реку.	A line of objects, often regularly spaced, such as seats in a theatre, vegetable plants in a garden, etc. Specifically.	food	многозначное слово, подтвердить перевод нечем (3 разных этимологий)
inland	C1	11845	Adjective			an inland town		Within the land; relatively remote from the ocean or from open water; interior.	nature	нет русского перевода в Wiktionary; пример: длина английского предложения
going	A1	140	Verb			theatre-going, church-going, movie-going		Attending or visiting (a stated event, place, etc.) habitually or regularly.	actions	нет русского перевода в Wiktionary; пример: слова нет в предложении
catalog	B2	4226	Noun			Send me a new catalog.	Отправь мне новый каталог.	US standard spelling of catalogue.		нет русского перевода в Wiktionary (вынесен на отдельную страницу); категория не определилась (не определилась)
finale	C1	11847	Noun	финал	заключение			The grand end of something, especially of a show or piece of music.	art	пример: слова нет в предложении
earlier	A2	1486	Adjective			We met earlier.	Мы встречались раньше.	Occurring previously.	qualities	нет русского перевода в Wiktionary
dollar	B1	2315	Noun	доллар		I want a dollar.	Я хочу доллар.	Official designation for currency in some parts of the world, including Canada, the United States, Australia, New Zealand, Singapore.		категория не определилась (не определилась)
hist	B2	4227	Noun	тсс	цыц			An instance of an exclamation attracting attention or injunction to be silent.		перевод есть только для другой части речи (Interjection вместо Noun); пример: нет предложений в Tatoeba; многозначное слово, подтвердить перевод нечем (3 разных этимологий); категория не определилась (не определилась)
backward	C1	11849	Adjective	назад		He fell backward.	Он упал навзничь.	Indicating position or direction. Situated toward or at the rear of something.	qualities	многозначное слово, подтвердить перевод нечем (части речи: Adjective/Adverb/Noun/Verb; значений: 5)
let	A1	143	Verb	пускать	позволять; пустить; позволить	Let her play.	Дай ей поиграть.	To allow to, not to prevent.	actions	многозначное слово, подтвердить перевод нечем (2 разных этимологий)
hurry	B1	2316	Noun	спешка		Hurry home.	Быстро домой!	A rushed action.		категория не определилась (не определилась)
rare	B1	2317	Adjective	редкий		This is rare.	Это редкость.	Very uncommon; scarce.	qualities	многозначное слово, подтвердить перевод нечем (4 разных этимологий; части речи: Adjective/Noun/Verb)
charset	C1	11853	Noun					A character set.		нет русского перевода в Wiktionary; пример: нет предложений в Tatoeba; категория не определилась (не определилась)
presence	B1	2319	Noun	присутствие		I feel your presence.	Я чувствую твоё присутствие.	The fact or condition of being present, or of being within sight or call, or at hand.		категория не определилась (не определилась)
install	B2	4230	Verb		set something up for use → устанавливать/инсталлировать/монтировать; establish or settle in → помещать/поместить	We'll install spotlights.	Мы установим прожекторы.	To transfer software onto a device's permanent storage and put it in a state where it is ready to be run when needed.	tech	перевод не привязывается к значению — риск взять чужое
intermission	C2	31779	Noun	перерыв	антракт; пауза; перемена	When is the intermission?	Когда перерыв?	A break, especially between two performances or sessions, such as at a concert, play, seminar, or religious assembly.		категория не определилась (не определилась)
year	A1	147	Noun	год	лет; лето; година	Next year.	В следующем году.	A period of time akin to the time taken for the Earth to undergo a full cycle of seasons.	time	многозначное слово, подтвердить перевод нечем (2 разных этимологий; значений: 6)
century	A2	1493	Noun	столетие	век	Ten decades make up a century.	Десять десятилетий составляют столетие.	A period of one hundred consecutive years; often specifically a numbered period with conventional start and end dates, e.g.		категория не определилась (не определилась)
really	A1	151	Adverb		actually → действительно; informally, as an intensifier; very, ver → правда	Not really.	Не совсем.	In a way or manner that is real, not unreal.	qualities	перевод не привязывается к значению — риск взять чужое
tissue	B2	4232	Noun	ткань		This tissue has been irreversibly damaged.	Эта ткань необратимо повреждена.	Thin, woven, gauzelike fabric.		категория не определилась (не определилась)
sen	C1	11859	Noun					A unit of Japanese currency, worth one hundredth of a yen.		нет русского перевода в Wiktionary; пример: нет предложений в Tatoeba; категория не определилась (не определилась)
monitor	B1	2324	Noun	наставник	наставница; надзиратель; надзирательница	It's a cheap monitor.	Это дешёвый монитор.	Someone who watches over something; a person in charge of something or someone.	people	перевод примера относится к другому значению
interface	B2	4234	Noun	интерфейс		The interface is very intuitive.	Интерфейс очень интуитивно понятен.	The point of interconnection or contact between entities.		категория не определилась (не определилась)
little	A1	154	Adjective	маленький	малый	Try a little.	Попробуй немножко.	Small, not large, limited, particularly.	qualities	многозначное слово, подтвердить перевод нечем (части речи: Adjective/Adverb/Noun)
thread	A2	1499	Noun		long, thin and flexible form of material → нить/нитка; a theme or idea → тема/нить/мысль; a sequence of connection → нить/связь; (computing) a unit of execution → поток/тред; (Internet) a series of messages → ветка/тема/дискуссия	The thread is thin but sturdy.	Нить тонкая, но прочная.	A cord formed by spinning or twisting together textile fibers or filaments into one or more continuous strands.		перевод не привязывается к значению — риск взять чужое; категория не определилась (не определилась)
statutory	C1	11861	Adjective	законный	установленный			Of, relating to, enacted or regulated by a statute.	qualities	пример: нет предложений в Tatoeba
invader	C2	31784	Noun	захватчик	захватчица; оккупант; оккупантка			One who invades a region.	people	пример: слова нет в предложении
firefox	B2	4237	Noun					A mythical creature in Finnish folklore, a fox with fiery or radiant fur, the reflection of which produces the northern lights.	animals	нет русского перевода в Wiktionary (вынесен на отдельную страницу); пример: латиница в переводе
sine	C2	31786	Noun	синус		The functions sine and cosine take values between -1 and 1 (-1 and 1 included).	Функции синус и косинус принимают значения между -1 и 1 включительно.	In a right triangle, the ratio of the length of the side opposite an angle to the length of the hypotenuse.		категория не определилась (не определилась)
indistinct	A2	1505	Adjective			indistinct sign		Not clearly defined or not having a sharp outline; faint or dim.	qualities	нет русского перевода в Wiktionary; пример: не для детей (в переводе): чёрт
exposure	B2	4240	Noun	подвергание		Avoid exposure to direct sunlight.	Избегать воздействия прямых солнечных лучей.	The condition of being exposed, uncovered, or unprotected.		категория не определилась (не определилась)
say	A1	158	Verb	говорить	сказать	Say yes.	Скажи да!	To pronounce.	communication	многозначное слово, подтвердить перевод нечем (4 разных этимологий; части речи: Verb/Noun/Adverb)
leader	A2	1506	Noun		one having authority → руководитель/вождь/лидер; dominant animal in a group → вожак; pipe to conduct water from the roof → водосточная труба; principal article in a newspaper → передовица	You're a leader.	Ты лидер.	Any person who leads or directs. One who goes first.	people	перевод не привязывается к значению — риск взять чужое
lack	B1	2332	Noun	отсутствие	нехватка; недостаток; нужда	I lack energy.	Мне не хватает энергии.	A deficiency or need (of something desirable or necessary); an absence, want, dearth.		многозначное слово, подтвердить перевод нечем (3 разных этимологий); категория не определилась (не определилась)
button	A2	1511	Noun	пуговица		The button fell off.	Пуговица отпала.	A knob or disc that is passed through a loop or (buttonhole), serving as a fastener.		категория не определилась (не определилась)
trash	B2	4242	Noun	мусор		Pick up your trash.	Подбери свой мусор.	Useless physical things to be discarded; rubbish; refuse.		категория не определилась (не определилась)
philosopher	C1	11869	Noun	философ		Socrates was a philosopher.	Сократ был философом.	A lover of wisdom.		категория не определилась (не определилась)
call	A1	165	Verb	звать	вызывать; кликать; позвать	Call somebody.	Позвони кому-нибудь.	To reach out with one's voice. To request, summon, or beckon.	actions	перевод примера относится к другому значению
object	A2	1513	Noun		thing → объект/предмет/вещь; the goal, end or purpose of something → объект; in grammar → объект/дополнение; person or thing to which an emotion is d → объект; object-oriented programming: instantiati → объект	I object.	Я против.	A thing that has physical existence but is not alive.	objects	перевод не привязывается к значению — риск взять чужое
sheep	B2	4243	Noun		animal → овца/овечка; one who behaves shyly → овечка/ягнёнок/агнец	Sheep bleat.	Собака лает.	A woolly ruminant of the genus Ovis.		перевод не привязывается к значению — риск взять чужое; категория не определилась (не определилась)
devastating	C1	11870	Adjective			That's devastating.	Это ужасно.	Causing devastation.	qualities	нет русского перевода в Wiktionary
place	A1	166	Noun	площадь		Nice place.	Хорошее место.	An area; somewhere within an area. An open space, particularly a city square, market square, or courtyard. A street.	places	пример иллюстрирует другое значение (2 разных этимологий)
steady	B2	4244	Adjective		smooth and not bumpy or with obstruction → устойчивый; regular and even → устойчивый	Steady yourself.	Успокойся.	Firm in standing or position; not tottering or shaking; fixed; firm.	qualities	перевод не привязывается к значению — риск взять чужое
ssh	C1	11874	Verb					To use ssh to connect to a remote computer.	tech	нет русского перевода в Wiktionary; пример: латиница в переводе
billy	B1	2336	Noun			Billy is good at sports.	Билл прекрасный спортсмен.	A fellow, companion, comrade, mate; partner, brother.		нет русского перевода в Wiktionary; категория не определилась (не определилась)
disappeared	B2	4246	Adjective			He disappeared.	Он исчез.	Caused to disappear by someone, often for political reasons.	society	нет русского перевода в Wiktionary
godfather	C1	11876	Noun	крёстный отец	крёстный			A man present at the christening of a baby who promises to help raise the child in a Christian manner.	people	пример: не для детей (в переводе): крест
unzip	C2	31795	Verb			He unzipped his pants.	Он расстегнул молнию на брюках.	To open something using a zipper.	actions	нет русского перевода в Wiktionary
something	A1	170	Adjective	что-то	нечто; кое-что	Do something.	Сделай что-нибудь.	Having a characteristic that the speaker cannot specify.	qualities	перевод есть только для другой части речи (Pronoun вместо Adjective); многозначное слово, подтвердить перевод нечем (части речи: Adjective/Adverb/Verb/Noun)
beg	B2	4247	Verb	просить	попрошайничать; побираться; выпрашивать	I beg you.	Умоляю тебя.	To request the help of someone, often in the form of money.	money	пример иллюстрирует другое значение (3 разных этимологий)
top	A1	172	Noun	вершина	верх; верхушка	Climb to the top.	Поднимитесь на вершину.	The highest or uppermost part of something.		категория не определилась (не определилась)
ben	A2	1517	Noun		ben tree → моринга; oil of ben → мориндовое масло	Ben loves his sister.	Бен любит свою сестру.	A prayer; a petition.		перевод не привязывается к значению — риск взять чужое; категория не определилась (не определилась)
helpful	B1	2340	Adjective	полезный	любезный	a helpful clue		Furnishing help; giving aid; useful.	qualities	пример: слова нет в предложении
hairstyle	C2	31797	Noun	причёска	стрижка	I like your new hairstyle.	Мне нравится твоя новая причёска.	The style in which someone's hair has been cut and arranged.		категория не определилась (не определилась)
number	A1	173	Noun	число	количество	Pick a number.	Выбери число.	Quantity of countable things.		категория не определилась (не определилась)
zoom	B2	4250	Noun	жужжание	гудение; гул	This is the zoom button.	Это кнопка масштабирования.	A humming noise from something moving very fast.	actions	многозначное слово, подтвердить перевод нечем (2 разных этимологий)
brand	A2	1520	Noun	клеймо	тавро	This cow isn't branded.	На этой корове нет клейма.	A mark or scar made by burning with a hot iron, especially to mark cattle or to classify the contents of a cask.		категория не определилась (не определилась)
courtship	C2	31800	Noun	ухаживание				The act of paying court, that is, demonstrating such politeness and respect as is traditionally given at a court.	actions	пример: нет предложений в Tatoeba
pro	A2	1522	Noun	профи	профессионал; спец	I'm a pro.	Я профи.	An advantage of something, especially when contrasted with its disadvantages (cons).		категория не определилась (не определилась)
wire	B1	2347	Noun	провод	проволока	This is a wire.	Это провод.	Metal formed into a thin, even thread, now usually by being drawn through a hole in a steel die.		категория не определилась (не определилась)
madge	C2	31801	Noun					The barn owl.		нет русского перевода в Wiktionary; пример: нет предложений в Tatoeba; категория не определилась (не определилась)
response	A2	1523	Noun	ответ		When pushed for an answer, she gave the stock response.		An answer or reply, or something in the nature of an answer or reply.	communication	пример: слова нет в предложении
tell	A1	179	Verb		to pass information → говорить/сказать; to instruct → говорить/сказать/приказать; to discern, notice, identify or distingu → различать/отличать/различить	Tell me.	Скажи мне.	Mental senses related to determining, reckoning, or perceiving To determine the number, amount, or value of.	communication	перевод не привязывается к значению — риск взять чужое
duty	A2	1524	Noun	долг	обязанность	Duty calls.	Долг зовёт.	That which one is morally or legally obligated to do.		категория не определилась (не определилась)
kong	B1	2351	Noun					A set of four identical tiles.		нет русского перевода в Wiktionary; пример: латиница в переводе; категория не определилась (не определилась)
entertainment	A2	1525	Noun	развлечение	забава; потеха; утеха			An activity designed to give pleasure, enjoyment, diversion, amusement, or relaxation to an audience.		пример: слова нет в предложении; категория не определилась (не определилась)
plastic	B1	2355	Noun	пластик	пластмасса	That's plastic.	Это пластик.	A synthetic, solid, hydrocarbon-based polymer, whether thermoplastic or thermosetting.		категория не определилась (не определилась)
positive	A2	1526	Adjective		not negative or neutral → положительный/позитивный; legal: formally laid down → положительный/позитивный; mathematics: greater than zero → положительный; characterised by constructiveness → позитивный/положительный; physics: having more protons than electr → положительный	Stay positive.	Не унывай.	Included, present, characterized by affirmation.	qualities	перевод не привязывается к значению — риск взять чужое
hmm	B1	2356	Verb	хм	гм	Hmm, maybe!	Хм... возможно!	To make a thoughtful humming noise.	actions	перевод есть только для другой части речи (Interjection вместо Verb)
uranium	C1	11890	Noun	уран		The atomic number of uranium is 92.	Порядковый номер урана - 92.	The element with atomic number 92 and symbol U. A radioactive silvery-grey metal in the actinide series.		категория не определилась (не определилась)
ghost	B1	2357	Noun	привидение	призрак; фантом; дух	He followed the ghost.	Он пошёл за привидением.	A disembodied soul; a soul or spirit of a deceased person; a spirit appearing after death.		категория не определилась (не определилась)
vegetation	C1	11891	Noun	растительность		There were large amounts of vegetation in the forest.		Plants, taken collectively.	nature	пример: слова нет в предложении
kryptonite	C2	31807	Noun	криптонит				The one weakness of something or someone that is otherwise invulnerable.		пример: нет предложений в Tatoeba; категория не определилась (не определилась)
same	A1	183	Adjective	одинаковый	тот же; тот же самый	Same here.	Я тоже.	Not different or other; not another or others; not different as regards self; selfsame; identical.	family	многозначное слово, подтвердить перевод нечем (2 разных этимологий)
block	A2	1531	Noun	блок		Block the doors.	Заблокируй двери.	A substantial, often approximately cuboid, piece of any substance.	objects	многозначное слово, подтвердить перевод нечем (2 разных этимологий)
insanity	C1	11894	Noun	сумасшествие	безумие; помешательство; умопомрачение	Love is insanity.	Любовь - это сумасшествие.	The state of being insane; madness.		категория не определилась (не определилась)
jun	B1	2364	Noun	чон				A monetary unit of North Korea and formerly of South Korea, equal to one hundredth of a won.		пример: нет предложений в Tatoeba; категория не определилась (не определилась)
dioxide	C1	11895	Noun	диоксид	двуокись	Trees use photosynthesis to turn sunlight, carbon dioxide and water into sugars.	С помощью фотосинтеза деревья превращают солнечный свет, диоксид углерода и воду в сахара.	Any oxide containing two oxygen atoms in each molecule.		категория не определилась (не определилась)
found	A1	186	Verb	основывать	учреждать; основать; учредить	File not found.	Файл не найден.	To start (an institution or organization).	actions	многозначное слово, подтвердить перевод нечем (4 разных этимологий)
fan	A2	1535	Noun	веер		I'm a fan.	Я фанат.	A hand-held device consisting of concertinaed material, or slats of material, gathered together at one end.	tech	пример иллюстрирует другое значение (3 разных этимологий)
gameplay	C1	11897	Noun	геймплей				The totality of player experiences during a game, such as the gaming environment and the competitive interaction with other players.	sports	пример: Tatoeba недоступна (offline: нет в кэше)
standoff	C2	31812	Noun	распорка	проставка	It was a standoff.	Это был тупик.	A device which maintains a fixed distance between two objects, especially between a surface and a sign or electrical wiring.	tech	многозначное слово, подтвердить перевод нечем (части речи: Noun/Adjective/Verb)
theory	A2	1536	Noun		a coherent set of statements attempting  → теория; an unproven conjecture → теория/гипотеза; a field of study in mathematics → теория; in logic: a set of axioms and all statem → теория	He has a theory.	У него есть одна теория.	A description of an event or system that is considered to be accurate.		перевод не привязывается к значению — риск взять чужое; категория не определилась (не определилась)
suck	B1	2366	Verb	сосать	всасывать; смоктать	You suck.	Ты отстой.	To use the mouth and lips to pull in (a liquid, especially milk from the breast).	actions	перевод примера относится к другому значению
deploy	C1	11898	Verb	развёртывать	размещать; развернуть; разместить	"Deploy two units of infantry along the enemy's flank," the general ordered.		To prepare and arrange (originally military unit or units, i.e., to array troops) for use.	actions	пример: слова нет в предложении
page	A1	188	Noun	страница	лист	Turn the page.	Переверни страницу.	One of the many pieces of paper bound together within a book or similar document.		категория не определилась (не определилась)
henry	A2	1539	Noun	генри		Henry wants to see you.	Генри хочет тебя видеть.	In the International System of Units, the derived unit of electrical inductance.		категория не определилась (не определилась)
newsletter	B2	4263	Noun	информационный бюллетень	бюллетень; вестник			A periodically sent publication containing current events or the like, generally on a particular topic or geared toward a limited audience.		пример: Tatoeba недоступна (offline: нет в кэше); категория не определилась (не определилась)
camp	A2	1543	Noun	лагерь	табор; стан; кэмп	We'll camp here.	Разобьём лагерь здесь.	An outdoor place acting as temporary accommodation in tents or other simple structures.		категория не определилась (не определилась)
pill	B2	4266	Noun	таблетка	пилюля	Take your pill.	Возьми таблетку.	A small, usually round or cylindrical object designed for easy swallowing, usually containing some sort of medication.		категория не определилась (не определилась)
care	A1	193	Noun	забота		We care.	Нам не всё равно.	Close attention; concern; responsibility.		многозначное слово, подтвердить перевод нечем (2 разных этимологий); категория не определилась (не определилась)
somewhere	A2	1549	Adverb		in some place → где-то/где-нибудь; to some place → куда-то/куда-нибудь	Take me somewhere.	Своди меня куда-нибудь.	In an uncertain or unspecified location.	qualities	перевод не привязывается к значению — риск взять чужое
bin	B1	2371	Noun	контейнер	корзина; бак	The bin is full.	Мусорка полная.	A box, frame, crib, or enclosed place, used as a storage container.	objects	пример иллюстрирует другое значение (5 разных этимологий)
charm	B2	4267	Noun	амулет	талисман; оберег	Use your charm.	Используй своё обаяние.	An object, act or words believed to have magic power (usually carries a positive connotation).	objects	пример иллюстрирует другое значение (2 разных этимологий)
reiterated	C2	31825	Adjective					Having reiterations.	qualities	нет русского перевода в Wiktionary; пример: слова нет в предложении
stick	A2	1550	Noun	палка		Stick to it.	Продолжайте это делать.	An elongated piece of wood or similar material, typically put to some use, for example as a wand or baton.	objects	многозначное слово, подтвердить перевод нечем (3 разных этимологий; части речи: Noun/Verb/Adjective)
joke	B1	2373	Noun	анекдот	шутка	He told jokes.	Он рассказывал анекдоты.	An amusing story.		категория не определилась (не определилась)
ladyship	C1	11907	Noun	светлость	милость; миледи; благородие	"Her ladyship will be unable to attend tonight," he said, with a wink because he hadn't said why.		Term of respect for a woman of the peerage without using her title.		пример: нет предложений в Tatoeba; категория не определилась (не определилась)
storyline	C2	31827	Noun			That film had a wonderful storyline, but the poor acting let it down.		The plot of a story; one of several within a story, usually interwoven.		нет русского перевода в Wiktionary; пример: нет предложений в Tatoeba; категория не определилась (не определилась)
part	A1	196	Noun	часть	доля	We did our part.	Мы свою часть сделали.	A portion; a component. A fraction of a whole.		категория не определилась (не определилась)
concern	B1	2375	Noun	забота		Tom feigned concern.	Том изобразил озабоченность.	That which affects one's welfare or happiness. A matter of interest to someone.		категория не определилась (не определилась)
scuba	C1	11908	Noun	акваланг	скуба			An apparatus carried by a diver, which includes a tank holding compressed.		пример: Tatoeba недоступна (offline: нет в кэше); категория не определилась (не определилась)
wassup	C2	31828	Interjection					What's up? (as a greeting).	communication	нет русского перевода в Wiktionary; пример: нет предложений в Tatoeba
state	A1	197	Noun	состояние	положение; статус	I am the state.	Государство — это я!	A condition; a set of circumstances applying at any given time.		пример иллюстрирует другое значение (части речи: Noun/Verb/Adjective); категория не определилась (не определилась)
neon	C1	11909	Noun		id=Q654 → неон; neon signs → неон	Neon is a noble gas.	Неон - благородный газ.	The chemical element (symbol Ne) with an atomic number of 10. The second of the noble gases, it is a colourless, odorless inert gas.		перевод не привязывается к значению — риск взять чужое; категория не определилась (не определилась)
babel	C2	31829	Noun					A confused noise made by a number of voices.		нет русского перевода в Wiktionary; пример: слово в примере — имя собственное; категория не определилась (не определилась)
guidance	B2	4278	Noun			I need guidance.	Мне нужна консультация.	The act or process of guiding.		нет русского перевода в Wiktionary; категория не определилась (не определилась)
airborne	C1	11910	Adjective			Airborne pollen can aggravate allergies.		In or carried by the air.	qualities	нет русского перевода в Wiktionary; пример: не для детей (в переводе): вирус
set	A1	200	Verb	класть	ставить; положить; поставить	Get set.	Будь готов!	To put (something) down, to rest.	actions	многозначное слово, подтвердить перевод нечем (5 разных этимологий; части речи: Verb/Noun/Adjective)
tion	B2	4281	Noun					A cross between a male tiger and a lioness.		нет русского перевода в Wiktionary; пример: нет предложений в Tatoeba; категория не определилась (не определилась)
lactose	C2	31831	Noun	лактоза				The disaccharide sugar of milk and dairy products, C12H22O11, a product of glucose and galactose used as a food and in medicinal compounds.	food	пример: Tatoeba недоступна (offline: нет в кэше)
read	A1	201	Verb	читать	прочитать	He read.	Он читал.	To look at and interpret letters or other information that is written.	actions	многозначное слово, подтвердить перевод нечем (2 разных этимологий)
faith	A2	1555	Noun	вера	уверенность	Faith moves mountains.	Вера двигает горы.	A trust or confidence in the intentions or abilities of a person, object, or ideal from prior empirical evidence.		категория не определилась (не определилась)
objective	B2	4282	Adjective		not influenced by irrational emotions or → объективный; based on observed fact, evidence; unbias → объективный	Be objective.	Будь объективен.	Of or relating to a material object, actual existence or reality.	qualities	перевод не привязывается к значению — риск взять чужое
manny	C1	11912	Noun			Manny wants to be a unicorn so girls will ride him.	Мэнни хочет стать единорогом, чтобы девушки смогли его оседлать.	A male nanny.		нет русского перевода в Wiktionary; категория не определилась (не определилась)
phone	A1	203	Noun	фона	фонема	Phone me.	Позвони мне.	A device for transmitting conversations and other sounds in real time across distances.	tech	многозначное слово, подтвердить перевод нечем (2 разных этимологий)
freedom	A2	1557	Noun	свобода	воля; вольность	I want freedom.	Я хочу свободы.	The state of being free.		категория не определилась (не определилась)
chocolate	B1	2384	Noun	шоколад		Chocolate is a very popular treat.		A food made from ground roasted cocoa beans.	food	пример: не для детей (в переводе): ад; многозначное слово, подтвердить перевод нечем (части речи: Noun/Adjective/Verb)
don	A1	205	Noun	пахан	пахан; дон			A university professor, particularly one at Oxford or Cambridge.	school	пример: слова нет в предложении; многозначное слово, подтвердить перевод нечем (3 разных этимологий)
ultrasonic	C2	31836	Adjective	ультразвуковой				Beyond (higher in frequency than) the range of sound perceptible to the human ear; with a frequency of 20 kilohertz or higher.	qualities	пример: нет предложений в Tatoeba
forthwith	C2	31837	Adverb	немедленно				Without delay; immediately.	qualities	пример: длина английского предложения
course	A1	209	Noun	последовательность	ход	Of course.	Конечно.	A sequence of events.		многозначное слово, подтвердить перевод нечем (2 разных этимологий; части речи: Noun/Verb/Adverb); категория не определилась (не определилась)
bleeding	B2	4293	Adjective	кровоточащий	истекающий кровью	They're bleeding.	У них кровотечение.	Losing blood.	qualities	многозначное слово, подтвердить перевод нечем (части речи: Verb/Adjective/Adverb/Noun)
garvey	C2	31838	Noun					A type of boat which was originally flat-bottomed, reminiscent of a sled, and historically sailed around New Jersey.		нет русского перевода в Wiktionary; пример: нет предложений в Tatoeba; категория не определилась (не определилась)
things	A1	210	Noun			Things break.	Вещи ломаются.	One's clothes, furniture, luggage, or possessions collectively; stuff.	travel	нет русского перевода в Wiktionary
supply	A2	1564	Verb	снабжать	поставлять; снабдить; поставить	Cows supply milk.	Коровы дают молоко.	To provide (something), to make (something) available for use.	actions	многозначное слово, подтвердить перевод нечем (2 разных этимологий; части речи: Verb/Noun/Adverb)
var	B1	2389	Noun					A unit of electrical power, in an AC circuit, equal to the power dissipated when 1 volt produces a current of 1 ampere.		нет русского перевода в Wiktionary; пример: нет предложений в Tatoeba; категория не определилась (не определилась)
labour	B2	4294	Noun	труд	работа	Labour created man.	Труд создал человека.	An effort expended on a particular task; toil, work.		категория не определилась (не определилась)
hetty	C1	11920	Noun					A heterosexual.		нет русского перевода в Wiktionary; пример: нет предложений в Tatoeba; категория не определилась (не определилась)
order	A1	211	Noun	порядок		He loves order.	Он любитель порядка.	Arrangement, disposition, or sequence.		категория не определилась (не определилась)
corner	A2	1565	Noun	угол	уголок	He turned the corner.	Он завернул за угол.	The point where two converging lines meet; an angle, either external or internal.		категория не определилась (не определилась)
morse	C1	11921	Noun					A clasp or fastening used to fasten a cope in the front, usually decorative.	objects	нет русского перевода в Wiktionary; пример: слово в примере — имя собственное
opie	C2	31840	Noun			The fisherman went out and caught some opies.		Short for opilio crab.		нет русского перевода в Wiktionary; пример: нет предложений в Tatoeba; категория не определилась (не определилась)
lie	A2	1567	Verb	лежать	полежать; лечь	They lie.	Они врут.	To rest in a horizontal position on a surface.	actions	многозначное слово, подтвердить перевод нечем (3 разных этимологий)
simon	B1	2393	Noun					Sixpence coin.		нет русского перевода в Wiktionary; пример: длина английского предложения; категория не определилась (не определилась)
wally	C1	11922	Noun					A large pickled gherkin or cucumber.		нет русского перевода в Wiktionary; пример: слова нет в предложении; категория не определилась (не определилась)
autopilot	C2	31841	Noun	автопилот		I set the autopilot to due south, so I could get some rest.		A mechanical, electrical, or hydraulic system used to guide a vehicle without assistance from a human being.	travel	пример: нет предложений в Tatoeba
left	A1	214	Adjective	левый		He left.	Он ушёл.	Designating the side of the body toward the west when one is facing north.	body	многозначное слово, подтвердить перевод нечем (3 разных этимологий; части речи: Adjective/Adverb/Noun/Verb)
honey	A2	1570	Noun	мёд		Sure honey.	Конечно, дорогая.	A sweet, viscous, gold-colored fluid produced from plant nectar by bees, and often consumed by humans.	nature	многозначное слово, подтвердить перевод нечем (части речи: Noun/Adjective/Verb)
folks	B1	2394	Noun			Howdy folks.	Здоро́во, ребята!	The members of one's immediate family, especially one's parents.	family	нет русского перевода в Wiktionary (вынесен на отдельную страницу)
metrics	C1	11923	Noun					The study of metrical verse.	school	нет русского перевода в Wiktionary; пример: длина английского предложения
open	A1	215	Adjective		not closed → открытый; prepared to conduct business → открытый; receptive → открытый; public → открытый; music: without any fingers pressing the  → открытый	Open it.	Открой её.	Physically unobstructed, uncovered, etc. Able to have something pass through or along it.	qualities	перевод не привязывается к значению — риск взять чужое
wisdom	B2	4302	Noun	мудрость		We love wisdom.	Мы любим мудрость.	An element of personal character that enables one to distinguish the wise from the unwise.		категория не определилась (не определилась)
titanium	C1	11924	Noun	титан		This airframe uses titanium alloys extensively.		A chemical element (symbol Ti), atomic number 22; it is a strong, corrosion-resistant transition metal.		пример: не для детей [страны и национальности]: italian; категория не определилась (не определилась)
mallard	C2	31843	Noun	обыкновенная кряква				Anas platyrhynchos, a common and widespread dabbling duck, natively found throughout the Northern Hemisphere.		пример: не для детей (в переводе): ад; категория не определилась (не определилась)
list	A1	217	Noun	кромка	кайма; каёмка	Make a list.	Составьте список.	A strip of fabric, especially from the edge of a piece of cloth.	objects	пример иллюстрирует другое значение (5 разных этимологий)
critical	B1	2397	Adjective	придирчивый		A good teacher is fair but critical.		Inclined to find fault or criticize.	character	пример: слова нет в предложении
donna	B2	4303	Noun			Donna was born with a silver spoon in her mouth.	Донна родилась с серебряной ложкой во рту.	A lady, especially a noblewoman; the title given to a lady in Italy.		нет русского перевода в Wiktionary; категория не определилась (не определилась)
case	A1	220	Noun	дело	случай	Case closed.	Дело закрыто.	An actual event, situation, or fact.		категория не определилась (не определилась)
password	A2	1576	Noun	пароль		Give the password.	Скажи пароль.	A word relayed to a person to gain admittance to a place or to gain access to information.		категория не определилась (не определилась)
ara	C2	31846	Noun					The great blue and yellow macaw (Ara ararauna).		нет русского перевода в Wiktionary; пример: нет предложений в Tatoeba; категория не определилась (не определилась)
end	A1	222	Noun		extreme part → конец/край/дально; death → смерть/конец; period in curling → энд	The end.	Это конец.	The terminal point of something in space or time.		перевод не привязывается к значению — риск взять чужое; категория не определилась (не определилась)
moon	A2	1577	Noun		id=Q405 → луна/месяц; id=Q2537 → спутник/луна/сателлит; month → месяц	The moon is waxing.	Луна растёт.	Any natural satellite of a planet.		перевод не привязывается к значению — риск взять чужое; категория не определилась (не определилась)
connected	B1	2401	Adjective			Everything is connected.	Всё взаимосвязано.	Having favorable rapport with a powerful entity.	qualities	нет русского перевода в Wiktionary
sie	C1	11928	Verb					To sink; fall; drop.	actions	нет русского перевода в Wiktionary; пример: нет предложений в Tatoeba
blubber	C2	31847	Verb	опухать				Often followed by out: to cry out (words) while sobbing. To wet (one's eyes or face) by crying; to beweep; also.	body	пример: нет предложений в Tatoeba; многозначное слово, подтвердить перевод нечем (3 разных этимологий; части речи: Verb/Noun/Adjective)
path	A2	1578	Noun	путь	тропа; тропинка; дорожка	The path is long.	Путь длинный.	A trail for the use of, or worn by, pedestrians.		категория не определилась (не определилась)
assistance	B1	2404	Noun	помощь	содействие; поддержка	I need assistance.	Мне нужна помощь.	Aid; help; the act or result of assisting.		категория не определилась (не определилась)
clamp	C1	11929	Noun		woodworking tool → зажим/хомут/струбцина; storage for agricultural produce → бурт/кагат	Ziri had a C-clamp in his hand.	Зири держал в руке струбцину.	A brace, band, or clasp for strengthening or holding things that are apart together.		перевод не привязывается к значению — риск взять чужое; категория не определилась (не определилась)
commercial	A2	1579	Noun	реклама		I love that commercial.	Обожаю эту рекламу.	An advertisement in a common media format, usually radio or television.		категория не определилась (не определилась)
pore	C2	31849	Noun	пора		I could sense the sweat dripping out of all my pores.		A tiny opening in the skin.	body	пример: длина английского предложения; многозначное слово, подтвердить перевод нечем (2 разных этимологий)
site	A1	226	Noun	местоположение	местонахождение; место; положение	This site is useful.	Этот сайт полезен.	The place where anything is fixed; situation; local position.	places	перевод примера относится к другому значению
capital	A2	1581	Noun	капитал	состояние; богатство	They visited the capital.	Они посетили столицу.	Money and wealth: the means to acquire or produce goods and services, especially in a non-barter system.	money	многозначное слово, подтвердить перевод нечем (2 разных этимологий)
fantasy	B1	2409	Noun	фантазия	воображение; вымысел	Fantasy is based on reality.	Фантастика основана на реальности.	That which comes from one's imagination or the act of imagining things.		категория не определилась (не определилась)
sedan	C1	11932	Noun	паланкин				An enclosed windowed chair suitable for a single occupant, carried by at least two porters, in equal numbers in front and behind.		пример: нет предложений в Tatoeba; многозначное слово, подтвердить перевод нечем (2 разных этимологий); категория не определилась (не определилась)
check	A1	230	Noun	проверка	контроль	Check that.	Проверьте это.	An inspection or examination.		категория не определилась (не определилась)
index	A2	1586	Noun	указатель	индекс	I use my index finger to point.	Я использую указательный палец, чтобы показывать.	An alphabetical listing of items and their location.		категория не определилась (не определилась)
johnny	B1	2410	Noun			He's a johnny-come-lately.	Он новенький.	An inexperienced new worker, usually an immigrant.		нет русского перевода в Wiktionary; категория не определилась (не определилась)
nur	C2	31852	Noun					Pronunciation spelling of knur.		нет русского перевода в Wiktionary; пример: нет предложений в Tatoeba; категория не определилась (не определилась)
away	A1	231	Adverb	прочь	вон; долой	Run away.	Убегай.	From a place, hence.	qualities	многозначное слово, подтвердить перевод нечем (2 разных этимологий; части речи: Adverb/Adjective/Verb)
treasurer	C1	11934	Noun	казначей				The government official in charge of the Treasury.	society	пример: слова нет в предложении
buckshot	C2	31853	Noun	картечь	дробь			Lead shot used in shotgun cartridges, made of larger pellets than birdshot and suitable for hunting larger game.	objects	пример: нет предложений в Tatoeba
topic	A2	1590	Noun	тема	предмет; топик	This topic is closed.	Тема закрыта.	A subject; a theme; a category or general area of interest.		категория не определилась (не определилась)
billion	B1	2413	Numeral	триллион		We're already 7 billion.	Нас уже семь миллиардов.	Either of two large amounts: a thousand million (logic: 1,000 × 1,000): 1 followed by nine zeros, 10.	linkers	перевод примера относится к другому значению
job	A1	234	Noun	работа	должность; занятие	Good job.	Отлично сделано!	An economic role for which a person is paid.	money	многозначное слово, подтвердить перевод нечем (2 разных этимологий)
ray	A2	1591	Noun	луч	излучение	The doctors are examining the X-ray.	Врачи смотрят на рентгеновский снимок.	A beam of light or radiation.		многозначное слово, подтвердить перевод нечем (5 разных этимологий); категория не определилась (не определилась)
arms	A2	1594	Noun			My arms ache.	У меня болят руки.	Weaponry, weapons.		нет русского перевода в Wiktionary; категория не определилась (не определилась)
freshen	C1	11937	Verb			Give me a minute to freshen up.	Дай мне минуту привести себя в порядок.	To become fresh. To be refreshed. To become cool. To become not salty, to lose its salinity.	change	нет русского перевода в Wiktionary
room	A1	237	Noun	возможность		There's room.	Место есть.	An opportunity or scope (to do something).	home	пример иллюстрирует другое значение (4 разных этимологий; части речи: Noun/Verb/Adjective/Adverb)
nelly	C1	11938	Noun					A person's life.	people	нет русского перевода в Wiktionary; пример: нет предложений в Tatoeba
line	A1	238	Noun	линия	черта; штрих	Get in line.	Встаньте в очередь.	A path through two or more points (compare ‘segment'); a continuous mark, including as made by a pen; any path, curved or straight.		пример иллюстрирует другое значение (4 разных этимологий); категория не определилась (не определилась)
shemale	B1	2421	Noun	шимейл	членодевка; шмель			A male-to-female transsexual or transgender person; a trans woman. A male or non-binary person with feminine characteristics; a femboy.		пример: нет предложений в Tatoeba; категория не определилась (не определилась)
office	A1	239	Noun	служба	обряд	Lock the office.	Запри офис.	A ceremonial duty or service, particularly: The authorized form of ceremonial worship of a church. Any special liturgy.	work	перевод примера относится к другому значению
metal	A2	1601	Noun		atomic element or material made of such  → металл/крушец; certain category of rock music → метал/металл	Lead is metal.	Свинец — это металл.	Chemical elements or alloys, their ores, and the mines where their ores come from.		перевод не привязывается к значению — риск взять чужое; категория не определилась (не определилась)
pizzeria	C2	31861	Noun	пиццерия	пиццерия	We went to a pizzeria today.	Мы сегодня ходили в пиццерию.	A restaurant that bakes and sells pizzas.		категория не определилась (не определилась)
mean	A1	241	Verb	собираться	намереваться	He's mean.	Он злой.	To intend. To intend, to plan (to do); to have as one's intention.	actions	многозначное слово, подтвердить перевод нечем (3 разных этимологий; части речи: Verb/Adjective/Noun)
mode	B1	2424	Noun	метод	методика; способ; лад	Do you use the modes of public transportation?	Пользуетесь ли вы общественным транспортом?	A particular means of accomplishing something.		многозначное слово, подтвердить перевод нечем (2 разных этимологий); категория не определилась (не определилась)
memorial	B2	4327	Noun		structure → мемориал/памятник; service → поминовение			Memory; recollection.	mind	перевод не привязывается к значению — риск взять чужое; пример: слова нет в предложении
familial	C2	31863	Adjective	семейный	фамильный	Mark had to leave work due to familial obligations.		Of or pertaining to a human family.	qualities	пример: слова нет в предложении
view	A1	245	Noun	вид		The view is lovely.	Вид прекрасный.	Visual perception. The act of seeing or looking at something.		категория не определилась (не определилась)
vacation	A2	1604	Noun		period of leisure time → отпуск/каникулы/отгул; official holiday period → каникулы; the act of vacating something; moving ou → освобождение/оставление; the act of making legally void → отмена	I am on vacation.	У меня каникулы.	An extended trip or journey away from home for rest or pleasure.	travel	перевод не привязывается к значению — риск взять чужое
que	B2	4329	Noun					The name of the Latin script letter Q/q. Alternative form of cue.		нет русского перевода в Wiktionary; пример: нет предложений в Tatoeba; категория не определилась (не определилась)
preacher	C1	11946	Noun	проповедник				Someone who preaches a worldview, philosophy, or religion.	people	пример: Tatoeba недоступна (offline: нет в кэше)
placer	C2	31865	Noun					One who places or arranges something.	people	нет русского перевода в Wiktionary; пример: нет предложений в Tatoeba
live	A1	248	Verb	жить	прожить	We live.	Мы живём.	To be alive; to have life.	nature	многозначное слово, подтвердить перевод нечем (2 разных этимологий; части речи: Verb/Adjective/Adverb)
musical	B1	2428	Adjective	музыкальный		musical proportion		Of, belonging or relating to music, or to its performance or notation.	art	пример: слова нет в предложении
extent	B2	4330	Noun	степень	объём; размер; мера	I trust him to some extent.	В определённой степени я ему доверяю.	A range of values or locations.		категория не определилась (не определилась)
manifest	C1	11947	Adjective	явный	очевидный	Some mothers need unhappy children; otherwise their maternal kindness cannot manifest.	Некоторым матерям нужны несчастные дети, иначе их материнская доброта не сможет проявиться.	Evident to the senses, especially to the sight; apparent; distinctly perceived.	qualities	многозначное слово, подтвердить перевод нечем (части речи: Adjective/Noun/Verb)
approach	A2	1606	Verb	подходить	приближаться; подойти; приблизиться	He approached.	Он приблизился.	To come or go near, in place or time; to move toward; to advance nearer; to draw nigh.	actions	многозначное слово, подтвердить перевод нечем (2 разных этимологий)
graham	B2	4335	Noun			Graham Greene is my favorite writer.	Грэм Грин - мой любимый писатель.	Flour made by grinding wheat berries including the bran.		нет русского перевода в Wiktionary; категория не определилась (не определилась)
environ	C1	11949	Adverb					In the neighbourhood; around.	city	нет русского перевода в Wiktionary (вынесен на отдельную страницу); пример: слова нет в предложении
impression	B2	4338	Noun	отпечаток		First impressions matter.	Первое впечатление очень важно.	The indentation or depression made by the pressure of one object on or into another.		перевод примера относится к другому значению; категория не определилась (не определилась)
heat	A2	1610	Noun	тепло	жар	Lightbulbs emit heat.	Лампочки излучают тепло.	Thermal energy.		категория не определилась (не определилась)
change	A1	255	Verb	изменяться	меняться; измениться	Change it.	Измени это.	To become something different.	change	перевод примера относится к другому значению
roger	B1	2434	Verb	понять	есть; принял	Roger that.	Понял.	To acknowledge by saying "roger".	actions	перевод есть только для другой части речи (Interjection вместо Verb); многозначное слово, подтвердить перевод нечем (2 разных этимологий)
clever	B2	4343	Adjective	искусный	ловкий; умелый	I'm clever.	Я умный.	Nimble with hands or body; dexterous; skillful; adept.	body	перевод примера относится к другому значению
knoll	C2	31871	Noun	холм	холмик; бугор; бугорок	grassy knoll		A small mound or rounded hill.		пример: нет предложений в Tatoeba; многозначное слово, подтвердить перевод нечем (3 разных этимологий); категория не определилась (не определилась)
perform	B1	2437	Verb		transitive: to do (something) → выполнять/проводить/выполнить; to do something in front of an audience → выступать/выполнять/играть	I love performing.	Я люблю выступать.	To do (something); to execute.	actions	перевод не привязывается к значению — риск взять чужое
pulpit	C2	31872	Noun	кафедра				A raised platform in a church, sometimes enclosed, where the minister or preacher stands when giving the sermon; also.		пример: нет предложений в Tatoeba; категория не определилась (не определилась)
general	A1	258	Adjective	общий				Including or involving every part or member of a given or implied entity, whole, etc.; common to all, universal.	qualities	пример: слова нет в предложении; многозначное слово, подтвердить перевод нечем (части речи: Adjective/Noun/Verb/Adverb)
thunder	B2	4345	Noun	гром		Thunder is preceded by lightning.		The loud rumbling, cracking, or crashing sound caused by expansion of rapidly heated air around a lightning bolt.		пример: не для детей [болезни и травмы]: crash; многозначное слово, подтвердить перевод нечем (2 разных этимологий); категория не определилась (не определилась)
start	A1	261	Noun	начало	старт	This started.	Это началось.	The beginning of an activity.		категория не определилась (не определилась)
guilty	B1	2439	Adjective	виновный	виноватый	He was guilty of cheating at cards.		Responsible for a dishonest act.	qualities	пример: не для детей (в переводе): вино
percy	C1	11957	Noun					A unit of Percocet.		нет русского перевода в Wiktionary; пример: нет предложений в Tatoeba; категория не определилась (не определилась)
haircare	C2	31877	Noun					The care and treatment of the hair.	health	нет русского перевода в Wiktionary; пример: нет предложений в Tatoeba
flash	A2	1615	Verb	вспыхивать	вспыхнуть	Here's a news flash.	Это срочное сообщение.	To cause to shine briefly or intermittently.	actions	многозначное слово, подтвердить перевод нечем (2 разных этимологий; части речи: Verb/Noun/Adjective)
hong	B1	2440	Verb			Hong Kong Island is a concrete jungle.	Остров Гонконг - бетонные джунгли.	Past of hang.	actions	нет русского перевода в Wiktionary
cafe	B2	4349	Noun			This cafe is cosy.	Это уютное кафе.	A convenience store, originally one that sold coffee and similar basic items.		нет русского перевода в Wiktionary (вынесен на отдельную страницу); категория не определилась (не определилась)
anything	A1	263	Noun	всё, что угодно	всё; что угодно; что-нибудь	Ask anything.	Спрашивай что угодно.	Someone or something of importance.	people	перевод есть только для другой части речи (Pronoun вместо Noun)
nuptial	C2	31879	Adjective	брачный				Of or pertaining to wedding and marriage.	qualities	пример: нет предложений в Tatoeba
roll	A2	1618	Verb	катить	катать	Roll the dice.	Бросай кости.	To revolve by turning over and over.	actions	многозначное слово, подтвердить перевод нечем (2 разных этимологий)
doctrine	C1	11961	Noun	доктрина	вера	The Incarnation is a basic doctrine of Christianity.		A belief or tenet, especially about philosophical or theological matters.	mind	пример: длина английского предложения
preferential	C2	31880	Adjective	льготный		Club members received preferential seating.		Of or relating to the showing or giving of preference.	qualities	пример: нет предложений в Tatoeba
everything	A1	267	Verb	всё		Wash everything.	Вымой всё.	Used as a placeholder verb to encapsulate a set of related verbs or any action.	actions	перевод есть только для другой части речи (Pronoun вместо Verb)
bartender	C1	11963	Noun	бармен	бармен; буфетчик; буфетчица			One who tends a bar or pub; a person preparing and serving drinks at a bar.	people	пример: не для детей (в переводе): арм
potential	A2	1620	Noun	потенциал	задатки	You have potential.	У тебя есть потенциал.	A currently unrealized ability (with the most common adposition being to).		категория не определилась (не определилась)
nail	B2	4357	Noun		on fingers and toes → ноготь; spike-shaped metal fastener used for joi → гвоздь	This is a nail.	Это гвоздь.	The horny plate or appendage at the ends of the digits of various animals, including most reptiles, birds, and mammals.	animals	перевод не привязывается к значению — риск взять чужое
stipulated	C2	31882	Adjective			It is stipulated that we should receive a month's vacation every year.	Предусмотрен ежегодный отпуск продолжительностью один месяц.	Required as a condition of a contract or agreement.	communication	нет русского перевода в Wiktionary
analytics	C1	11965	Noun	аналитика				The principles governing any of various forms of analysis.		пример: длина английского предложения; категория не определилась (не определилась)
vol	A2	1622	Noun					A heraldic symbol consisting of a pair of outstretched wings, often conjoined at their shoulders.		нет русского перевода в Wiktionary; пример: нет предложений в Tatoeba; категория не определилась (не определилась)
limit	B1	2448	Noun	предел	лимит; граница; ограничение	Calculate this one limit.	Посчитай-ка вот этот предел.	A restriction; a bound beyond which one may not go or proceed.		категория не определилась (не определилась)
toll	B2	4362	Noun	плата	сбор; пошлина	Time takes its toll.	Годы берут своё.	A fee paid for some liberty or privilege, particularly for the privilege of passing over a bridge or on a highway.	city	многозначное слово, подтвердить перевод нечем (5 разных этимологий)
assay	C1	11966	Noun	опыт	испытание			Trial, attempt.		пример: нет предложений в Tatoeba; категория не определилась (не определилась)
nothing	A1	272	Noun	ничтожество		No, nothing.	Нет, ничего.	Something trifling, or of no consequence or importance.		многозначное слово, подтвердить перевод нечем (части речи: Noun/Adverb/Adjective); категория не определилась (не определилась)
teen	A2	1624	Noun	бедствие	горе; несчастье	She knew the teen.	Она знала этого подростка.	A black teenager or a young black person.		многозначное слово, подтвердить перевод нечем (4 разных этимологий; части речи: Noun/Adjective/Verb); категория не определилась (не определилась)
mate	B1	2449	Noun	товарищ	напарник; напарница	Whatever you say, mate.	Как скажешь, дружище.	A fellow, comrade, colleague, partner or someone with whom something is shared, e.g. shipmate, classmate.		многозначное слово, подтвердить перевод нечем (4 разных этимологий); категория не определилась (не определилась)
libra	C2	31886	Noun			The wooden chair costs sixty libras.	Деревянный стул стоит шестьдесят фунтов.	A Roman unit of mass, usually equivalent to 327 g.		нет русского перевода в Wiktionary; категория не определилась (не определилась)
enforcement	B2	4364	Noun	принуждение				The act of enforcing; compulsion.	actions	пример: длина английского предложения
slack	C1	11968	Noun	слабина		Cut us some slack.	Будь к нам снисходительна.	The part of anything that hangs loose, having no strain upon it.		многозначное слово, подтвердить перевод нечем (5 разных этимологий; части речи: Noun/Adjective/Adverb/Verb); категория не определилась (не определилась)
gamma	B2	4365	Noun	гамма				The third letter of the Greek alphabet (Γ, γ), preceded by beta (Β, β) and followed by delta, (Δ, δ).		пример: не для детей [страны и национальности]: greek; категория не определилась (не определилась)
drought	C1	11970	Noun	засуха	засушливость; сушь	There'll be drought everywhere.	Повсюду будет царить засуха.	A period of unusually low rainfall, longer and more severe than a dry spell.		категория не определилась (не определилась)
stop	A1	276	Verb	останавливаться	остановиться	Stop coughing.	Перестань кашлять.	To cease moving.	actions	пример иллюстрирует другое значение (3 разных этимологий)
fault	A2	1630	Noun	вина		It is my fault.	Это моя вина.	Culpability; the responsibility for a blameworthy event.		категория не определилась (не определилась)
fee	B1	2452	Noun	взнос	гонорар; пошлина; плата	What's the admission fee?	Каков вступительный взнос?	An amount charged in return for permission to do something.		категория не определилась (не определилась)
kyle	B2	4366	Noun					A narrow arm or channel of the sea between an island and the mainland, or between two islands.	nature	нет русского перевода в Wiktionary; пример: нет предложений в Tatoeba
stopper	C2	31889	Noun			This stopper does not fit the bottle.	Эта пробка не подходит к бутылке.	Someone or something that stops something.	people	нет русского перевода в Wiktionary (вынесен на отдельную страницу)
newspaper	B1	2453	Noun	газета		She reads a newspaper.	Она читает газету.	A publication, usually published daily or weekly, containing news and other articles.		категория не определилась (не определилась)
phi	C1	11975	Noun	фи				Φ, the 21st letter of the Euclidean and modern Greek alphabet, usually romanized as "ph".		пример: нет предложений в Tatoeba; категория не определилась (не определилась)
bayonet	C2	31890	Noun	штык	багинет			A blade mounted to the end of a long gun, originally with a handle inserted into the bore, now usually attached underbarrel.		пример: не для детей [насилие и смерть]: kill; категория не определилась (не определилась)
despite	B1	2454	Noun	несмотря на	вопреки; наперекор; невзирая на	You came despite my ban.	Ты пришёл, несмотря на мой запрет.	Disdain, contemptuous feelings, hatred.		перевод есть только для другой части речи (Preposition вместо Noun); категория не определилась (не определилась)
carbon	B2	4370	Noun		id=Q623 → углерод; informal: a sheet of carbon paper → копирка; fossil fuel made of impure carbon → уголь; ecology: carbon dioxide → углекислый газ/углекислота/двуокись углерода	It's carbon or soot.	Это углерод или сажа.	The chemical element (symbol C) with an atomic number of 6. It can be found in pure form for example as graphite, a black.		перевод не привязывается к значению — риск взять чужое; категория не определилась (не определилась)
castle	B1	2460	Noun	замок		Destroy the castle.	Сломай за́мок.	A large residential building or compound that is fortified and contains many defences.		категория не определилась (не определилась)
identification	B2	4372	Noun	идентификация	опознавание; опознание; отождествление	You'll need a photograph of yourself for identification.	Вам потребуется фотография для удостоверения личности.	The act of identifying.	actions	перевод примера относится к другому значению
furnished	C1	11977	Adjective	снаряжённый	оборудованный; экипированный	The room is fully furnished.	Комната полностью обставлена мебелью.	Equipped with whatever is needed.	qualities	перевод примера относится к другому значению
feel	A1	280	Verb	чувствовать	трогать	Feel this.	Почувствуй это!	To use or experience the sense of touch. To become aware of through the skin; to use the sense of touch on.	body	многозначное слово, подтвердить перевод нечем (2 разных этимологий; части речи: Verb/Noun/Adjective/Adverb)
activity	A2	1640	Noun	деятельность	активность	Pit row was abuzz with activity.		The state or quality of being active; activeness.		пример: слова нет в предложении; категория не определилась (не определилась)
joy	B1	2461	Noun	радость	веселье	a child's joy on Christmas morning		A feeling of extreme happiness or cheerfulness, especially related to the acquisition or expectation of something good.	feelings	пример: не для детей (в переводе): ад
parser	C1	11978	Noun	анализатор				A computer program that parses.	tech	пример: нет предложений в Tatoeba
speedo	C2	31893	Noun					A speedometer, particularly one in a race car or other automobile.	travel	нет русского перевода в Wiktionary; пример: нет предложений в Tatoeba
loop	B2	4374	Noun	петля	петля	Keep us in the loop.	Держите нас в курсе.	A length of thread, line or rope that is doubled over to make an opening.		категория не определилась (не определилась)
existential	C2	31894	Adjective	экзистенциальный		an existential risk or threat		Of or relating to existence.	qualities	пример: не для детей (в переводе): ад
try	A1	284	Verb	пытаться	пробовать; стараться; попытаться	Nice try.	Хорошая попытка.	To attempt; to endeavour. Followed by infinitive.	actions	многозначное слово, подтвердить перевод нечем (2 разных этимологий; части речи: Verb/Noun/Adjective)
solo	B2	4378	Noun	соло		Charles Lindbergh made the first solo flight across the Atlantic Ocean in 1927.	Чарльз Линдберг совершил первый перелёт в одиночку через Атлантический океан в 1927 году.	A piece of music for one performer.	art	многозначное слово, подтвердить перевод нечем (части речи: Noun/Adjective/Adverb/Verb)
mailbag	C2	31897	Noun					A strong canvas bag used for the transportation of mail.	objects	нет русского перевода в Wiktionary; пример: нет предложений в Tatoeba
chic	C1	11983	Adjective	шикарный				Elegant, stylish.	qualities	пример: длина английского предложения; многозначное слово, подтвердить перевод нечем (2 разных этимологий)
yeah	A1	287	Noun		yes → ага/ага/угу; expressing joy → да!/ура!/э-гей!	Yeah, baby.	Да, детка.	Pronunciation spelling of year.	time	перевод есть только для другой части речи (Interjection/Particle вместо Noun); перевод не привязывается к значению — риск взять чужое
unsatisfactory	C2	31899	Adjective	неудовлетворительный				Inadequate, substandard or not satisfactory.	qualities	пример: не для детей (в переводе): вор
industrial	B1	2471	Adjective	промышленный	индустриальный; производственный	The industrial segment of the economy has seen troubles lately.		Of or relating to industry, notably manufacturing.	qualities	пример: не для детей (в переводе): ром
salle	C2	31901	Noun					A fencing school.	school	нет русского перевода в Wiktionary; пример: нет предложений в Tatoeba
spot	A2	1652	Noun	пятно		Go to your spot.	Иди на свое место.	A round or irregular patch on the surface of a thing having a different color, texture etc. and generally round in shape.	qualities	пример иллюстрирует другое значение (части речи: Noun/Verb/Adjective)
tear	B2	4386	Verb	рвать	разрывать; порвать; разорвать	Tear it up.	Порвите её.	To rend (a solid material) by holding or restraining in two places and pulling apart, whether intentionally or not; to destroy or separate.	actions	многозначное слово, подтвердить перевод нечем (2 разных этимологий)
pitch	B2	4387	Noun	смола		Pitch the ball.	Брось мяч.	A sticky, gummy substance secreted by trees; tree sap.	nature	многозначное слово, подтвердить перевод нечем (3 разных этимологий; части речи: Noun/Verb/Adjective)
point	A1	294	Noun	момент	миг	Fair point.	Справедливо.	A small dot or mark. Something tiny, as a pinprick; a very small mark.		многозначное слово, подтвердить перевод нечем (3 разных этимологий; значений: 18); категория не определилась (не определилась)
los	A2	1655	Noun			The los had been brought from a northern part of the United States.		A medium-sized wildcat, most of them part of the genus Lynx.	qualities	нет русского перевода в Wiktionary; пример: слово в примере — имя собственное
drummer	C1	11989	Noun	барабанщик	барабанщица	Tom is a drummer.	Том - ударник.	One who plays the drums.	people	многозначное слово, подтвердить перевод нечем (2 разных этимологий)
chlamydia	C2	31904	Noun	хламидия		Tom caught chlamydia from Mary.	Том подцепил от Марии хламидиоз.	Any of several common, often asymptomatic, sexually transmitted diseases caused by the microorganism Chlamydia trachomatis.		категория не определилась (не определилась)
second	A1	295	Adjective	второй		He was second.	Он был вторым.	Number-two; following after the first one with nothing between them. The ordinal number corresponding to the cardinal number two.	qualities	многозначное слово, подтвердить перевод нечем (3 разных этимологий; части речи: Adjective/Adverb/Noun/Verb)
maximum	B1	2475	Noun	максимум		That's the maximum.	Это максимум.	The highest limit.		категория не определилась (не определилась)
handwriting	C1	11990	Noun	собственноручная запись		She has bad handwriting.	У неё плохой почерк.	The act or process of writing done with the hand, rather than typed or word-processed.		перевод примера относится к другому значению; категория не определилась (не определилась)
sign	A1	296	Noun	признак		Sign it.	Подпиши его.	A visible fact that shows that something exists or may happen.	mind	многозначное слово, подтвердить перевод нечем (2 разных этимологий)
nine	A2	1660	Noun	девятка		Ring me after nine.	Позвони мне после девяти.	NATO & ICAO radiotelephony clear code (spelling-alphabet name) for the digit 9.		категория не определилась (не определилась)
rip	B2	4394	Verb	разрывать	рвать; порвать; разорвать	I heard my pants rip.	Я услышал, как у меня рвутся брюки.	To divide or separate the parts of (especially something flimsy, such as paper or fabric), by cutting or tearing.	actions	многозначное слово, подтвердить перевод нечем (4 разных этимологий)
physiology	C1	11992	Noun	физиология				A branch of biology that deals with the functions and activities of life or of living matter (as organs, tissues.	nature	пример: длина английского предложения
punishment	B2	4395	Noun	наказание	кара	Choose your punishment.	Выбери своё наказание.	The act (action) or process of punishing, imposing and/or applying a sanction.		категория не определилась (не определилась)
hard	A1	301	Adjective	твёрдый	крепкий; прочный	Try hard.	Сделай усилие.	Solid and firm. Resistant to pressure; difficult to break, cut, or penetrate.	qualities	многозначное слово, подтвердить перевод нечем (2 разных этимологий; части речи: Adjective/Adverb/Noun/Verb)
echo	B2	4396	Noun	отзвук	эхо; отголосок	Your eyes reflect the echo of my voice.	В твоих глазах отражаются отзвуки моего голоса.	A reflected sound that is heard again by its initial observer.		категория не определилась (не определилась)
hiccup	C1	11997	Noun	икота		I have hiccups.	У меня икота.	A spasm of the diaphragm, or the resulting sound.		категория не определилась (не определилась)
shareware	B2	4405	Noun	условно-бесплатное по				A type of software that is distributed without payment but is limited in any combination of functionality, availability, or convenience.	money	пример: Tatoeba недоступна (offline: нет в кэше)
square	A2	1670	Noun	квадрат		Now we're square.	Теперь мы в расчёте.	A polygon with four straight sides of equal length and four right angles; an equilateral rectangle; a regular quadrilateral.	city	многозначное слово, подтвердить перевод нечем (части речи: Noun/Adjective/Adverb/Verb)
disc	B2	4406	Noun			Insert the disc.	Вставьте диск.	A thin, flat, circular plate or similar object.	objects	нет русского перевода в Wiktionary (вынесен на отдельную страницу)
handler	C1	12001	Noun	отвечающий	несущий ответственность	The lion suddenly pounced on its handler.	Внезапно лев набросился на дрессировщика.	One who handles something (especially manually) or someone.	people	перевод примера относится к другому значению
once	A1	310	Adverb	один раз	однажды	Once again.	Ещё раз.	One and only one time.	qualities	многозначное слово, подтвердить перевод нечем (2 разных этимологий)
exaggeration	C2	31915	Noun	преувеличение				The act of heaping or piling up.	actions	пример: слова нет в предложении
oak	B2	4408	Noun	дуб		It's an oak tree.	Это дуб.	A deciduous tree with distinctive deeply lobed leaves, acorns, and notably strong wood, typically of England and northeastern North America.	nature	многозначное слово, подтвердить перевод нечем (части речи: Noun/Adjective/Verb)
barebone	C2	31916	Noun					A very lean person, especially one whose bones show through the skin.	body	нет русского перевода в Wiktionary; пример: нет предложений в Tatoeba
video	A1	312	Noun		television show, movie → видео; film clip → ролик/видеоклип/клип; motion picture stored on VHS → видео/видеофильм; VHS → видеокассета	It's a video.	Это видео.	Transient visual content or media, processed with technology, especially electronic.	tech	перевод не привязывается к значению — риск взять чужое
wake	A2	1673	Verb	просыпаться	пробуждаться; проснуться; пробудиться	Wake up.	Просыпайся!	To stop sleeping.	actions	многозначное слово, подтвердить перевод нечем (3 разных этимологий)
cooperation	B2	4409	Noun	сотрудничество	кооперация			The act of cooperating.	actions	пример: слова нет в предложении
association	A2	1675	Noun	объединение	соединение	The association has thirty members.	В ассоциации тридцать членов.	The act of associating.	actions	перевод примера относится к другому значению
jealousy	C1	12006	Noun	ревность	зависть	Jealousy made him do that.	Он поступил так из ревности.	A close concern for someone or something, solicitude, vigilance.		категория не определилась (не определилась)
leave	A1	315	Verb	оставлять	оставить	You leave.	Ты уходишь.	To have a consequence or remnant. To cause or allow (something) to remain as available.	actions	пример иллюстрирует другое значение (5 разных этимологий)
division	A2	1676	Noun	деление	раздел	The children haven't studied division yet.	Дети ещё не проходили деления.	The act or process of dividing anything.		категория не определилась (не определилась)
cabin	B2	4413	Noun	хижина	домик; лачуга	Ziri was alone in a cabin.	Зири был один в хижине.	A small dwelling characteristic of the frontier.		категория не определилась (не определилась)
flatline	C2	31922	Noun					An asystole; the absence of heart contractions or brain waves.		нет русского перевода в Wiktionary (вынесен на отдельную страницу); пример: нет предложений в Tatoeba; категория не определилась (не определилась)
script	B1	2501	Noun	скрипт	письмо	Can you write a script for me?	Можешь написать мне скрипт?	A writing; a written document.		категория не определилась (не определилась)
configure	B2	4416	Verb	конфигурировать	сконфигурировать	Users may configure the settings to enhance their experience.		To set up or arrange something in such a way that it is ready for operation for a particular purpose, or to someone's particular liking.	actions	пример: Tatoeba недоступна (offline: нет в кэше)
ariel	C1	12009	Noun					A kind of mountain gazelle, native to Arabia.	nature	нет русского перевода в Wiktionary; пример: нет предложений в Tatoeba
matrimony	C2	31923	Noun	брак	супружество; замужество			Marriage; the state of being married.	family	пример: длина английского предложения
someone	A1	325	Noun	кто-нибудь	кто-то; некто; кто-либо	Call someone.	Позвони кому-нибудь.	A partially specified but unnamed person.	people	перевод есть только для другой части речи (Pronoun вместо Noun)
choke	C1	12011	Verb	задыхаться	давиться; задохнуться; подавиться	Go choke!	Заткнись!	To be unable to breathe because of obstruction of the windpipe (for instance food or other objects that go down the wrong way.	food	многозначное слово, подтвердить перевод нечем (2 разных этимологий)
stay	A1	326	Verb	оставаться	останавливаться; остановиться; остаться	Stay seated.	Сидите-сидите.	To remain in a particular place, especially for a definite or short period of time; sojourn; abide.	actions	многозначное слово, подтвердить перевод нечем (4 разных этимологий; части речи: Verb/Noun/Adjective/Adverb)
ripper	C1	12012	Noun	зачёт				Something that rips something else.		пример: предложение не целое; многозначное слово, подтвердить перевод нечем (2 разных этимологий); категория не определилась (не определилась)
john	A1	328	Noun	нужник	сортир; толчок	John is sad.	Хуан грустный.	A prostitute's client.		категория не определилась (не определилась)
sight	B1	2507	Noun		something seen → вид; something worth seeing → достопримечательность/зрелище; device used in aiming a firearm → прицел	Keep out of sight.	Не показывайся на глаза.	The ability to see.		перевод не привязывается к значению — риск взять чужое; категория не определилась (не определилась)
detonation	C2	31930	Noun	детонация	взрыв	the detonation of gun cotton		An explosion or sudden report made by the near-instantaneous decomposition or combustion of unstable substances. Specifically.		пример: слова нет в предложении; категория не определилась (не определилась)
hang	A2	1685	Verb	висеть	повисеть	Hang up.	Положите трубку.	To be or remain suspended.	actions	многозначное слово, подтвердить перевод нечем (4 разных этимологий)
kent	B2	4423	Verb			Kent is a born leader.	Кент - прирождённый лидер.	To propel (a boat) using a pole.	actions	нет русского перевода в Wiktionary
cruiser	C1	12014	Noun	крейсер				A frigate or other vessel, detached from the fleet, to cruise independently in search of the enemy or its merchant ships.		пример: нет предложений в Tatoeba; категория не определилась (не определилась)
houlihan	C2	31931	Noun					A kind of lasso throw.		нет русского перевода в Wiktionary; пример: нет предложений в Tatoeba; категория не определилась (не определилась)
area	A1	330	Noun	площадь		That's her area.	Это её область.	A measure of the extent of a surface; it is measured in square units.	places	перевод примера относится к другому значению
pacific	B1	2511	Adjective	миролюбивый				Calm, peaceful.	qualities	пример: слово в примере — имя собственное
melanoma	C2	31933	Noun	меланома				A dark-pigmented, usually malignant tumor arising from a melanocyte and occurring most commonly in the skin.	body	пример: нет предложений в Tatoeba
recognize	B1	2512	Verb	узнавать	опознавать; узнать; опознать	I recognize you.	Я узнаю тебя.	To match (something or someone which one currently perceives) to a memory of some previous encounter with the same person or thing.	actions	многозначное слово, подтвердить перевод нечем (2 разных этимологий)
display	A2	1689	Noun	показ	шоу; представление; зрелище	She displayed her talents.	Она показала свои таланты.	A show or spectacle.		категория не определилась (не определилась)
joseph	B1	2513	Noun			Joseph was made captain.	Иосиф был назначен капитаном.	A woman's riding habit worn in the 18th century with a long cape and buttons running down the front.		нет русского перевода в Wiktionary; категория не определилась (не определилась)
lulu	C1	12019	Noun			Lulu is at home because she's sick.	Лулу дома, потому что она болеет.	A remarkable person, object, or idea.	mind	нет русского перевода в Wiktionary
mon	B1	2515	Noun					The former currency of Japan until 1870, before the yen.		нет русского перевода в Wiktionary; пример: слова нет в предложении; категория не определилась (не определилась)
destiny	B2	4427	Noun			That's my destiny.	Это моя судьба.	That to which any person or thing is destined.		нет русского перевода в Wiktionary; категория не определилась (не определилась)
gorilla	C1	12022	Noun	горилла		Your father is a gorilla.	Твой отец - горилла.	An ape of the genus Gorilla.		категория не определилась (не определилась)
reference	A2	1691	Noun	связь		I understood that reference.	Я понял эту отсылку.	A relationship or relation (to something).		перевод примера относится к другому значению; категория не определилась (не определилась)
mess	B1	2516	Noun	беспорядок	бардак; месиво; путаница	Excuse the mess.	Прости за беспорядок.	A thing or group of things in a disagreeable, disorganised, or dirty state; hence a bad situation.		категория не определилась (не определилась)
rayon	C2	31940	Noun					A manufactured regenerated cellulosic fiber.		нет русского перевода в Wiktionary (вынесен на отдельную страницу); пример: нет предложений в Tatoeba; категория не определилась (не определилась)
standby	C1	12024	Noun		state of readiness without immediate inv → готовность/состояние готовности; waiting at the airport in the hope of ge → ожидание			A replacement kept on standby.		перевод не привязывается к значению — риск взять чужое; пример: не для детей [страны и национальности]: japan; категория не определилась (не определилась)
zip	B1	2520	Noun	свист		Zip your lip.	Закрой варежку.	The high-pitched sound of a small object moving rapidly through air.	actions	многозначное слово, подтвердить перевод нечем (2 разных этимологий)
locator	C1	12026	Noun			I found the opening times for my local branch using the Web site's store locator.		One who, or that which, locates.	people	нет русского перевода в Wiktionary; пример: слова нет в предложении
team	A1	339	Noun	упряжка				A set of draught animals, such as two horses in front of a carriage.	animals	пример: не для детей (в переводе): кома; многозначное слово, подтвердить перевод нечем (2 разных этимологий)
organization	A2	1694	Noun	организация	организованность	This painting shows little organization at first glance, but little by little the structure becomes clear.		The quality of being organized.		пример: слова нет в предложении; категория не определилась (не определилась)
plumb	C2	31943	Noun					A little mass of lead, or the like, attached to a line, and used by builders, etc., to indicate a vertical direction.		нет русского перевода в Wiktionary; пример: длина английского предложения; категория не определилась (не определилась)
party	A1	340	Noun	сторона		Let's party.	Давайте устроим сабантуй.	A person or group of people constituting one side in a legal proceeding, such as in a legal action or a contract.	people	многозначное слово, подтвердить перевод нечем (2 разных этимологий; части речи: Noun/Verb/Adverb/Adjective)
pattern	B1	2522	Noun	образец	шаблон; модель; пример	I see a pattern.	Я вижу образец.	Model, example. Something from which a copy is made; a model or outline.		категория не определилась (не определилась)
genome	C1	12028	Noun	геном		Francis Collins describes the genome as the "book of life".	Фрэнсис Коллинз описывает геном как «книгу жизни».	The complete genetic information (either DNA or, in some viruses, RNA) of an organism.		категория не определилась (не определилась)
cowardice	C2	31946	Noun	трусость	трусливость; малодушие; боязливость	He was accused of cowardice.	Его обвинили в трусости.	Lack of courage.		категория не определилась (не определилась)
security	A1	341	Noun	безопасность	надёжность	Security before everything else.	Безопасность прежде всего.	The condition of not being threatened, especially physically, psychologically, emotionally, or financially.		категория не определилась (не определилась)
navigator	C1	12030	Noun	штурман	навигатор			A person who navigates.	people	пример: длина английского предложения
kind	A1	343	Noun	вид	разновидность; сорт; род	Be kind.	Будь добр.	A type, race or category; a group of entities that have common characteristics such that they may be grouped together.	character	многозначное слово, подтвердить перевод нечем (2 разных этимологий)
employment	B1	2526	Noun	работа	занятие; служба			The occupation or work for which one is used, and often paid.	people	пример: не для детей (в переводе): раб
honour	B2	4438	Noun			What an honour.	Какая честь!	British, Canadian, Commonwealth, and Ireland standard spelling of honor.		нет русского перевода в Wiktionary (вынесен на отдельную страницу); категория не определилась (не определилась)
purity	C1	12031	Noun	чистота		Purity is at best an approximation.	Чистота в лучшем случае может быть только приблизительной.	The state or degree of being pure.		категория не определилась (не определилась)
lifestyle	B2	4439	Noun	образ жизни	стиль жизни; лайфстайл	I lead an active lifestyle.	Я веду активный образ жизни.	A style of living that reflects the attitudes and values of a person or group.		категория не определилась (не определилась)
township	C1	12032	Noun	городок	посёлок; местечко			The territory of a town.	city	пример: нет предложений в Tatoeba
maybe	A1	348	Adverb		indicating a lack of certainty → может быть/возможно/наверное; as a pro-sentence → может быть/возможно	Maybe not.	Может, и нет.	Perhaps, possibly.	qualities	перевод не привязывается к значению — риск взять чужое
honor	A2	1701	Noun	честь	почтение	It was an honor.	Это было честью.	Recognition of importance or value; respect; veneration.		категория не определилась (не определилась)
yahoo	B1	2528	Noun					A rough, coarse, loud or uncouth individual.		нет русского перевода в Wiktionary; пример: длина английского предложения; категория не определилась (не определилась)
vintage	B2	4440	Noun	урожай		She sells a vintage hat.	Она продаёт старинную шляпу.	The yield of grapes or wine from a vineyard or district during one season.	city	многозначное слово, подтвердить перевод нечем (части речи: Noun/Adjective/Verb)
phenomena	C1	12033	Noun			These phenomena occur but rarely.	Такие явления редко происходят.	A phenomenon.		нет русского перевода в Wiktionary; категория не определилась (не определилась)
grade	A2	1705	Noun	оценка	отметка; балл	I got a good grade.	Я получил хорошую оценку.	Performance on a test or other evaluation(s), expressed by a number, letter, or other symbol; a score.		категория не определилась (не определилась)
tie	B1	2529	Noun		strong connection between people → связь/узы; sports: tie score → ничья/равный счёт; curved line connecting two notes of the  → лига	Nice tie.	Красивый галстук.	A knot; a fastening.		перевод не привязывается к значению — риск взять чужое; категория не определилась (не определилась)
atom	B2	4441	Noun	атом		Who first split the atom?	Кто впервые расщепил атом?	The smallest possible amount of matter which still retains its identity as a chemical element.		категория не определилась (не определилась)
triangulate	C2	31955	Verb	триангулировать				To locate by means of triangulation.	actions	пример: длина английского предложения; многозначное слово, подтвердить перевод нечем (2 разных этимологий)
adventure	B1	2530	Noun		encountering of risks → авантюра/приключение/похождение; remarkable occurrence → приключение/событие; mercantile or speculative enterprise of  → авантюра; adventure game → приключение/адвенчура; that which happens without design → приключение	I love adventure.	Я обожаю приключения.	A feeling of desire for new and exciting things.	feelings	перевод не привязывается к значению — риск взять чужое
unfavorable	C2	31956	Adjective			The verdict was unfavorable.	Вердикт был неблагоприятным.	US standard spelling of unfavourable.	qualities	нет русского перевода в Wiktionary
post	A1	359	Noun	столб		The post has come.	Почта пришла.	A long dowel or plank protruding from the ground; a fencepost; a lightpost.		пример иллюстрирует другое значение (6 разных этимологий; части речи: Noun/Verb/Adverb); категория не определилась (не определилась)
vic	B2	4446	Noun					A victim of a homicide.		нет русского перевода в Wiktionary; пример: нет предложений в Tatoeba; категория не определилась (не определилась)
document	A2	1714	Noun	документ		Touch a document.	Потрогайте документ.	An original or official paper used as the basis, proof, or support of anything else, including any writing, book.		категория не определилась (не определилась)
laundry	B2	4447	Noun	стирка		The laundry can wait.	Стирка может подождать.	A laundering; a washing.		категория не определилась (не определилась)
chapter	A2	1718	Noun	глава	раздел	Read chapter five.	Прочтите пятую главу.	One of the main sections into which a published work is divided, especially a book.		категория не определилась (не определилась)
preferably	C1	12042	Adverb	лучше	желательно; предпочтительно			In preference; by choice; in a preferable manner.	qualities	пример: слова нет в предложении
easy	A1	362	Adjective		requiring little skill or effort → лёгкий/простой; consenting readily to sex → податливый	It looks easy.	С виду всё просто.	Comfortable; at ease.	qualities	перевод не привязывается к значению — риск взять чужое
depreciation	C1	12043	Noun	амортизация	обесценивание			The state of being depreciated; disparagement.		пример: нет предложений в Tatoeba; категория не определилась (не определилась)
banshee	C2	31963	Noun	банши	банши; баньши; баньши			A female spirit, usually taking the form of a woman whose mournful wailing warns of an impending death.	actions	пример: нет предложений в Tatoeba
lab	A2	1720	Noun			The lab is empty.	В лаборатории пусто.	A laboratory.		нет русского перевода в Wiktionary (вынесен на отдельную страницу); категория не определилась (не определилась)
selection	B1	2538	Noun	выбор	отбор; селекция	The large number of good candidates made selection difficult.		The process or act of selecting.		пример: слова нет в предложении; категория не определилась (не определилась)
four	A1	365	Noun	четвёрка		It has four rooms.	В нём четыре комнаты.	NATO & ICAO radiotelephony clear code (spelling-alphabet name) for the digit 4.		категория не определилась (не определилась)
exciting	B1	2540	Adjective	волнующий	захватывающий; возбуждающий			Creating or producing excitement.	qualities	пример: не для детей (в переводе): захват; многозначное слово, подтвердить перевод нечем (части речи: Verb/Adjective/Noun)
archduke	C2	31969	Noun	эрцгерцог		World War I traditionally started with the assassination of Archduke Francis (Franz) Ferdinand.		The son or male-line grandson of an emperor of the Austro-Hungarian Empire.		пример: нет предложений в Tatoeba; категория не определилась (не определилась)
hole	A2	1725	Noun	впадина	яма	I dug a hole.	Я выкопал яму.	A hollow place or cavity; an excavation; a pit; a dent; a depression; a fissure.		многозначное слово, подтвердить перевод нечем (2 разных этимологий; части речи: Noun/Verb/Adjective); категория не определилась (не определилась)
mixer	C1	12049	Noun	смеситель	смешиватель	She bought a toaster, a coffeemaker, an egg cooker and a hand mixer.	Она купила тостер, кофеварку, яйцеварку и ручной миксер.	One who, or a device that, mixes or merges things together.	people	перевод примера относится к другому значению
jitter	C2	31970	Noun	дрожание	джиттер			A nervous action; a tic.		пример: не для детей (в переводе): ад; многозначное слово, подтвердить перевод нечем (2 разных этимологий); категория не определилась (не определилась)
switch	A2	1728	Noun	выключатель	переключатель; ключ	Switch it on.	Включи его.	A device to turn electric current on and off or direct its flow.	tech	многозначное слово, подтвердить перевод нечем (части речи: Noun/Verb/Adjective)
biological	B2	4455	Adjective	биологический				Of or relating to biology.	qualities	пример: слова нет в предложении
pornography	C1	12052	Noun	порнография	порнуха	Many websites have a complete ban on pornography.		The explicit literary or visual depiction of sexual subject matter; any display of material of an erotic nature.	objects	пример: не для детей (в переводе): порно
eighties	C2	31973	Noun	1980-ые годы	80-ые	It happened in the eighties.	Это произошло в восьмидесятые годы.	The decade of the 1880s, 1980s, etc.		категория не определилась (не определилась)
gain	B1	2548	Verb	получать	приобретать; приобрести; получить	He gained weight.	Он набрал вес.	To acquire possession of.	actions	многозначное слово, подтвердить перевод нечем (4 разных этимологий; части речи: Verb/Noun/Adjective/Adverb)
cookbook	C1	12054	Noun	поваренная книга	кулинарная книга	She read a cookbook last night.	Прошлой ночью она читала поваренную книгу.	A book or an encyclopedia of recipes and cookery tips.		категория не определилась (не определилась)
ago	A1	379	Adjective	тому назад	назад	It was ages ago.	Это было давным-давно.	Gone; gone by; gone away; passed; passed away.	qualities	перевод есть только для другой части речи (Postposition вместо Adjective)
goodness	B2	4458	Noun	доброта				The state or characteristic of being good.		пример: слова нет в предложении; категория не определилась (не определилась)
type	A1	380	Noun	тип	вид; род	Start typing.	Начинай писать.	A grouping based on shared characteristics; a class.		многозначное слово, подтвердить перевод нечем (части речи: Noun/Verb/Adverb); категория не определилась (не определилась)
permission	A2	1733	Noun	разрешение	позволение	We need permission.	Нам нужно разрешение.	Authorisation; consent (especially formal consent from someone in authority).		категория не определилась (не определилась)
sacrifice	B2	4459	Noun	жертвоприношение				Originally, the killing (and often burning) of a human being or an animal as an offering to a deity; later.	animals	пример: не для детей (в переводе): жертв; многозначное слово, подтвердить перевод нечем (2 разных этимологий)
claw	C1	12056	Noun	коготь		Don't let him claw you.	Не давай ему себя царапать.	A curved, pointed, horny projection on each digit of the foot of a mammal, reptile, or bird.	animals	многозначное слово, подтвердить перевод нечем (2 разных этимологий)
sorry	A1	381	Adjective		poor, regrettable → жалкий/плачевный; poor, regrettable → жаль/сожалеющий/огорчённый	No, sorry.	Нет, извини.	Regretful or apologetic for one's actions.	qualities	перевод не привязывается к значению — риск взять чужое
journal	A2	1735	Noun	дневник	судовой журнал; журнал	I keep a journal.	Я веду дневник.	A diary or daily record of a person, organization, vessel etc.; daybook.		категория не определилась (не определилась)
satellite	B1	2551	Noun	спутник	сателлит	The satellite is now in orbit.	Спутник сейчас на орбите.	A moon or other smaller body orbiting a larger one.		категория не определилась (не определилась)
thumbnail	B2	4461	Noun	ноготь большого пальца		I broke my thumbnail.	У меня сломался ноготь на большом пальце.	The fingernail on the thumb.		категория не определилась (не определилась)
aggression	C1	12057	Noun	агрессия	нападение			The act of initiating hostilities or invasion.	actions	пример: слова нет в предложении
hey	A1	382	Verb		exclamation to get attention → эй; protest or reprimand → эй/э; expression of surprise → ой/ух ты/ого; informal greeting → о/ку-ку; request for repetition or explanation → что/чо	Hey, guys.	Привет, друзья.	To greet with a "hey".	actions	перевод есть только для другой части речи (Interjection вместо Verb); перевод не привязывается к значению — риск взять чужое
option	A2	1737	Noun	вариант	опция; выбор; альтернатива	Choose the correct option.	Выбери правильный вариант.	One of a set of choices that can be made.		категория не определилась (не определилась)
dosage	C1	12058	Noun	доза	дозировка	What is the maximum dosage for an adult?	Какова максимальная доза для взрослого?	The administration of a medication etc, in a measured amount; dosing.		категория не определилась (не определилась)
footman	C2	31980	Noun					A soldier who marches and fights on foot; a foot soldier.		нет русского перевода в Wiktionary (вынесен на отдельную страницу); пример: нет предложений в Tatoeba; категория не определилась (не определилась)
novelty	C1	12059	Noun	новизна		Among the new ideas was one especially captivating in its novelty.	Среди новых идей была одна особенно подкупающая своей новизной.	The state of being new or novel; newness.		категория не определилась (не определилась)
feminization	C2	31981	Noun					The act of feminizing, or the state of being feminized.	actions	нет русского перевода в Wiktionary; пример: длина английского предложения
address	A1	384	Noun	ухаживание		Don't address them.	Не заговаривайте с ними.	Direction. Guidance; help. A polite approach made to another person.		многозначное слово, подтвердить перевод нечем (значений: 6); категория не определилась (не определилась)
useful	A2	1743	Adjective	полезный	пригодный; практичный; нелишний	prove useful		Having a practical or beneficial use.	qualities	пример: слова нет в предложении
plantation	C1	12060	Noun	плантация				A large farm; estate or area of land designated for agricultural growth. Often includes housing for the owner and workers.	home	пример: не для детей (в переводе): раб
surface	A2	1744	Noun	поверхность		This table's surface is smooth.	У этого стола ровная поверхность.	The external boundary of an object or body.		категория не определилась (не определилась)
programme	B1	2560	Noun			This programme is about penguins.	Эта программа о пингвинах.	UK, New Zealand, and India standard spelling of program.		нет русского перевода в Wiktionary (вынесен на отдельную страницу); категория не определилась (не определилась)
empty	A2	1746	Adjective	пустой	порожний	It's empty.	Он пуст.	Devoid of content; containing nothing or nobody; vacant.	qualities	многозначное слово, подтвердить перевод нечем (части речи: Adjective/Verb/Noun)
anna	B1	2564	Noun			Anna plays tennis well.	Анна хорошо играет в теннис.	A former Indian coin, being a 16th of a rupee.		нет русского перевода в Wiktionary; категория не определилась (не определилась)
blake	B2	4467	Adjective					Yellow, as butter or cheese.	qualities	нет русского перевода в Wiktionary; пример: слово в примере — имя собственное
oscar	B2	4470	Noun	глазчатый астронотус				A cichlid fish of species Astronotus ocellatus, native to South America, sometimes kept in aquariums.	animals	пример: длина английского предложения; многозначное слово, подтвердить перевод нечем (2 разных этимологий)
muddle	C2	31990	Verb	перепутать	спутать	You'll have to muddle through on your own.	Тебе придётся справляться самостоятельно.	To mix together, to mix up; to confuse.	actions	многозначное слово, подтвердить перевод нечем (2 разных этимологий)
human	A1	389	Adjective	человеческий	людской	I'm human.	Я человек.	Of or belonging to the species Homo sapiens or its closest relatives.	people	многозначное слово, подтвердить перевод нечем (части речи: Adjective/Noun/Verb)
album	A2	1748	Noun		book for photographs, stamps, or autogra → альбом; phonograph record (LP) → альбом; group of audio recordings on any media → альбом	Here's my album.	Вот мой альбом.	In Ancient Rome, a white tablet or register on which the praetor's edicts and other public notices were recorded.	society	перевод не привязывается к значению — риск взять чужое
dungeon	C1	12065	Noun	темница	склеп; подземелье	Lock him up in the dungeon!	Заточить его в темницу!	An underground prison or vault, typically built underneath a castle.		категория не определилась (не определилась)
objectivity	C2	31991	Noun	объективность		maintain objectivity		The state of being objective, just, unbiased, and not influenced by irrational emotions or personal prejudices.		пример: слова нет в предложении; категория не определилась (не определилась)
procedure	B1	2568	Noun	процедура	метод; методика	I know the procedure.	Я знаю процедуру.	A particular method for performing a task.		категория не определилась (не определилась)
bit	A1	391	Noun	кусок		It bit me.	Он меня укусил.	A small amount of something.		многозначное слово, подтвердить перевод нечем (3 разных этимологий; части речи: Noun/Verb/Adjective); категория не определилась (не определилась)
meter	B2	4476	Noun		measuring instrument → счётчик/измеритель; rhythm of poetry → размер/ритм	Read the meter.	Сними показания счётчика.	A device that measures things. A parking meter or similar device for collecting payment.	money	перевод не привязывается к значению — риск взять чужое
annex	C1	12067	Noun	прибавка	дополнение	The United States annexed Texas in 1845.	Соединённые Штаты аннексировали Техас в 1845 году.	An addition, an extension.		многозначное слово, подтвердить перевод нечем (2 разных этимологий); категория не определилась (не определилась)
relation	B2	4478	Noun	отношение	зависимость; связь	Relations have soured.	Отношения были испорчены.	The manner in which two things may be associated.		категория не определилась (не определилась)
true	A1	393	Adjective	истина	верный; истинный; правдивый	So true.	Как это верно!	Conforming to the actual state of reality or fact; factually correct.	qualities	многозначное слово, подтвердить перевод нечем (2 разных этимологий; части речи: Adjective/Adverb/Noun/Verb)
mac	A2	1755	Noun			Mac is loved by everyone.	Мака любят все.	A person of Scottish descent.	people	нет русского перевода в Wiktionary (вынесен на отдельную страницу)
palm	B1	2572	Noun	ладонь	долонь; длань	I greased Tom's palm.	Я подмазал Тома.	Any of various evergreen trees from the family Palmae or Arecaceae, which are mainly found in the tropics.	family	многозначное слово, подтвердить перевод нечем (2 разных этимологий)
config	B2	4479	Noun					Configuration.		нет русского перевода в Wiktionary; пример: нет предложений в Tatoeba; категория не определилась (не определилась)
consequent	C2	31995	Adjective	итоговый	результирующий	His retirement and consequent spare time enabled him to travel more.		Following as a result, inference, or natural effect.	qualities	пример: слова нет в предложении
south	A1	398	Noun	юг	зюйд; полдень	Head south.	Направляйся на юг.	The direction towards the pole to the right-hand side of someone facing east, specifically 180°, or.	body	многозначное слово, подтвердить перевод нечем (части речи: Noun/Adjective/Adverb/Verb)
prestige	C1	12071	Noun	престиж	авторитет	Our prestige is at stake.	На кону стоит наш престиж.	The quality of how good the reputation of something or someone is, how favourably something or someone is regarded.		категория не определилась (не определилась)
dol	C2	31996	Noun					The unit of measurement for pain.		нет русского перевода в Wiktionary; пример: нет предложений в Tatoeba; категория не определилась (не определилась)
category	A2	1761	Noun	категория		Choose a category.	Выберите категорию.	A group, often named or numbered, to which items are assigned based on similarity or defined criteria.		категория не определилась (не определилась)
feature	B1	2575	Noun		important or main item → особенность/свойство/признак; long, prominent article or item in the m → фельетон; one of the physical constituents of the  → черта лица/черта; computing: beneficial capability of a pi → функция/фича	It's a feature, not a bug.	Это не баг, а фича.	One's structure or make-up: form, shape, bodily proportions.	objects	перевод не привязывается к значению — риск взять чужое
express	A2	1762	Adjective	скорый	скоростной; срочный; высокоскоростной	Words express thoughts.	Слова выражают мысли.	Moving or operating quickly, as a train not making local stops.	actions	многозначное слово, подтвердить перевод нечем (2 разных этимологий; части речи: Adjective/Noun/Adverb/Verb)
identity	B1	2576	Noun	тождественность	идентичность	Prepare your identity card.	Приготовьте удостоверение личности.	Sameness, identicalness; the quality or fact of (several specified things) being the same.		перевод примера относится к другому значению; категория не определилась (не определилась)
panic	B2	4486	Noun	паника		Don't panic.	Не паникуй.	Overwhelming fear or fright, often affecting groups of people or animals; an instance of this; a fright, a scare.		категория не определилась (не определилась)
alphabetical	C1	12074	Adjective	алфавитный				Pertaining to, furnished with, or expressed by letters of the alphabet.	qualities	пример: слова нет в предложении
multipurpose	C2	31999	Adjective	многоцелевой				Designed or intended to fit more than one type of function or application; having multiple uses.	qualities	пример: нет предложений в Tatoeba
child	A1	401	Noun	дочерний		Yes, my child.	Да, дитя моё.	A person who has not yet reached adulthood, whether natural (puberty), cultural (initiation), or legal (majority).	people	пример иллюстрирует другое значение (2 разных этимологий)
youth	A2	1763	Noun	молодость	юность	My youth is over.	Моя молодость прошла.	The quality or state of being young.		категория не определилась (не определилась)
mystery	B1	2577	Noun	тайна	загадка	The mystery deepens.	Тайна сгущается.	Something secret or unexplainable; an unknown.		категория не определилась (не определилась)
examination	B2	4487	Noun	проверка	исследование; рассмотрение	He passed the examination.	Он сдал экзамен.	The act of examining.	actions	перевод примера относится к другому значению
citation	C1	12075	Noun	вызов	повестка			An official summons or notice given to a person to appear.	communication	пример: нет предложений в Tatoeba
reprogram	C2	32000	Verb			It took me several hours to reprogram it.	Мне потребовалось несколько часов, чтобы его перепрограммировать.	To program anew or differently.	actions	нет русского перевода в Wiktionary
sample	A2	1767	Noun	образец	проба; экземпляр	This is a free sample.	Это бесплатный образец.	A part or snippet of something taken or presented for inspection, or shown as evidence of the quality of the whole; a specimen.		категория не определилась (не определилась)
dword	C2	32001	Noun					A numerical value of twice the magnitude of a word.		нет русского перевода в Wiktionary; пример: Tatoeba недоступна (offline: нет в кэше); категория не определилась (не определилась)
pocket	A2	1772	Noun	карман	кармашек			A bag stitched to an item of clothing, used for carrying small items.	clothes	пример: не для детей (в переводе): арм; многозначное слово, подтвердить перевод нечем (части речи: Noun/Verb/Adjective)
speakerphone	C2	32003	Noun					A telephone with a microphone and loudspeaker separate from those in the handset.		нет русского перевода в Wiktionary; пример: не для детей (в переводе): ром; категория не определилась (не определилась)
arm	A2	1773	Noun	рука		Relax your arm.	Расслабь свою руку.	The portion of the upper human appendage, from the shoulder to the wrist and sometimes including the hand.	body	многозначное слово, подтвердить перевод нечем (3 разных этимологий; части речи: Noun/Verb/Adjective)
mid	B2	4492	Adjective			He didn't take a mid-day nap.	Он не спал днём.	Occupying a middle position; middle.	qualities	нет русского перевода в Wiktionary (вынесен на отдельную страницу)
respectable	C1	12081	Adjective	уважаемый	почтенный; респектабельный	His accomplishments, morals, loyalty, and stature make him a respectable person.		Deserving respect.	qualities	пример: слова нет в предложении
tony	A2	1775	Adjective			Tony was happy.	Тони был счастлив.	Stylish, high-toned, upscale.	qualities	нет русского перевода в Wiktionary
sheet	B1	2585	Noun	фанера		Fold the bed sheet.	Сложи простыню.	A thin bed cloth used as a covering for a mattress or as a layer over the sleeper.	objects	многозначное слово, подтвердить перевод нечем (2 разных этимологий)
least	A1	409	Adjective	наименьший		At least try it.	Хотя бы попробуй.	Chiefly preceded by the: superlative form of little: most little.	qualities	перевод есть только для другой части речи (Determiner вместо Adjective); многозначное слово, подтвердить перевод нечем (2 разных этимологий; части речи: Adjective/Adverb/Noun)
grab	B1	2590	Verb	захватывать (внимание)		Grab him.	Хватай его.	To grip suddenly; to seize; to clutch.	actions	пример иллюстрирует другое значение (2 разных этимологий)
outstanding	B2	4494	Adjective		standing out from others → выдающийся/незаурядный/знаменитый; distinguished from others by its superio → выдающийся/незаурядный/знаменитый; projecting outwards → выдающийся/выступающий/торчащий; not settled or finished → невыполненный/незаконченный; owed as a debt → неуплаченный/неоплаченный	That's outstanding.	Это заметно.	Prominent or noticeable; sovereign.	qualities	перевод не привязывается к значению — риск взять чужое
former	A2	1780	Noun	первый		Tom is former FBI.	Том — бывший сотрудник ФБР.	The first of aforementioned two items.		пример иллюстрирует другое значение (2 разных этимологий); категория не определилась (не определилась)
larry	B1	2591	Noun			Larry Ewing is married.	Ларри Эвинг женат.	A confused noise; an uproar; a hubbub.		нет русского перевода в Wiktionary; категория не определилась (не определилась)
fun	A1	412	Noun	забава	потеха; веселье; развлечение	He's fun.	Он забавный.	Amusement, enjoyment or pleasure.		категория не определилась (не определилась)
commission	A2	1782	Noun	поручение	миссия	A commission!	Комиссия!	A sending or mission (to do or accomplish something).		пример иллюстрирует другое значение (2 разных этимологий); категория не определилась (не определилась)
narrator	B2	4499	Noun		in story → рассказчик/рассказчица/повествователь; in film and television → диктор/дикторша	We can't see who the narrator is.	Непонятно, кто рассказчик.	One who narrates or tells stories.	people	перевод не привязывается к значению — риск взять чужое
decker	C1	12088	Noun			I've never been on a double-decker bus.	Я никогда не был в двухэтажном автобусе.	One who, or that which, decks or adorns; a coverer.	people	нет русского перевода в Wiktionary
blam	C2	32011	Noun			He kicked in the door with a blam.		A sudden, explosive sound, such as is made by a gunshot.		нет русского перевода в Wiktionary; пример: нет предложений в Tatoeba; категория не определилась (не определилась)
watch	A1	415	Noun	наручные часы	часы	Watch it.	Будь осторожен.	A portable or wearable timepiece.		многозначное слово, подтвердить перевод нечем (2 разных этимологий); категория не определилась (не определилась)
tavern	C1	12090	Noun	таверна	бар; кабак; трактир	The wooden tavern door flew off its hinges.	Деревянная дверь таверны слетела с петель.	A restaurant or bar.		категория не определилась (не определилась)
cookie	B2	4501	Noun	печенье		Take a cookie.	Возьми печенье.	A small, flat, baked good which is either crisp or soft but firm.		категория не определилась (не определилась)
unsuspecting	C2	32015	Adjective			The cat sneaked up on the unsuspecting bird.	Кошка подкралась к ничего не подозревающей птице.	Not suspecting; without any suspicion.	qualities	нет русского перевода в Wiktionary
prince	A2	1786	Noun	принц	князь	He's a prince.	Он принц.	A (male) ruler, a sovereign; a king, monarch.		категория не определилась (не определилась)
governor	B1	2599	Noun	губернатор		The governor was furious.	Губернатор был в ярости.	The chief executive officer of a first-level administrative division of a country.		категория не определилась (не определилась)
disgrace	C1	12095	Noun	позор	бесчестие; срам; срамота	It's a disgrace.	Это позор.	The condition of being out of favor; loss of favor, regard, or respect.		категория не определилась (не определилась)
wave	B1	2600	Verb	развеваться	виться	Let's wave.	Давай помашем.	To move back and forth repeatedly and somewhat loosely.	actions	многозначное слово, подтвердить перевод нечем (3 разных этимологий)
dry	A2	1791	Adjective	сухой		Dry your head.	Высуши голову.	Free from or lacking moisture.	qualities	многозначное слово, подтвердить перевод нечем (части речи: Adjective/Noun/Verb)
exact	B1	2601	Adjective	точный		The clock keeps exact time.		Precisely agreeing with a standard, a fact, or the truth; perfectly conforming; neither exceeding nor falling short in any respect.	mind	пример: слова нет в предложении; многозначное слово, подтвердить перевод нечем (части речи: Adjective/Verb/Adverb)
omelet	C2	32021	Noun			I can't even cook an omelet.	Я даже омлет не могу приготовить.	US standard spelling of omelette.		нет русского перевода в Wiktionary; категория не определилась (не определилась)
critiquer	C2	32022	Noun					One who critiques.	people	нет русского перевода в Wiktionary; пример: длина английского предложения
light	A1	424	Noun	свет		Light is life.	Свет — это жизнь.	Electromagnetic radiation in the wavelength range visible to the human eye (about 400–750 nanometers): visible light.		категория не определилась (не определилась)
lookout	C1	12101	Noun	наблюдательный пункт	атанда; атас	Carlos was always on the lookout for new talent to join his company.	Карлос всегда был в поиске новых талантов для своей компании.	A vantage point with a view of the surrounding area.		категория не определилась (не определилась)
gambit	C2	32023	Noun	гамбит		Her clever gambit gave her an advantage.		An opening in chess in which material is sacrificed to gain an advantage.	objects	пример: длина английского предложения
center	A1	427	Noun	центр	середина; средина	The center is an ideal.	Центр — идеал.	The point in the interior of a circle that is equidistant from all points on the circumference.		категория не определилась (не определилась)
firm	A2	1796	Noun	фирма		Be gentle, but firm.	Будьте вежливы, но тверды.	A business partnership; the name under which it trades.		многозначное слово, подтвердить перевод нечем (3 разных этимологий; части речи: Noun/Adjective/Adverb/Verb); категория не определилась (не определилась)
emperor	B2	4508	Noun	император	царь	I am the emperor of Earth.	Я император Земли.	The male monarch or ruler of an empire.		категория не определилась (не определилась)
slash	C1	12102	Noun	слеш	слэш; косая черта; косая	I'll slash your tires!	Я порежу тебе шины!	A slashing action or motion: A swift, broad cutting stroke, especially one made with an edged weapon or whip.		многозначное слово, подтвердить перевод нечем (4 разных этимологий; части речи: Noun/Verb/Adverb); категория не определилась (не определилась)
method	A2	1800	Noun	метод	способ; приём; метода	That's my method.	Это мой метод.	A process by which a task is completed; a way of doing something (followed by the adposition of.		категория не определилась (не определилась)
module	B2	4509	Noun	модуль		A module is said to be semisimple if it is the sum of simple submodules.	Модуль называется вполне приводимым, если он разлагается в прямую сумму неприводимых подмодулей.	A self-contained component of a system, often interchangeable, which has a well-defined interface to the other components.		категория не определилась (не определилась)
glycol	C2	32026	Noun					Any aliphatic diol.		нет русского перевода в Wiktionary; пример: нет предложений в Tatoeba; категория не определилась (не определилась)
myrtle	C1	12105	Noun	мирт				An evergreen shrub or small tree of the genus Myrtus, native to southern Europe and north Africa.	nature	пример: нет предложений в Tatoeba
silica	C2	32027	Noun	кремнезём				Silicon dioxide.		пример: нет предложений в Tatoeba; категория не определилась (не определилась)
adobe	B1	2610	Noun	саман		Many people in Texas and New Mexico live in adobe houses.		An unburnt brick dried in the sun.		пример: латиница в переводе; категория не определилась (не определилась)
welcome	A1	432	Adjective	желанный		Welcome back.	С возвращением.	Whose arrival is a cause of joy; received with gladness; admitted willingly to the house, entertainment, or company.	home	многозначное слово, подтвердить перевод нечем (части речи: Adjective/Noun/Verb)
girlfriend	B1	2611	Noun	девушка	подружка; возлюбленная; гёрлфренд	My girlfriend cried.	Моя девушка плакала.	A female partner in an unmarried romantic relationship.		категория не определилась (не определилась)
landscape	B2	4514	Noun	ландшафт	пейзаж	I like this landscape.	Этот ландшафт мне нравится.	A portion of land or territory as defined by its landform, its geographical (and architectural) features.		категория не определилась (не определилась)
iso	C1	12107	Noun					Quarantine measures in order to mitigate the spread of communicable diseases, such as Covid-19.		нет русского перевода в Wiktionary; пример: нет предложений в Tatoeba; категория не определилась (не определилась)
far	A1	434	Adjective	далёкий	дальний	Far out.	Странно.	Distant; remote in space.	qualities	многозначное слово, подтвердить перевод нечем (3 разных этимологий; части речи: Adjective/Adverb/Verb/Noun)
minutes	A1	435	Noun	протокол		Five minutes passed.	Прошло минут пять.	The official notes kept during a meeting.		категория не определилась (не определилась)
doc	A2	1805	Noun			What's up, doc?	Что нового, доктор?	A document, especially (in professional jargon) a piece of technical documentation or legal evidence.	society	нет русского перевода в Wiktionary
spray	B2	4517	Noun	водяная пыль	брызги	The police used pepper spray and batons.	Полиция применяла перцовый газ и дубинки.	A fine, gentle, dispersed mist of liquid.	objects	многозначное слово, подтвердить перевод нечем (2 разных этимологий)
haw	C2	32032	Verb					To stop, in speaking, with a sound like haw; to speak with interruption and hesitation.	communication	нет русского перевода в Wiktionary (вынесен на отдельную страницу); пример: нет предложений в Tatoeba
tons	B2	4518	Noun			I have tons of debt.	У меня куча долгов.	Lots; large quantities or numbers (of people or things).		нет русского перевода в Wiktionary; категория не определилась (не определилась)
monastery	C1	12111	Noun	монастырь		A monastery once stood here.	Когда-то здесь стоял монастырь.	A residence for monks or others who have taken religious vows.		категория не определилась (не определилась)
playtime	C2	32033	Noun					Time for play or diversion.		нет русского перевода в Wiktionary; пример: нет предложений в Tatoeba; категория не определилась (не определилась)
guy	A1	438	Noun	парень	юноша; молодой человек; мужчина	Hi, guys.	Привет, ребята.	An effigy of a man burned on a bonfire on the anniversary of the Gunpowder Plot (5th November).		многозначное слово, подтвердить перевод нечем (2 разных этимологий); категория не определилась (не определилась)
piano	B1	2617	Noun	пианино	фортепиано; рояль	The piano in his house takes up a lot of space.		A percussive keyboard musical instrument, usually ranging over seven octaves, with white and black colored keys.	objects	пример: Tatoeba недоступна (offline: нет в кэше); многозначное слово, подтвердить перевод нечем (2 разных этимологий; части речи: Noun/Verb/Adverb/Adjective)
dent	C1	12114	Noun	вмятина		The car is dented.	Машина помята.	A shallow deformation in the surface of an object, produced by an impact.		многозначное слово, подтвердить перевод нечем (2 разных этимологий); категория не определилась (не определилась)
auctioneer	C2	32036	Noun	аукционист	аукционистка			An individual who conducts an auction on behalf of a vendor, accepting bids to find the best price for the vendor.	people	пример: длина английского предложения
york	A1	440	Verb					To bowl a yorker at a batsman, especially to get a batsman out in this way.	actions	нет русского перевода в Wiktionary; пример: слово в примере — имя собственное
legs	A2	1813	Noun			Lift your legs.	Подними ноги.	Viscous streaks left on the inside of the glass when certain wines are swirled around before tasting.		нет русского перевода в Wiktionary; категория не определилась (не определилась)
regard	B2	4522	Noun		concern for another → внимание/забота/уважение; aspect; detail → взгляд	Best regards.	С уважением.	A steady look, a gaze.		перевод не привязывается к значению — риск взять чужое; категория не определилась (не определилась)
sponge	C1	12115	Noun	губка		A sponge absorbs water.	Губка впитывает воду.	Any of various marine invertebrates of the phylum Porifera, that have a porous skeleton often of silica.		категория не определилась (не определилась)
drum	B2	4523	Noun	барабан	бубен	He's playing the piano and she's playing the drums!		A percussive musical instrument spanned with a thin covering on at least one end for striking, forming an acoustic chamber; a membranophone.	objects	пример: не для детей (в переводе): раб; многозначное слово, подтвердить перевод нечем (4 разных этимологий)
institutional	C1	12118	Adjective	институциональный				Of, pertaining to, characteristic of, or organized along the lines of an institution.	qualities	пример: слова нет в предложении
ovation	C2	32038	Noun	овация	бурные аплодисменты	The audience gave him an ovation for ten minutes.	Аудитория устроила ему десятиминутную овацию.	A victory ceremony of less importance than a triumph.		категория не определилась (не определилась)
able	A1	442	Adjective		permitted to → в состоянии/способный; skillful → способный/умелый; legally qualified → компетентный/полноправный	He's very able.	Он очень способный.	Having the necessary powers or the needed resources to accomplish a task.	qualities	перевод не привязывается к значению — риск взять чужое
hundred	A2	1816	Noun		hundred-dollar (-euro, etc.) bill → сотня/сотенная/сторублёвка; historical: administrative division → сотня	One hundred percent.	Сто процентов.	NATO, ICAO, ITU & IMO radiotelephony clear code (spelling-alphabet name) for 00.		перевод не привязывается к значению — риск взять чужое; категория не определилась (не определилась)
cass	C1	12119	Verb					To render moot or void; to annul; to reject.	actions	нет русского перевода в Wiktionary; пример: нет предложений в Tatoeba
shitter	C2	32039	Noun	серун	сруль; засеря; засранец			One who defecates.	people	пример: нет предложений в Tatoeba; многозначное слово, подтвердить перевод нечем (2 разных этимологий)
son	A1	445	Noun	сын		Call my son.	Позвони моему сыну.	One's male offspring.	family	многозначное слово, подтвердить перевод нечем (3 разных этимологий)
turn	A1	447	Verb	вращаться	вертеться; крутиться; поворачиваться	Your turn.	Твоя очередь.	To make a non-linear physical movement. To move about an axis through itself.	change	многозначное слово, подтвердить перевод нечем (2 разных этимологий)
setup	B2	4529	Noun	установка		It's a setup.	Это ловушка.	Equipment designed for a particular purpose; an apparatus.		категория не определилась (не определилась)
uncontrolled	C2	32045	Adjective					Not controlled; not under control.	qualities	нет русского перевода в Wiktionary; пример: длина английского предложения
blame	B1	2630	Noun	вина		I blame you.	Я виню тебя.	Culpability for something negative or undesirable.		многозначное слово, подтвердить перевод нечем (2 разных этимологий; части речи: Noun/Verb/Adjective); категория не определилась (не определилась)
circle	B1	2631	Noun	круг	окружность	Draw a circle.	Нарисуйте круг.	A two-dimensional geometric figure, a line, consisting of the set of all those points in a plane that are equally distant from a given point.		категория не определилась (не определилась)
revealed	B2	4534	Adjective			She revealed the secret.	Она выболтала тайну.	Of or pertaining to the revelations of a divinity to humankind.	qualities	нет русского перевода в Wiktionary
hoo	C1	12132	Noun					An uttering of the cry 'hoo'.		нет русского перевода в Wiktionary; пример: нет предложений в Tatoeba; категория не определилась (не определилась)
national	A1	453	Adjective	национальный	народный; государственный	a national assembly · on the front page of every national newspaper		Pertaining to a nation or country, especially as a whole; affecting, shared by, or existing throughout all of a nation; the state.	society	пример: слова нет в предложении
error	A2	1832	Noun		mistake → ошибка; statistics: difference between a measure → погрешность/отклонение	Syntax error.	Синтаксическая ошибка.	The state, quality, or condition of being wrong.		перевод не привязывается к значению — риск взять чужое; категория не определилась (не определилась)
pilot	B1	2632	Noun		controller of aircraft → лётчик/лётчица/пилот; steerer → штурман/кормчий; person who helps navigate the harbor or  → лоцман; sample TV series episode → пилот	I'm a pilot.	Я пилот.	A person who steers a ship, a helmsman.	people	перевод не привязывается к значению — риск взять чужое
dilemma	C1	12134	Noun	дилемма		I face a dilemma.	Я столкнулся с дилеммой.	A circumstance in which a choice must be made between two or more alternatives that seem equally undesirable.		категория не определилась (не определилась)
threat	B1	2636	Noun	угроза		It's not a threat.	Это не угроза.	An expression of intent to injure or punish another.		категория не определилась (не определилась)
pit	B2	4537	Noun	яма		I dug a pit.	Я выкопал яму.	A hole in the ground.		многозначное слово, подтвердить перевод нечем (4 разных этимологий); категория не определилась (не определилась)
brio	C2	32050	Noun	живость				Vigour or vivacity.		пример: нет предложений в Tatoeba; категория не определилась (не определилась)
landlady	C1	12137	Noun	хозяйка	домовладелица	This is the landlady.	Это хозяйка квартиры.	A female landlord.		категория не определилась (не определилась)
starfish	C2	32051	Noun	морская звезда				Any of various echinoderms (not in fact fish) with usually five arms, many of which eat bivalves or corals by everting their stomach.	animals	пример: длина английского предложения
alignment	C1	12138	Noun	выравнивание		Select an alignment.	Выберите мировоззрение.	An arrangement of items in a line.		категория не определилась (не определилась)
competitive	B2	4540	Adjective	конкурентный				Of or pertaining to competition.	sports	пример: слова нет в предложении
hold	A1	461	Verb	держать		Hold it.	Держи.	To grasp or grip.	actions	многозначное слово, подтвердить перевод нечем (3 разных этимологий; части речи: Verb/Noun/Adjective)
background	A2	1840	Noun	происхождение	образование; подготовка; бэкграунд	The background color is black.	Цвет фона — чёрный.	One's social heritage, or previous life; what one did in the past.	society	многозначное слово, подтвердить перевод нечем (2 разных этимологий; части речи: Adjective/Noun/Verb)
permalink	B1	2642	Noun					A permanent (unchanging) link to an individual blog entry or news item on the World Wide Web.		нет русского перевода в Wiktionary; пример: нет предложений в Tatoeba; категория не определилась (не определилась)
tribe	B2	4541	Noun	племя	род	The tribe foraged for berries.	Племя занималось поиском ягод.	An ethnic group larger than a band or clan.		категория не определилась (не определилась)
min	B1	2644	Noun	мин		Far min hjelpte meg med leksene.	Отец помог мне с уроками.	Memory; remembrance.	mind	многозначное слово, подтвердить перевод нечем (6 разных этимологий; части речи: Noun/Adjective/Verb)
board	A1	463	Noun	доска		Go on board.	Поднимайся на борт.	A relatively long, wide and thin piece of any material, usually wood or similar, often for use in construction or furniture-making.	home	пример иллюстрирует другое значение (2 разных этимологий)
tech	A2	1842	Noun			You'll have to call tech support.	Тебе придётся позвонить в техподдержку.	Technology businesses or the technology industry, especially in the field of computing and the Internet.	tech	нет русского перевода в Wiktionary
phase	B1	2645	Noun	фаза		The first phase is over.	Первый этап окончен.	A distinguishable part of a sequence or cycle occurring over time.		многозначное слово, подтвердить перевод нечем (3 разных этимологий); категория не определилась (не определилась)
isabella	C1	12143	Noun					A pale grey-yellow, fawn, cream-brown or parchment colour.	qualities	нет русского перевода в Wiktionary; пример: слово в примере — имя собственное
hope	A1	464	Verb	надеяться	уповать	They are hoping it does not rain, but I expect it will.		To want (something) to happen, with a sense of expectation that it might.	mind	пример: не для детей (в переводе): ад; многозначное слово, подтвердить перевод нечем (4 разных этимологий)
plane	A2	1843	Adjective	плоский	ровный	Take a plane.	Лети самолётом.	Of a surface: flat or level.	travel	многозначное слово, подтвердить перевод нечем (4 разных этимологий; части речи: Adjective/Noun/Verb)
seizure	C1	12146	Noun	захват	взятие силой; взятие	I had a seizure.	У меня был сердечный приступ.	Senses related to possession The act of taking possession, as by force or right of law.	society	перевод примера относится к другому значению
months	A1	469	Noun			It took months.	На это ушло несколько месяцев.	A person's period; menstrual discharge.	people	нет русского перевода в Wiktionary
theatre	B1	2649	Noun			I go to the theatre.	Я иду в театр.	A cinema; movie theatre.	art	нет русского перевода в Wiktionary (вынесен на отдельную страницу)
ability	A2	1850	Noun		quality or state of being able → возможность/способность; a skill or competence → способность/умение	He overestimated his ability.	Он переоценил свои возможности.	Suitableness.		перевод не привязывается к значению — риск взять чужое; категория не определилась (не определилась)
comfort	B1	2652	Noun	удобство	комфорт; уют	Comfort Tom.	Утешь Тома.	Contentment, ease.		многозначное слово, подтвердить перевод нечем (2 разных этимологий); категория не определилась (не определилась)
becker	C1	12150	Noun					A European fish, Pagrus pagrus.	animals	нет русского перевода в Wiktionary; пример: слово в примере — имя собственное
cheers	B1	2657	Verb	за ваше здоровье	за твоё здоровье; будем здоровы; ваше здоровье			To say "cheers" as a toast (to someone).	communication	перевод есть только для другой части речи (Interjection вместо Verb); пример: слова нет в предложении
enforce	C1	12151	Verb			It's too difficult to enforce.	Это слишком сложно контролировать.	To keep up, impose or bring into effect something, not necessarily by force.	actions	нет русского перевода в Wiktionary
hardback	C1	12152	Noun			The girl was carrying several books, not textbooks but thick hardback books.	Девочка несла несколько книг — не учебников, а толстых книг в твёрдом переплёте.	A book with a solid binding.		нет русского перевода в Wiktionary; категория не определилась (не определилась)
bye	A2	1857	Noun	пока	бай-бай; чао; увидеться	Bye, mother.	Пока, мам.	An extra scored when the batsmen take runs after the ball has passed the striker without hitting either the bat or the batsman.	actions	перевод есть только для другой части речи (Interjection вместо Noun)
suite	B1	2660	Noun	свита				A group or train of attendants, servants etc.; a retinue.		пример: слова нет в предложении; категория не определилась (не определилась)
amber	B2	4557	Noun		fossil resin → янтарь; colour → янтарный; traffic light colour → жёлтый (свет)	Amber is fossilized resin.	Янтарь — окаменевшая смола.	Ambergris, the waxy product of the sperm whale. Formerly thought to be the product of a plant.	nature	перевод не привязывается к значению — риск взять чужое
overwhelmed	C1	12153	Adjective			I was overwhelmed.	Я был поражён.	Emotionally overpowered.	qualities	нет русского перевода в Wiktionary
lock	A2	1859	Noun	замок	запор; затвор	Lock it.	Запри его.	Something used for fastening, which can only be opened with a key or combination.	objects	многозначное слово, подтвердить перевод нечем (3 разных этимологий)
code	A1	477	Noun	код		I know Morse code.	Я знаю азбуку Морзе.	A short textual designation, often with little relation to the item it represents.		многозначное слово, подтвердить перевод нечем (2 разных этимологий); категория не определилась (не определилась)
defence	B2	4559	Noun			Fever is one of the body's defence mechanisms.	Температура - это один из защитных механизмов организма.	The action of defending, of protecting from attack, danger or injury.	health	нет русского перевода в Wiktionary (вынесен на отдельную страницу)
estimated	B2	4560	Adjective			We estimated the damage at $1,000.	Мы оценили ущерб в тысячу долларов.	That is an estimate.	qualities	нет русского перевода в Wiktionary
granite	C1	12156	Noun	гранит		The washbasin is made of granite.	Умывальник из гранита.	A group of igneous and plutonic rocks composed primarily of feldspar and quartz. Usually contains one or more dark minerals.		категория не определилась (не определилась)
marga	C2	32074	Noun					The canon of established forms of classical music, dance etc., as opposed to modern or regional developments.	art	нет русского перевода в Wiktionary; пример: нет предложений в Tatoeba
commander	B1	2669	Noun	командир	военачальник; полководец; коммандер			One who exercises control and direction of a military or naval organization.	people	пример: слова нет в предложении
cum	B2	4561	Noun	сперма	семя; молофья; конча	Her face was covered with cum.	Её лицо было покрыто спермой.	Female ejaculatory discharge.		категория не определилась (не определилась)
pulp	C1	12157	Noun	мякоть	пульпа	I prefer orange juice without pulp.	Я предпочитаю апельсиновый сок без мякоти.	A soft, moist, shapeless mass or matter. A mixture of wood.		категория не определилась (не определилась)
adam	A2	1865	Noun					The day or night before an eve; two days or nights before a holiday, most commonly Christmas.	time	нет русского перевода в Wiktionary; пример: не для детей (в переводе): ад
twenty	B1	2670	Noun	двадцатка		She looks like she's in her early twenties, perhaps 21 or 22 years old?		The numbers twenty (20) to twenty-nine (29).		пример: не для детей (в переводе): ад; категория не определилась (не определилась)
spook	C2	32076	Noun	призрак		I didn't mean to spook you.	Я не хотел вас пугать.	A ghost or phantom.		категория не определилась (не определилась)
elements	B1	2671	Noun			Iron and oxygen are elements.	Железо и кислород - химические элементы.	The weather, such as wind or rain; environmental conditions considered as a source of danger, wear, etc.	weather	нет русского перевода в Wiktionary
referee	C1	12159	Noun	арбитр	судья; рефери; ампайр	I'm a soccer referee.	Я футбольный арбитр.	An umpire or judge; an official who makes sure the rules are followed during a game.		категория не определилась (не определилась)
cleary	C2	32079	Noun					A clear marble (sphere used in games), usually colored, but without decoration or design.		нет русского перевода в Wiktionary; пример: нет предложений в Tatoeba; категория не определилась (не определилась)
zone	A2	1870	Noun		area distinguished on the basis of a par → зона/пояс/район; religion: belt worn by priests in the Gr → пояс	I'm in the zone.	Я в ударе.	Each of the five regions of the earth's surface into which it was divided by climatic differences, namely the torrid zone.		перевод не привязывается к значению — риск взять чужое; категория не определилась (не определилась)
bang	B1	2672	Noun	удар	треск; бах; бабах	Don't bang the door shut.	Не хлопай дверью.	A sudden percussive noise.		многозначное слово, подтвердить перевод нечем (2 разных этимологий; части речи: Noun/Verb/Adverb); категория не определилась (не определилась)
screener	C2	32080	Noun					One who, or that which, screens. A person employed to filter the mined coal through a metal screen to remove impurities.	people	нет русского перевода в Wiktionary; пример: нет предложений в Tatoeba
chicken	A2	1873	Noun		bird → цыплёнок/курица/петух; meat → курятина; coward → трус/трусиха/трусишка	Chicken, please.	Цыплёнка, пожалуйста.	A domesticated subspecies of red junglefowl (Gallus gallus domesticus).		перевод не привязывается к значению — риск взять чужое; категория не определилась (не определилась)
adviser	C1	12163	Noun					One who advises.	people	нет русского перевода в Wiktionary (вынесен на отдельную страницу); пример: слова нет в предложении
act	A1	487	Noun	действие	акт; поступок; дело	Act immediately.	Действуйте немедленно.	Something done, a deed.		категория не определилась (не определилась)
trackback	B1	2676	Noun					A method to keep track of links to content, especially blog entries.	actions	нет русского перевода в Wiktionary; пример: нет предложений в Tatoeba
intercourse	C1	12166	Noun	общение				Communication, conversation.	communication	пример: не для детей [болезни и травмы]: injury
adsorption	C2	32084	Noun	адсорбция				The adhesion of a liquid or gas on the surface of a solid material, forming a thin film on the surface.	art	пример: нет предложений в Tatoeba
silk	B2	4569	Noun	шёлк		We sell silk.	Мы продаём шёлк.	A fine fiber excreted by the silkworm or other arthropod (such as a spider).		категория не определилась (не определилась)
knob	C1	12168	Noun	ручка	выпуклость	I turned the knob.	Я повернул ручку двери.	A rounded protuberance, especially one arising from a flat surface; a fleshy lump or caruncle.		категория не определилась (не определилась)
pictures	A1	489	Noun			No pictures.	Фотографии нет.	Cinema, movie theatre.	art	нет русского перевода в Wiktionary
hunting	B1	2678	Noun	охота		I'm hunting.	Ищем.	The act of finding and killing a wild animal, either for sport or with the intention of using its parts to make food, clothes, etc.	animals	многозначное слово, подтвердить перевод нечем (2 разных этимологий)
maze	C1	12169	Noun	лабиринт		This place is a maze.	Это место — лабиринт.	A labyrinth; a puzzle consisting of a complicated network of paths or passages, the aim of which is to find one's way through.		категория не определилась (не определилась)
card	A1	490	Noun		resource or an argument, used to achieve → карта/козырь; flat, normally rectangular piece of stif → карточка/карта; list of scheduled events → план	Pick a card.	Возьмите карту.	A playing card.		перевод не привязывается к значению — риск взять чужое; категория не определилась (не определилась)
edge	A2	1883	Noun	край	грань; кромка	The edge has dulled.	Лезвие затупилось.	The boundary line of a surface.		перевод примера относится к другому значению; категория не определилась (не определилась)
sake	B1	2679	Noun	причина		Let's have sake.	Давай выпьем саке.	Cause, interest or account.		многозначное слово, подтвердить перевод нечем (2 разных этимологий); категория не определилась (не определилась)
acceptance	B2	4572	Noun	получение		the acceptance of a gift, office, doctrine, etc.		The act of accepting; the receiving of something offered, with acquiescence, approbation, or satisfaction; especially.	actions	пример: слова нет в предложении
wallop	C2	32087	Noun	сильный удар		That brand of tequila really packs a wallop.	Эта марка текилы хорошо ударяет в голову.	A heavy blow, a punch.		многозначное слово, подтвердить перевод нечем (2 разных этимологий); категория не определилась (не определилась)
warm	A2	1885	Adjective	тёплый		Keep warm.	Одевайтесь потеплее.	Of a somewhat high temperature, often but not always connoting that the high temperature is pleasant rather than uncomfortable.	weather	многозначное слово, подтвердить перевод нечем (2 разных этимологий; части речи: Adjective/Verb/Noun)
tips	A2	1887	Noun			Tips are pooled.	Чаевые пополам.	Tag (a popular children's chasing game).		нет русского перевода в Wiktionary; категория не определилась (не определилась)
customize	B2	4576	Verb	модифицировать				To build or alter according to personal preferences or specifications.	actions	пример: слова нет в предложении
seemingly	C1	12175	Adverb					As it appears; apparently.	qualities	нет русского перевода в Wiktionary (вынесен на отдельную страницу); пример: слова нет в предложении
front	A1	499	Noun	передняя часть	перед	The front door is locked.	Передняя дверь заперта.	The foremost side of something or the end that faces the direction it normally moves.		категория не определилась (не определилась)
feedback	A2	1889	Noun	обратная связь	отзыв; отклик; оценка	Feedback is welcomed.	Обратная связь приветствуется.	Critical assessment of a process or activity or of their results.		категория не определилась (не определилась)
communicate	B2	4578	Verb	сообщать	уведомлять; сообщить; уведомить	How do they communicate?	Как они общаются?	To impart. To impart or transmit (information or knowledge) to someone; to make known, to tell.	communication	многозначное слово, подтвердить перевод нечем (2 разных этимологий)
click	A1	500	Noun	щёлканье	щелчок	Click here.	Нажмите здесь.	A brief, sharp, not particularly loud.		многозначное слово, подтвердить перевод нечем (5 разных этимологий); категория не определилась (не определилась)
ellen	B2	4579	Noun			Ellen likes to play tennis, too.	Элен тоже любит играть в теннис.	Strength; courage.		нет русского перевода в Wiktionary; категория не определилась (не определилась)
randy	B2	4580	Adjective			If you're feeling randy, give me a call and I'll come round and give you some hot lovin'.		Sexually aroused; full of sexual lust.	qualities	нет русского перевода в Wiktionary (вынесен на отдельную страницу); пример: нет предложений в Tatoeba
markup	C1	12179	Noun	наценка	надбавка; маржа	You don't make much money selling gas because the markup is so low.		The percentage or amount by which a seller hikes up their buy-in price when determining their selling price.	money	пример: латиница в переводе
file	A1	504	Noun	дело	папка; досье; пачка	File not found.	Файл не найден.	A collection of papers collated and archived together.		пример иллюстрирует другое значение (4 разных этимологий); категория не определилась (не определилась)
pima	C2	32096	Noun					A soft form of cotton having long fibres (Gossypium barbadense).		нет русского перевода в Wiktionary; пример: нет предложений в Tatoeba; категория не определилась (не определилась)
following	A1	505	Adjective	следующий		See the following section.		Coming next, either in sequence or in time.	qualities	пример: слова нет в предложении; многозначное слово, подтвердить перевод нечем (части речи: Adjective/Noun/Verb)
dave	A2	1894	Verb			Dave has your money.	Твои деньги - у Дава.	To assuage; soften; mitigate; relieve; calm; alleviate (pain).	actions	нет русского перевода в Wiktionary
taker	C2	32097	Noun			Are you a risk-taker?	Ты часто рискуешь?	One who takes something.	people	нет русского перевода в Wiktionary
basement	B2	4586	Noun	подвал	цокольный этаж; подвальный этаж	This is a basement.	Это подвал.	A floor of a building below ground level. Ellipsis of semi-basement, a floor mostly below grade.		категория не определилась (не определилась)
mail	A1	511	Noun		postal delivery system → почта; organisation → почта; parcels and letters → почта/корреспонденция; electronic mail → электронная почта/почта/мыло; armour consisting of metal rings or plat → кольчуга	You have mail.	Тебе письмо.	A bag or wallet.	objects	перевод не привязывается к значению — риск взять чужое
depression	B2	4587	Noun	впадина	воронка	I have depression.	У меня депрессия.	A period of low morale or unhappiness.		перевод примера относится к другому значению; категория не определилась (не определилась)
daniel	A2	1899	Noun			Daniel is too young.	Дэниэл слишком молод.	The buttocks.		нет русского перевода в Wiktionary; категория не определилась (не определилась)
madison	B2	4589	Noun					A track cycling relay race in which team members take turns while racing round the track for the largest number of laps.		нет русского перевода в Wiktionary; пример: слово в примере — имя собственное; категория не определилась (не определилась)
absence	B2	4591	Noun	отсутствие	отлучка	He excused his absence.	Он оправдывал своё отсутствие.	The period of someone being away.		категория не определилась (не определилась)
sultan	C1	12191	Noun	султан		A sultan had three sons.	У султана было три сына.	The holder of a secular office, formally subordinate to, but de facto the power behind the throne of, the caliph.		категория не определилась (не определилась)
product	A1	516	Noun	произведение		The product is good.	Продукт хороший.	Anything that is produced; a result.		перевод примера относится к другому значению; категория не определилась (не определилась)
nick	A2	1902	Noun	щербина	зазубрина	Nick owes me ten dollars.	Ник должен мне десять долларов.	A small cut in a surface. A particular place or point considered as marked by a nick; the exact point or critical moment.	time	многозначное слово, подтвердить перевод нечем (3 разных этимологий)
imagination	B2	4592	Noun	воображение		I lack imagination.	Мне не хватает воображения.	The image-making power of the mind.		категория не определилась (не определилась)
geum	C2	32106	Noun					Any of the genus Geum of perennial herbaceous plants.	nature	нет русского перевода в Wiktionary; пример: нет предложений в Tatoeba
transmembrane	C2	32107	Adjective					Traversing a cellular membrane.	qualities	нет русского перевода в Wiktionary; пример: нет предложений в Tatoeba
listen	A1	518	Verb		to pay attention to a sound → слушать/послушать; to expect or wait for a sound → слушать; to accept advice or obey instruction → слушать/слушаться; to hear (something) → слышать/услышать	I listen.	Я слушаю.	To use one's sense of hearing and auditory cognition in an intentional way.	actions	перевод не привязывается к значению — риск взять чужое
speech	A2	1907	Noun		vocal communication → речь/дар речи/говор; an oration, session of speaking → речь/выступление/спич; reported speech → косвенная речь	I made a speech.	Я произнёс речь.	The ability to speak; the faculty of uttering words or articulate sounds and vocalizations to communicate.	communication	перевод не привязывается к значению — риск взять чужое
uncategorized	C1	12195	Adjective			We have all the uncategorized error reports to go through, figure out who they go to and fix.		Not having been sorted into a category.	qualities	нет русского перевода в Wiktionary; пример: нет предложений в Tatoeba
unsettling	C2	32108	Adjective	тревожащий		There's an unsettling stillness in the street.	На улице необычайно тихо.	That makes one troubled or uneasy; disquieting or distressing.	qualities	многозначное слово, подтвердить перевод нечем (части речи: Adjective/Noun/Verb)
fire	A1	520	Noun	огонь	очаг; костёр	Hold fire.	Прекратите огонь!	A (usually self-sustaining) chemical reaction involving the bonding of oxygen with carbon or other fuel.		категория не определилась (не определилась)
thor	C1	12197	Adverb					They're (they are).	qualities	нет русского перевода в Wiktionary; пример: нет предложений в Tatoeba
settlement	B2	4603	Noun		the state of being settled → урегулирование/удовлетворение/решение; newly established colony → поселение/колония/посёлок; community of people living together; pop → населённый пункт	It's the name of a settlement.	Это название населённого пункта.	The act of settling.	actions	перевод не привязывается к значению — риск взять чужое
chalk	C1	12198	Noun	мел		I need chalk.	Мне нужен мел.	A soft, white, powdery limestone (calcium carbonate, CaCO3).		категория не определилась (не определилась)
age	A1	522	Noun	возраст		Act your age.	Соответствуй возрасту!	The amount of time that some being has been alive, or that some thing has been in existence.		категория не определилась (не определилась)
upgrade	B2	4605	Noun	обновление	модернизация; апгрейд	I don’t like this new upgrade.	Мне не нравится это новое обновление.	An upward grade or slope.		категория не определилась (не определилась)
dora	C1	12199	Noun			Dora is an explorer.	Дора — исследователь.	Tiles that provide bonus score multiplier points (飜 (han)) in a winning hand, indicated by one or multiple face-up tiles in the dead wall.	body	нет русского перевода в Wiktionary
testimony	B2	4606	Noun	показание		He contradicted himself several times in his testimony.	Он несколько раз запутался в своих показаниях.	Statements made by a witness in court.		категория не определилась (не определилась)
impact	A2	1919	Noun	столкновение		Brace yourselves for impact.	Приготовьтесь к удару.	The striking of one body against another; collision.		перевод примера относится к другому значению; категория не определилась (не определилась)
inspired	B2	4607	Adjective			You inspired me.	Ты меня вдохновил.	Having excellence through inspiration.	qualities	нет русского перевода в Wiktionary
wailing	C1	12202	Noun			The sirens are wailing.	Воют сирены.	A loud drawn out scream or howl.		нет русского перевода в Wiktionary; категория не определилась (не определилась)
photostream	C2	32114	Noun					A gallery or slideshow displaying a series of images from the Internet.	tech	нет русского перевода в Wiktionary; пример: нет предложений в Tatoeba
webmaster	B1	2715	Noun					A person responsible for designing, developing, and maintaining a website or websites.	people	нет русского перевода в Wiktionary; пример: длина английского предложения
synchro	C2	32115	Noun	сельсин				Any synchronized event, such as synchronized swimming.		пример: нет предложений в Tatoeba; многозначное слово, подтвердить перевод нечем (2 разных этимологий); категория не определилась (не определилась)
reality	A2	1924	Noun	реальность	действительность; вещественность; явь	It's a reality.	Это реальность.	The state of being actual or real; realness.		категория не определилась (не определилась)
vision	A2	1927	Noun	зрение		My vision improved.	Моё зрение улучшилось.	The sense or ability of sight.		категория не определилась (не определилась)
satisfaction	B2	4612	Noun	удовлетворение		I demand satisfaction.	Я требую компенсации.	A fulfilment of a need or desire.		категория не определилась (не определилась)
flemish	C2	32117	Noun					Ellipsis of Flemish coil (“a rope that has been arranged into a neat, flat spiral coil”).	objects	нет русского перевода в Wiktionary (вынесен на отдельную страницу); пример: слово в примере — имя собственное
sector	B1	2722	Noun	сектор		Our clinic is the leader in this sector.	Наша клиника — лидер в этом секторе.	A section. (Can we add an example for this sense?).		категория не определилась (не определилась)
gonna	A1	533	Verb			I'm gonna do it.	Я собираюсь сделать это.	A modal used to express a future action that is being planned or prepared for in the present.	communication	нет русского перевода в Wiktionary
confidence	B1	2723	Noun	уверенность	самоуверенность	You lack confidence.	Тебе не хватает уверенности в себе.	Self-assurance.		категория не определилась (не определилась)
mistress	B2	4616	Noun	госпожа	хозяйка	Yes, mistress.	Да, госпожа.	A woman, specifically one with great control, authority or ownership.		категория не определилась (не определилась)
jackhammer	C2	32119	Noun	отбойный молоток	пневматический бурильный молоток			A portable percussive power tool that combines a hammer and chisel used to drill or break hard matter, for instance rock or concrete.	nature	пример: нет предложений в Tatoeba
rush	B1	2724	Noun	бросок		Do not rush!	Не торопитесь.	A sudden forward motion.		многозначное слово, подтвердить перевод нечем (2 разных этимологий; части речи: Noun/Verb/Adjective); категория не определилась (не определилась)
betty	B2	4618	Noun			Betty came last.	Бетти пришла последней.	A short bar used by thieves to wrench doors open; a jimmy.		нет русского перевода в Wiktionary; категория не определилась (не определилась)
department	A1	539	Noun	отдел	отделение	That's your department.	Это ваш отдел.	A part, portion, or subdivision.		категория не определилась (не определилась)
tough	A2	1934	Adjective	прочный		I'm tough.	Я крутой.	Of a material, strong and resilient; sturdy.	qualities	многозначное слово, подтвердить перевод нечем (части речи: Adjective/Noun/Verb)
mount	B1	2726	Noun	скакун		Mount Fuji is beautiful.	Гора Фудзи прекрасна.	A hill or mountain.	nature	многозначное слово, подтвердить перевод нечем (2 разных этимологий)
pep	C1	12214	Noun	энергия	прыть			Energy, high spirits.		пример: не для детей (в переводе): кома; категория не определилась (не определилась)
transponder	C2	32121	Noun	транспондер				A radar or radio transceiver that transmits some signal in response to receiving a predetermined signal.		пример: нет предложений в Tatoeba; категория не определилась (не определилась)
turkey	B1	2728	Noun	индейка	индюк; индюшка	I sliced the turkey.	Я нарезал индейку.	The guinea fowl (family Numididae).		категория не определилась (не определилась)
chaos	B2	4623	Noun	хаос	хаос	My life is chaos.	Моя жизнь — хаос.	The unordered state of matter in classical accounts of cosmogony.		категория не определилась (не определилась)
photo	A1	541	Noun			Send a photo.	Пришли фотку.	A photograph.		нет русского перевода в Wiktionary (вынесен на отдельную страницу); категория не определилась (не определилась)
dan	A2	1938	Noun			Dan doesn't bite.	Дэн не кусается.	A title of honour or respect similar to "master" or "Sir", used of historical and legendary figures of the past.		нет русского перевода в Wiktionary; категория не определилась (не определилась)
juan	B2	4624	Noun			Juan is sad.	Хуану грустно.	A scroll of a traditional Chinese book, often (but not necessarily) corresponding to a single chapter or fascicle.		нет русского перевода в Wiktionary; категория не определилась (не определилась)
half	A1	542	Noun	половина	тайм	It’s a half.	Это половина.	One of two usually roughly equal parts into which anything may be divided, or considered as divided.		категория не определилась (не определилась)
outreach	C1	12218	Noun					The act of reaching out. The act of raising awareness.	actions	нет русского перевода в Wiktionary (вынесен на отдельную страницу); пример: нет предложений в Tatoeba
nyah	C2	32124	Interjection					Expressing smug triumph.	communication	нет русского перевода в Wiktionary; пример: нет предложений в Tatoeba
shift	B1	2733	Noun		change of workers → смена; act of shifting → сдвиг/передвижение/смещение; gear mechanism in a motor vehicle → переключение/переключение передач; button on a keyboard → шифт/клавиша шифт	Shift into third gear.	Включи третью передачу.	A movement to do something, a beginning.	actions	перевод не привязывается к значению — риск взять чужое
thereof	C1	12219	Adverb		of this, that, or it → из этого/этого/таковой; from that circumstance or origin; theref → оттуда/отсюда	I said, I will go up to the palm tree, I will take hold of the boughs thereof.	Подумал я: влез бы я на пальму, ухватился бы за ветви её.	Of this, that, or it.	qualities	перевод не привязывается к значению — риск взять чужое
executive	A2	1947	Adjective	исполнительный				Designed or fitted for execution, or carrying into effect.	qualities	пример: слова нет в предложении
minimum	B1	2734	Noun	минимум		That's the bare minimum.	Это допустимый минимум.	The lowest limit.		категория не определилась (не определилась)
level	A1	547	Adjective	ровный		She stooped to her level.	Она опускалась до её уровня.	The same height at all places; parallel to a flat ground.	places	многозначное слово, подтвердить перевод нечем (части речи: Adjective/Noun/Verb)
camcorder	C1	12221	Noun	видеокамера				A camera recorder: a portable electronic device for recording images and audio on to a storage device.	tech	пример: нет предложений в Tatoeba
nana	C1	12222	Noun			You look a right nana dressed up like that.		A foolish person.		нет русского перевода в Wiktionary; пример: предложение не целое; категория не определилась (не определилась)
pretty	A1	549	Adjective	хорошенький	милый; миловидный; миленький	I'm pretty.	Я красивая.	Pleasant to the sight or other senses; attractive, especially of women or children.	qualities	многозначное слово, подтвердить перевод нечем (части речи: Adjective/Adverb/Noun/Verb)
bid	A2	1952	Verb	приказывать	приказать	I bid you adieu.	Я прощаюсь с тобой.	To issue a command; to tell.	communication	многозначное слово, подтвердить перевод нечем (2 разных этимологий)
aim	B1	2737	Noun	прицел		Tom aimed at the target.	Том прицелился.	The pointing of a weapon, as a gun, a dart, or an arrow, or object, in the line of direction with the object intended to be struck.		категория не определилась (не определилась)
bukkake	B2	4637	Noun	буккакэ	буккаке			A method of pouring broth over cold noodles, commonly udon.	actions	пример: нет предложений в Tatoeba
hierarchy	C1	12225	Noun	иерархия		There is a strict hierarchy here.	Здесь действует строгая иерархия.	A body of authoritative officials organized in nested ranks.		категория не определилась (не определилась)
hello	A1	550	Noun	здравствуйте	привет; здорово; добрый день	Hello there.	Здравствуйте.	"Hello!" or an equivalent greeting.	communication	перевод есть только для другой части речи (Interjection вместо Noun)
stress	B1	2741	Noun		(physics) internal force across a bounda → напряжение/нажим/усилие; emotional pressure → стресс/стресс/напряжение; on a point in an argument → акцент/ударение	I cope with stress.	Я справляюсь со стрессом.	A physical, chemical, infective agent aggressing an organism.		перевод не привязывается к значению — риск взять чужое; категория не определилась (не определилась)
democratic	B2	4638	Adjective	демократический		The United States is a democratic country, as the citizens are allowed to choose leaders to represent their interests.		Pertaining to democracy; constructed upon or in line with the principle of government chosen by the people.	society	пример: слово в примере — имя собственное
binoculars	C1	12226	Noun	бинокль				A hand-held device consisting of a series of lenses and prisms, used to magnify objects so that they can be better seen from a distance.	tech	пример: Tatoeba недоступна (offline: нет в кэше)
sound	A1	551	Adjective	крепкий	прочный; надёжный	Sound familiar?	Знакомо?	Complete, solid, or secure.	qualities	многозначное слово, подтвердить перевод нечем (4 разных этимологий; части речи: Adjective/Adverb/Noun/Verb)
louis	A2	1955	Noun					Any gold or silver coin issued by the French kings from Louis XIII to Louis XVI and bearing their image on the obverse side.		нет русского перевода в Wiktionary; пример: длина английского предложения; категория не определилась (не определилась)
letterman	C2	32131	Noun					A student who has attained a specified level of participation in a sporting or other activity.	school	нет русского перевода в Wiktionary; пример: Tatoeba недоступна (offline: нет в кэше)
episode	B1	2748	Noun	эпизод	случай; событие; происшествие	I saw that episode.	Я видел эту серию.	A discrete but connected event, situation, or period within a broader sequence, narrative, or life course.		категория не определилась (не определилась)
norman	B2	4640	Noun					A wooden bar, or iron pin.		нет русского перевода в Wiktionary; пример: длина английского предложения; категория не определилась (не определилась)
nuisance	C1	12228	Noun	неудобство	неприятность; досада; помеха	The telephone can be a nuisance.	Телефон может быть неудобством.	A minor annoyance or inconvenience.		категория не определилась (не определилась)
outlay	C2	32132	Noun	расходы	затраты			A laying out or expending; that which is laid out or expended.		пример: нет предложений в Tatoeba; категория не определилась (не определилась)
wish	A1	554	Noun	желание		You wish.	И не мечтай.	A desire, hope, or longing for something or for something to happen.		категория не определилась (не определилась)
facilities	B1	2750	Noun			Our university has excellent sports facilities.	Наш университет располагает отличной спортивной базой.	Facilities for urination and defecation: a toilet; a lavatory.		нет русского перевода в Wiktionary; категория не определилась (не определилась)
engineering	A2	1959	Noun	техника	инженерия; разработка; инжиниринг			The application of mathematics and the physical sciences to the needs of humanity and the development of technology.	tech	пример: слова нет в предложении
appointment	B1	2751	Noun	назначение		Make an appointment.	Запишись на приём.	The act of appointing a person to hold an office or to have a position of trust.	actions	перевод примера относится к другому значению
booth	B2	4646	Noun	стенд		Good luck finding a phone booth here.	Телефонных будок тут кот наплакал.	A small stall for the display and sale of goods.		категория не определилась (не определилась)
clear	A1	556	Adjective	чистый	прозрачный	Clear out.	Освободите помещение!	Transparent in colour.	qualities	многозначное слово, подтвердить перевод нечем (части речи: Adjective/Adverb/Verb/Noun)
kit	A2	1960	Noun		equipment of a soldier → снаряжение/экипировка; collection of items needed for a specifi → комплект/набор/снаряжение	I need a first aid kit.	Мне нужен набор первой помощи.	A circular wooden vessel, made of hooped staves.	objects	перевод не привязывается к значению — риск взять чужое
press	A1	557	Noun	пресс	соковыжималка	Press here.	Нажми сюда.	An instance of applying pressure; an instance of pressing.		многозначное слово, подтвердить перевод нечем (2 разных этимологий); категория не определилась (не определилась)
savory	C2	32136	Adjective	аппетитный	вкусный; пикантный; острый	The fine restaurant presented an array of savory dishes; each was delicious.		Tasty, attractive to the palate.	qualities	пример: нет предложений в Tatoeba; многозначное слово, подтвердить перевод нечем (2 разных этимологий)
subject	A1	558	Adjective	подверженный	подлежащий	He's a subject.	Он доброволец.	Likely to be affected by or to experience something; liable.	school	многозначное слово, подтвердить перевод нечем (3 разных этимологий; части речи: Adjective/Noun/Verb)
structure	A2	1963	Noun	структура		The structure isn't safe.	Структуру нельзя назвать безопасной.	A cohesive whole built up of distinct parts.		категория не определилась (не определилась)
jerry	B1	2756	Noun					A chamber pot.		нет русского перевода в Wiktionary; пример: слово в примере — имя собственное; категория не определилась (не определилась)
rust	C1	12236	Noun	ржавчина	ржа	Rust eats iron; worries eat man.	Ржавчина ест железо, а волнение — человека.	The deteriorated state of iron or steel as a result of moisture and oxidation; it consists mostly of iron(III) oxide.		категория не определилась (не определилась)
tort	C2	32137	Noun					A wrongful act, whether intentional or negligent, regarded as non-criminal and unrelated to a contract.		нет русского перевода в Wiktionary (вынесен на отдельную страницу); пример: нет предложений в Tatoeba; категория не определилась (не определилась)
rental	B1	2757	Noun	аренда		I want to find a short-term rental.	Я хочу найти квартиру для краткосрочной аренды.	Something that is rented.		категория не определилась (не определилась)
clearance	B2	4650	Noun	очистка	расчистка	Tom bought that pair of shoes at a clearance sale.	Том купил ботинки на распродаже.	The act of clearing or something (such as a space) cleared.	actions	перевод примера относится к другому значению
vine	C1	12237	Noun			This vine winds around trees.	Эта лиана обвивается вокруг деревьев.	Any plant whose stem requires support and which climbs by tendrils or twining.	nature	нет русского перевода в Wiktionary (вынесен на отдельную страницу)
riddance	C2	32138	Noun			Good riddance.	Скатертью дорога!	An act of ridding, clearance, or removal; elimination.	actions	нет русского перевода в Wiktionary
club	A1	560	Noun	дубинка	дубина; палица	I like this club.	Мне нравится этот клуб.	A heavy object, often a kind of stick, intended for use as a bludgeoning weapon or a plaything.	objects	перевод примера относится к другому значению
crack	B1	2758	Verb	трескаться	потрескаться	We cracked up.	Мы расхохотались.	To form cracks.	actions	многозначное слово, подтвердить перевод нечем (2 разных этимологий; части речи: Verb/Noun/Adjective)
undated	C2	32139	Adjective					Not marked with a date.	qualities	нет русского перевода в Wiktionary; пример: нет предложений в Tatoeba
single	A1	561	Adjective	один	одна; единственный	I'm single.	Я холост.	Not accompanied by anything else; one in number.	qualities	пример иллюстрирует другое значение (части речи: Adjective/Noun/Verb)
constitution	B2	4653	Noun	устройство		Read the constitution.	Почитай Конституцию.	The act, or process of setting something up, or establishing something; the composition or structure of such a thing; its makeup.	objects	перевод примера относится к другому значению
cavendish	C2	32140	Noun					Leaf tobacco softened, sweetened, and pressed into plugs or cakes.		нет русского перевода в Wiktionary; пример: нет предложений в Tatoeba; категория не определилась (не определилась)
sexo	B1	2761	Noun					A sexual offender.		нет русского перевода в Wiktionary; пример: нет предложений в Tatoeba; категория не определилась (не определилась)
manufacturing	B2	4654	Noun	производство	изготовление	There might be manufacturing defects.	Могут быть производственные дефекты.	The transformation of raw materials into finished products, usually on a large scale.		категория не определилась (не определилась)
mib	C1	12242	Noun					A marble (glass ball used in games), especially one used as a target.	sports	нет русского перевода в Wiktionary; пример: нет предложений в Tatoeba
lowercase	C2	32144	Adjective	строчный	маленький			In lower case.	qualities	пример: длина английского предложения; многозначное слово, подтвердить перевод нечем (части речи: Noun/Adjective/Verb)
breath	B1	2765	Noun	дыхание	вздох	I breathed.	Я дышал.	The act or process of breathing.		многозначное слово, подтвердить перевод нечем (части речи: Noun/Adjective/Verb); категория не определилась (не определилась)
penetration	C1	12243	Noun	проникание	проникновение			The act of penetrating something.	actions	пример: длина английского предложения
parton	C2	32146	Noun					Any of the constituent particles making up a compound particle, e.g. the quarks and gluons which make up hadrons.		нет русского перевода в Wiktionary; пример: нет предложений в Tatoeba; категория не определилась (не определилась)
brian	A2	1975	Verb			Brian left the door open.	Бриан оставил дверь открытой.	To keep fire at the mouth of (as of an oven), to give light or to preserve heat.	actions	нет русского перевода в Wiktionary
com	B1	2767	Noun					A player in a video game which is controlled by the computer rather than a human.	tech	нет русского перевода в Wiktionary; пример: латиница в переводе
lied	B2	4659	Noun					An art song, usually sung solo in German and accompanied on the piano.	art	нет русского перевода в Wiktionary; пример: слова нет в предложении
brush	B2	4666	Noun	щётка	кисть	This is a brush.	Это щётка.	An implement consisting of multiple more or less flexible bristles or other filaments attached to a handle.		категория не определилась (не определилась)
dynamo	C2	32149	Noun	динамо	динамо-машина			An electricity generator; a dynamo-electric machine.	tech	пример: нет предложений в Tatoeba
fuckin	B2	4667	Verb					Pronunciation spelling of fucking.	actions	нет русского перевода в Wiktionary; пример: слово в примере — имя собственное
oversight	C1	12249	Noun	недосмотр		Tom said that the mistake was due to an oversight.	Том сказал, что эта ошибка произошла по недосмотру.	An omission; something that is left out, missed, or forgotten.		категория не определилась (не определилась)
iguana	C2	32150	Noun	игуана		This is an iguana.	Это игуана.	A green iguana (Iguana iguana), a large tropical American lizard often kept as a pet.		категория не определилась (не определилась)
sort	A1	573	Noun	тип	сорт; вид; род	I sort of understand.	Я вроде как понимаю.	A general type.		многозначное слово, подтвердить перевод нечем (2 разных этимологий); категория не определилась (не определилась)
lane	B1	2770	Noun		passageway → переулок/аллея/алейка; division of roadway → полоса; division of racetrack → дорожка; course for ships or aircraft → трасса	This is the lover's lane.	Это улочка влюблённых.	A road, street, or similar thoroughfare.	city	перевод не привязывается к значению — риск взять чужое
certainty	C1	12251	Noun	уверенность		Your eyes shine with certainty.	Твои глаза излучают уверенность.	The state of being certain.		категория не определилась (не определилась)
anaerobic	C2	32152	Adjective	анаэробный				Without oxygen; especially of an environment or organism.	qualities	пример: нет предложений в Tatoeba
treat	A2	1980	Verb		to handle, deal with or behave towards i → относиться/обращаться; to entertain with food or drink → угощать/угостить; to care for medicinally or surgically → лечить/вылечить	My treat.	Я угощаю.	To negotiate, discuss terms, bargain (for or with).	communication	перевод не привязывается к значению — риск взять чужое
puzzle	B2	4669	Noun	загадка	затруднение	Solve the puzzle.	Решите головоломку.	The state of feeling confused or mystified because one cannot understand a complicated matter, a problem, etc.; bewilderment.	feelings	перевод примера относится к другому значению
antagonist	C2	32153	Noun	антагонист				An opponent or enemy.		пример: длина английского предложения; категория не определилась (не определилась)
sir	A1	575	Noun	господин		What's the matter, sir?	В чём дело, господин?	A man of a higher rank or position.		категория не определилась (не определилась)
associated	B1	2778	Adjective			Green is associated with grass.	Зелёный цвет ассоциируется с травой.	Connected with something or another person.	qualities	нет русского перевода в Wiktionary
copper	B2	4671	Noun	медь	медно-красный; медный; цвет меди	He melts copper.	Он плавит медь.	A reddish-brown metallic chemical element (symbol Cu) with the atomic number 29; also, the metal made up of this element.		категория не определилась (не определилась)
load	A2	1983	Noun	груз		I'm loaded.	Я бухой.	A burden; a weight to be carried.		многозначное слово, подтвердить перевод нечем (2 разных этимологий); категория не определилась (не определилась)
kate	B1	2780	Noun			Kate has a dog.	У Кейт есть собака.	The brambling finch, Fringilla montifringilla.		нет русского перевода в Wiktionary; категория не определилась (не определилась)
mare	C1	12254	Noun	кобыла		My mare foaled.	Моя кобыла ожеребилась.	An adult female horse.		категория не определилась (не определилась)
deviant	C1	12255	Adjective	девиантный		At the trial, the extent of his deviant behaviour became clear.		Characterized by deviation from an expectation or a social standard.	society	пример: нет предложений в Tatoeba
defamation	C2	32159	Noun	диффамация	шельмование; клевета; поношение	She sued his ex-boyfriend for defamation and is seeking $14,000.		The act of injuring another person's reputation by any slanderous communication, written or oral.	actions	пример: нет предложений в Tatoeba
total	A1	579	Noun	итог	сумма	Total tosh.	Бред какой-то!	An amount obtained by the addition of smaller amounts.		многозначное слово, подтвердить перевод нечем (части речи: Noun/Adjective/Verb); категория не определилась (не определилась)
homesick	C2	32163	Adjective			I'm homesick.	Я скучаю по дому.	Missing one's home and family very much when away; nostalgic.	home	нет русского перевода в Wiktionary
account	A1	583	Noun	счёт		Open an account.	Откройте счет.	A registry of pecuniary transactions; a written or printed statement of business dealings or debts and credits.	communication	многозначное слово, подтвердить перевод нечем (2 разных этимологий)
effort	A2	1988	Noun	усилие	старание; потуга	Make an effort.	Сделай усилие.	The work involved in performing an activity; exertion.		категория не определилась (не определилась)
tommy	B1	2786	Noun			Tommy sat down opposite her.	Томми сел напротив неё.	A British infantryman, especially one from World War I. Ellipsis of Tommy Atkins.		нет русского перевода в Wiktionary; категория не определилась (не определилась)
fast	A1	584	Adjective	прочный	крепкий	Come fast.	Приходи скорей.	Firmly or securely fixed in place; stable.	qualities	многозначное слово, подтвердить перевод нечем (4 разных этимологий; части речи: Adjective/Noun/Adverb/Verb)
land	A1	586	Noun	земля	земли; суша	I have land.	У меня есть участок.	The part of Earth which is not covered by oceans or other bodies of water.	nature	многозначное слово, подтвердить перевод нечем (2 разных этимологий)
glade	C2	32168	Noun	поляна	прогалина			An open passage through a wood; a grassy open or cleared space in a forest.	nature	пример: нет предложений в Tatoeba
west	A1	587	Noun	запад	вест; заход	She's in the west.	Она не в себе.	The direction opposite to that of the earth's rotation, specifically 270°.		многозначное слово, подтвердить перевод нечем (части речи: Noun/Adjective/Adverb/Verb); категория не определилась (не определилась)
cream	A2	1996	Noun	сливки	сметана	I like whipped cream.	Я люблю взбитые сливки.	The butterfat or milkfat part of milk which rises to the top; this part when separated from the remainder.		категория не определилась (не определилась)
sally	B2	4680	Noun		sortie → вылазка; witty statement or quip → острота/остроумная реплика	Sally met Harry at the station.	Салли встретила Гарри на вокзале.	Any tree that resembles a willow.	nature	перевод не привязывается к значению — риск взять чужое
solubility	C2	32169	Noun	растворимость				The condition of being soluble.		пример: слова нет в предложении; категория не определилась (не определилась)
gender	B2	4681	Noun		biological sex → пол; identification as a man, a woman, or som → пол/гендер; grammar: division of nouns and pronouns → род	I use the feminine gender.	Я считаю себя женщиной.	Class; kind.		перевод не привязывается к значению — риск взять чужое; категория не определилась (не определилась)
fancied	C2	32170	Adjective			She fancied herself beautiful.	Она считала себя красивой.	Existing only in the fancy (“imagination”) or by social convention; imaginary, imagined; supposed; perceived rather than real.	society	нет русского перевода в Wiktionary (вынесен на отдельную страницу)
multimedia	A2	1998	Noun	мультимедиа				The combined use of sound, video, and text to present an idea.	mind	пример: нет предложений в Tatoeba
liquidity	C2	32171	Noun	ликвидность				The state or property of being liquid.	objects	пример: слова нет в предложении
jane	A2	2000	Noun			Jane was upset.	Джейн была огорчена.	A silver Genovese coin, first used in England in the 14th century.		нет русского перевода в Wiktionary; категория не определилась (не определилась)
cap	B1	2796	Noun		head covering → кепка/картуз/шапка; head-covering to indicate rank etc. → фуражка; protective cover or seal → колпачок/крышка/крышечка; crown covering a tooth → коронка; summit of a mountain → вершина	Put on your cap.	Одень шапку.	A close-fitting hat, either brimless or peaked.		перевод не привязывается к значению — риск взять чужое; категория не определилась (не определилась)
joey	B2	4684	Noun	кенгурёнок	джоуи			The immature young of a marsupial, notably a junior kangaroo, but also a young wallaby, koala, etc.		пример: нет предложений в Tatoeba; многозначное слово, подтвердить перевод нечем (5 разных этимологий); категория не определилась (не определилась)
gay	A1	594	Adjective	гей	гомосексуал	He's gay.	Он гей.	Homosexual: Only possessing sexual and/or romantic attraction towards people one perceives to be the same sex or gender as oneself.	qualities	многозначное слово, подтвердить перевод нечем (2 разных этимологий; части речи: Adjective/Noun/Verb/Adverb)
mass	A2	2002	Noun	масса		The mass is over.	Обедня закончилась.	Matter, material. A quantity of matter cohering so as to make one body.	objects	пример иллюстрирует другое значение (2 разных этимологий; части речи: Noun/Verb/Adjective)
inclined	C1	12271	Adjective	наклонный		I'm inclined to agree.	Я склонен согласиться.	At an angle to the horizontal; slanted or sloped.	character	перевод примера относится к другому значению
troubleshoot	C2	32173	Verb					To analyze or diagnose (a problem, or something faulty) to the point of determining a solution.	actions	нет русского перевода в Wiktionary; пример: нет предложений в Tatoeba
action	A1	596	Noun		something done so as to accomplish a pur → действие/поступок/акция; way of motion or functioning → действие/воздействие/движение; military: combat → бой/сражение; law: charge → иск	Take action.	Прими меры.	The effort of performing or doing something.	actions	перевод не привязывается к значению — риск взять чужое
eric	A2	2005	Noun			Eric has begun to sing.	Эрик начал петь.	A fine paid as compensation for violent crimes.		нет русского перевода в Wiktionary; категория не определилась (не определилась)
steam	B2	4686	Noun	пар		It's steam.	Это пар.	The hot gaseous form of water, formed when water changes from the liquid phase to the gas phase (at or above its boiling point temperature).	objects	многозначное слово, подтвердить перевод нечем (части речи: Noun/Verb/Adjective)
signora	C1	12272	Noun					Mrs; madam; title of address or respect for women in Italy.		нет русского перевода в Wiktionary; пример: нет предложений в Tatoeba; категория не определилась (не определилась)
breather	C2	32174	Noun	передышка		Take a breather.	Возьми перерыв.	Something or someone that breathes. A heavy breather.		категория не определилась (не определилась)
jeff	A2	2006	Verb			Jeff seems to know who she is.	Джефф, похоже, знает, кто она.	To play or gamble with em quads, throwing them as dice.	actions	нет русского перевода в Wiktionary
jewelry	A2	2007	Noun			Some men wear jewelry.	Некоторые люди носят украшения.	US standard spelling of jewellery.		нет русского перевода в Wiktionary; категория не определилась (не определилась)
kha	C2	32176	Noun					The name of the Cyrillic script letter Х / х.		нет русского перевода в Wiktionary; пример: нет предложений в Tatoeba; категория не определилась (не определилась)
offer	A1	601	Noun	предложение		Make an offer.	Сделайте предложение.	A proposal that has been made.		категория не определилась (не определилась)
clash	C1	12275	Noun	лязг	громыхание; гул; грохот	These colours clash.	Эти цвета не сочетаются.	A loud sound, like the crashing together of metal objects; a crash.		категория не определилась (не определилась)
meh	C2	32177	Adjective	фигня	фиговый			Mediocre; lackluster; unexceptional; uninspiring.	qualities	пример: нет предложений в Tatoeba; многозначное слово, подтвердить перевод нечем (3 разных этимологий)
approved	B1	2807	Adjective			He approved.	Он дал своё согласие.	Having received approval.	qualities	нет русского перевода в Wiktionary
miss	A1	603	Verb	не попасть	промахнуться; промазать	He miss me.	Он по мне скучает.	To fail to hit, catch, grasp, etc.	actions	пример иллюстрирует другое значение (2 разных этимологий)
additive	C2	32179	Adjective	аддитивный				Pertaining to addition; that can be, or has been, added.	qualities	пример: слова нет в предложении
escape	A2	2014	Verb	спасаться	совершать побег; спастись; совершить побег	Cave escape!	Выйти из пещеры!	To get free; to free oneself.	actions	перевод примера относится к другому значению
intended	B1	2811	Adjective			We intended to stay.	Мы планировали остаться.	Made tense; stretched out; extended; forcible; violent.	qualities	нет русского перевода в Wiktionary (вынесен на отдельную страницу)
synthesizer	C2	32181	Noun	синтезатор				An electronic musical instrument that creates its sounds with electronics and generally is played via a keyboard.	tech	пример: длина английского предложения
clothing	A2	2016	Noun	одежда		Marco runs a clothing brand.		Any of a wide variety of articles, usually made of fabrics, animal hair, animal skin, or some combination thereof.	animals	пример: слова нет в предложении
major	A1	608	Adjective		music: of a scale → мажорный; music: of an interval → мажорный	I major in sociology.	Я изучаю социологию.	Greater in dignity, rank, importance, significance, or interest. Greater in number, quantity, or extent.	qualities	перевод не привязывается к значению — риск взять чужое
communication	A2	2018	Noun	распространение	передача; сообщение	Communication is important.	Общение важно.	The act or fact of communicating anything; transmission.		перевод примера относится к другому значению; категория не определилась (не определилась)
internet	A1	610	Noun			I love the internet.	Я люблю интернет.	Internet access or connection; internet connectivity.	tech	нет русского перевода в Wiktionary (вынесен на отдельную страницу)
cancellation	C1	12284	Noun	отмена	отказ; расторжение			The act, process, or result of cancelling; as, the cancellation of certain words in a contract, or of the contract itself.		пример: слова нет в предложении; категория не определилась (не определилась)
advance	A2	2022	Verb	повышать	повысить	I advance.	Иду.	To promote or advantage. To help the progress of (something); to further. To raise (someone) in rank or office; to prefer, to promote.	actions	многозначное слово, подтвердить перевод нечем (части речи: Verb/Noun/Adjective)
capacity	B1	2826	Noun	ёмкость	вместимость	The bus was filled to capacity.	Автобус был заполнен до отказа.	The ability to hold, receive, or absorb.		категория не определилась (не определилась)
presidency	C1	12285	Noun	президентство	председательство	After many years as a party leader, she finally ascended to the presidency.		The office or role of president.		пример: слова нет в предложении; категория не определилась (не определилась)
quite	A1	615	Adverb	вполне	весьма; изрядно			To the greatest extent or degree; completely, entirely.	qualities	пример: слова нет в предложении; многозначное слово, подтвердить перевод нечем (2 разных этимологий)
colour	B1	2829	Noun			Colour the picture.	Раскрасьте рисунок.	Commonwealth and Ireland standard spelling of color.	qualities	нет русского перевода в Wiktionary (вынесен на отдельную страницу)
gentle	B2	4702	Adjective	благородный	любезный; нежный; ласковый	She is gentle.	Она добрая.	Tender and amiable; of a considerate or kindly disposition.	qualities	многозначное слово, подтвердить перевод нечем (части речи: Adjective/Verb/Noun)
socio	C1	12286	Noun					At an institute of education, a class where sociology is taught.	school	нет русского перевода в Wiktionary; пример: длина английского предложения
electrolyte	C2	32189	Noun	электролит				A substance that, in solution or when molten, ionizes and conducts electricity.	objects	пример: нет предложений в Tatoeba
crew	A2	2024	Noun	команда	компания	The crew is tense.	Экипаж напряжён.	A group of people together Any company of people; an assemblage; a throng. A group of people.	society	пример иллюстрирует другое значение (5 разных этимологий)
dragon	B1	2830	Noun	дракон	змей; смок; змий			A mythical reptilian or serpentine creature.	animals	пример: не для детей (в переводе): рак; многозначное слово, подтвердить перевод нечем (2 разных этимологий)
stash	C1	12287	Noun	тайник	загашник; нычка; занычка	I had some cash stashed away.	У меня были кое-какие сбережения.	A collection, sometimes hidden.		многозначное слово, подтвердить перевод нечем (2 разных этимологий); категория не определилась (не определилась)
actual	A2	2025	Adjective		existing in act or reality, not just pot → реальный/действительный/настоящий; factual, real, not just apparent or even → истинный/подлинный/фактический; in action at the time being → текущий/действительный/настоящий; emphasise a noun → настоящий			Relating to a person's acts or deeds; active, practical.	qualities	перевод не привязывается к значению — риск взять чужое; пример: слова нет в предложении
dod	C1	12288	Noun					A ground signal, such as a shunting disc.		нет русского перевода в Wiktionary; пример: нет предложений в Tatoeba; категория не определилась (не определилась)
firestone	C2	32191	Noun					Iron pyrite, formerly used for striking fire.	objects	нет русского перевода в Wiktionary; пример: нет предложений в Tatoeba
reason	A1	620	Noun	причина		For what reason?	Почему?	That which causes something: an efficient cause, a proximate cause.	mind	многозначное слово, подтвердить перевод нечем (2 разных этимологий)
radio	A1	622	Noun	радио	радиовещание	send a message by radio		The technology that allows for the transmission of sound or other signals by modulation of electromagnetic waves.	tech	пример: не для детей (в переводе): ад
noise	A2	2032	Noun	шум		She made noise.	Она подняла шум.	Various sounds, usually unwanted or unpleasant.		категория не определилась (не определилась)
functional	B2	4706	Adjective	функционировать	действовать; рабочий; работать			In good working order.	qualities	пример: слова нет в предложении
six	A1	623	Noun	шестёрка		Wait till six.	Подожди до шести.	NATO & ICAO radiotelephony clear code (spelling-alphabet name) for the digit 6.		категория не определилась (не определилась)
steel	A2	2034	Noun	сталь		He has nerves of steel.	У него стальные нервы.	An artificial metal produced from iron, harder and more elastic than elemental iron; used figuratively as a symbol of hardness.		категория не определилась (не определилась)
skipper	C1	12291	Noun	шкипер	капитан			The master of a ship.		пример: нет предложений в Tatoeba; многозначное слово, подтвердить перевод нечем (4 разных этимологий); категория не определилась (не определилась)
minor	B1	2841	Adjective	незначительный	второстепенный	I'm a minor.	Я несовершеннолетний.	Lesser, smaller in importance, size, degree, seriousness, or significance compared to another option, particularly.	qualities	многозначное слово, подтвердить перевод нечем (части речи: Adjective/Noun/Verb)
beta	B2	4709	Noun	бета		Take part in the beta test!	Примите участие в бета-тесте!	The second letter of the Greek alphabet (Β, β), preceded by alpha (Α, α) and followed by gamma, (Γ, γ).		категория не определилась (не определилась)
flirt	C1	12292	Noun	рывок	бросок	He likes to flirt.	Он любит пофлиртовать.	A sudden jerk; a quick throw or cast; a darting motion.		многозначное слово, подтвердить перевод нечем (части речи: Noun/Verb/Adjective); категория не определилась (не определилась)
award	A2	2036	Noun	решение	присуждение	She won an award.	Она выиграла приз.	A judgment, sentence, or final decision. Specifically: The decision of arbitrators in a case submitted.		перевод примера относится к другому значению; категория не определилась (не определилась)
burden	B2	4710	Noun	бремя	ноша; груз; поклажа	Life is a burden.	Жизнь - это бремя.	A heavy load.		категория не определилась (не определилась)
extreme	B1	2843	Adjective	крайний	дальний	That's so extreme.	Ну это мощно.	Of a place, the most remote, farthest or outermost.	qualities	многозначное слово, подтвердить перевод нечем (части речи: Adjective/Noun/Adverb)
fabric	B2	4711	Noun	структура	здание; постройка	This fabric is soft.	Эта ткань мягкая.	An edifice or building.		перевод примера относится к другому значению; категория не определилась (не определилась)
pint	C1	12294	Noun	пинта		I fancy a pint.	Я бы выпил пива.	A unit of volume, equivalent to: one eighth of a gallon, specifically: 20 fluid ounces, approximately 568 millilitres.		категория не определилась (не определилась)
polypeptide	C2	32200	Noun					Any polymer of (same or different) amino acids joined via peptide bonds.		нет русского перевода в Wiktionary; пример: нет предложений в Tatoeba; категория не определилась (не определилась)
apart	A2	2038	Adverb	отдельно	врозь; порознь; раздельно	They live apart.	Они живут отдельно.	Placed separately (in regard to space or time).	places	перевод есть только для другой части речи (Postposition вместо Adverb)
annotation	B1	2845	Noun	комментарий	примечание; пояснение; аннотация	Don't add annotations.	Не добавляйте комментарии.	A critical or explanatory commentary or analysis.		категория не определилась (не определилась)
healing	B2	4714	Noun	исцеление	излечение; лечение; заживление			The process where the cells in the body regenerate and repair themselves.		пример: слова нет в предложении; многозначное слово, подтвердить перевод нечем (2 разных этимологий); категория не определилась (не определилась)
seventeen	C1	12295	Numeral	семнадцать				The cardinal number occurring after sixteen and before eighteen, represented in Roman numerals as XVII and in Arabic numerals as 17.	linkers	пример: Tatoeba недоступна (offline: нет в кэше)
design	A1	633	Noun		plan → план/конструкция/дизайн; pattern → узор/образец/модель; composition → композиция/конструкция; intention → план/намерение/замысел; appearance → дизайн/внешний вид/экстерьер	I like this design.	Мне нравится этот дизайн.	A specification of an object or process.		перевод не привязывается к значению — риск взять чужое; категория не определилась (не определилась)
fleet	B2	4715	Noun	флотилия	флот; парк	Time is fleeting.	Время мимолётно.	A group of vessels or vehicles.		многозначное слово, подтвердить перевод нечем (4 разных этимологий; части речи: Noun/Verb/Adjective); категория не определилась (не определилась)
siege	C1	12298	Noun	осада	блокада	The city is under siege.	Город осаждён.	Military action.		категория не определилась (не определилась)
myocardial	C2	32202	Adjective					Relating to the myocardium, the thick muscular wall of the heart.	home	нет русского перевода в Wiktionary; пример: нет предложений в Tatoeba
woodruff	C2	32203	Noun	ясменник				Galium odoratum, an aromatic herb.		пример: нет предложений в Tatoeba; категория не определилась (не определилась)
gift	A1	636	Noun	подарок	дар; презент; гостинец	Gift-wrap it.	Оберните его в подарочную обёртку.	Something given to another voluntarily, without charge.		категория не определилась (не определилась)
bound	B1	2848	Verb	ограничивать		I'll be bound.	Без всякого сомнения.	To surround a territory or other geographical entity; to form the boundary of.	actions	многозначное слово, подтвердить перевод нечем (5 разных этимологий; части речи: Verb/Adjective/Noun)
patriarch	C2	32204	Noun	патриарх				The highest form of bishop, in the ancient world having authority over other bishops in the province but now generally as an honorary title.		пример: слова нет в предложении; категория не определилась (не определилась)
jones	A2	2045	Verb	жаждать	желать	Jones was born in the US.	Джонс родился в Соединённых Штатах.	To have an intense craving for something.	actions	многозначное слово, подтвердить перевод нечем (2 разных этимологий)
ruby	B2	4720	Noun		type of gem → рубин/лал; colour → рубиновый; pronunciation guide → агат/руби	Rare gems include aquamarine, amethyst, emerald, quartz and ruby.	Редкие драгоценные камни включают в себя аквамарин, аметист, изумруд, кварц и рубин.	A clear, deep, red variety of corundum, valued as a precious stone.		перевод не привязывается к значению — риск взять чужое; категория не определилась (не определилась)
maestro	C1	12301	Noun	маэстро				A master in some art, especially a composer or conductor.	art	пример: нет предложений в Tatoeba
arrowhead	C2	32205	Noun	наконечник	остриё			The pointed part of an arrow (the weapon).		пример: нет предложений в Tatoeba; категория не определилась (не определилась)
functionality	B2	4721	Noun	функциональность				The ability to do a task, performance, or execution; a set of functions that something is able or equipped to perform.		пример: слова нет в предложении; категория не определилась (не определилась)
manipulation	C1	12302	Noun	манипуляция	манипулирование	The dealer's manipulations could have removed cards from the deck.		The practice of manipulating or the state of being manipulated.		пример: слова нет в предложении; категория не определилась (не определилась)
intoxicating	C2	32209	Adjective			intoxicating liquor		Able to intoxicate; an intoxicant.	qualities	нет русского перевода в Wiktionary; пример: слова нет в предложении
kelly	A2	2049	Noun			Kelly will appear on TV.	Келли покажут по телевизору.	A square or hexagonal pipe that is turned in order to rotate the rotary table of a drilling rig.	objects	нет русского перевода в Wiktionary
gnu	B1	2854	Noun	гну	антилопа-гну			A large antelope of the genus Connochaetes, native to Africa, having curved horns.	qualities	пример: нет предложений в Tatoeba
geospatial	C2	32210	Adjective			The geospatial coordinates for the building are not known.		Of or pertaining to a geographic location, especially data.	tech	нет русского перевода в Wiktionary; пример: нет предложений в Tatoeba
fifty	B2	4723	Noun	полтинник		I am fifty.	Мне пятьдесят лет.	A banknote or coin with a denomination of 50.		категория не определилась (не определилась)
shock	B1	2856	Noun	удар		What a shock!	Какой ужас!	A sudden, heavy impact.		многозначное слово, подтвердить перевод нечем (2 разных этимологий; части речи: Noun/Adjective/Verb); категория не определилась (не определилась)
rod	B2	4724	Noun	стержень	штанга; палка; прут	The parts are connected by an iron rod.	Эти части соединены железным стержнем.	A straight, round stick, shaft, bar, cane, or staff.		категория не определилась (не определилась)
movable	C1	12305	Adjective					Capable of being moved, lifted, carried, drawn, turned, or conveyed, or in any way made to change place or posture; not fixed or stationary.	change	нет русского перевода в Wiktionary; пример: нет предложений в Tatoeba
jakey	C2	32213	Noun					A homeless drunk.		нет русского перевода в Wiktionary; пример: нет предложений в Tatoeba; категория не определилась (не определилась)
step	A1	643	Noun	шаг		Step back.	Отойди.	An advance or movement made from one foot to the other; a pace.	objects	многозначное слово, подтвердить перевод нечем (2 разных этимологий)
species	A2	2054	Noun		group of plants or animals having simila → вид; rank in a taxonomic classification → вид	This species is endangered.	Этот вид находится под угрозой исчезновения.	A type or kind.		перевод не привязывается к значению — риск взять чужое; категория не определилась (не определилась)
cop	B1	2858	Verb	схватить		You're a cop.	Ты начальник.	To capture or arrest someone.	actions	многозначное слово, подтвердить перевод нечем (4 разных этимологий)
demand	A2	2055	Noun	спрос	потребность	Price reflects demand.	Цена отражает спрос.	The desire to purchase goods and services.		категория не определилась (не определилась)
navy	B1	2862	Noun	флот	военно-морской флот; вмф; военно-морские силы	I joined the navy.	Я поступил на службу во флот.	A country's entire maritime military force, including ships and personnel.		категория не определилась (не определилась)
kitty	B2	4729	Noun	киска	киса; кошечка; кошка	Poor kitty.	Бедная киска.	A young cat; a kitten.		категория не определилась (не определилась)
lambert	C1	12307	Noun					A cgs unit of luminance; the brightness of a surface that emits one lumen per square centimetre.		нет русского перевода в Wiktionary; пример: нет предложений в Tatoeba; категория не определилась (не определилась)
rectum	C2	32215	Noun	прямая кишка	ректум			The terminal part of the large intestine through which feces pass after exiting the colon.		пример: Tatoeba недоступна (offline: нет в кэше); категория не определилась (не определилась)
note	A1	646	Noun	примечание	пометка	He left a note.	Он оставил записку.	A symbol or annotation. A mark or token by which a thing may be known.		пример иллюстрирует другое значение (2 разных этимологий; значений: 10); категория не определилась (не определилась)
institute	A2	2057	Noun	институт	учреждение; заведение	I was expelled from the institute.	Меня отчислили из института.	An organization founded to promote a cause.		категория не определилась (не определилась)
filmography	C1	12310	Noun	фильмография				A selective list of movie titles that share a similar characteristic such as the same genre, the same director, the same actor etc.		пример: Tatoeba недоступна (offline: нет в кэше); категория не определилась (не определилась)
moat	C2	32217	Noun	ров		A moat surrounds the castle.	Замок окружает ров.	A deep, wide defensive ditch, normally filled with water, surrounding a fortified habitation.		категория не определилась (не определилась)
gold	A1	647	Noun		element Au → золото/аурум/злато; coin → золотой; colour → золотой; bullseye → яблоко мишени/яблочко; gold medal → золотая медаль	We need gold.	Нам нужно золото.	A heavy yellow elemental metal of great value, with atomic number 79.		перевод не привязывается к значению — риск взять чужое; категория не определилась (не определилась)
pink	A2	2060	Noun		pale red colour → розовый; flower → гвоздика	He has pink eye.	У него конъюнктивит.	A color reminiscent of pinks, the flowers.		перевод не привязывается к значению — риск взять чужое; категория не определилась (не определилась)
telecom	C1	12311	Noun					Telecommunication or telecommunications.		нет русского перевода в Wiktionary; пример: нет предложений в Tatoeba; категория не определилась (не определилась)
yue	C2	32219	Noun					An ancient Chinese unit of volume, notionally equivalent to the space occupied by 1200 millet seeds.		нет русского перевода в Wiktionary; пример: слово в примере — имя собственное; категория не определилась (не определилась)
study	A1	648	Verb	учить	изучать; исследовать; готовиться	They study.	Они учатся.	To review materials already learned in order to make sure one does not forget them, usually in preparation for an examination.	school	многозначное слово, подтвердить перевод нечем (2 разных этимологий)
bath	A2	2061	Noun	ванна		Take a bath.	Прими ванну.	A tub or pool which is used for bathing: bathtub.	objects	многозначное слово, подтвердить перевод нечем (2 разных этимологий)
review	A1	650	Noun	пересмотр	повторение	I reviewed the file.	Я пересмотрел файл.	A second or subsequent reading of a text or artifact in an attempt to gain new insights.		категория не определилась (не определилась)
advertising	A2	2064	Noun	реклама		Advertising is everywhere.	Реклама повсюду.	Communication whose purpose is to influence potential customers about products and services.		категория не определилась (не определилась)
butt	B1	2869	Noun	торец	толстый конец	Sami kissed Layla's butt.	Сами чмокнул Лейлу в ягодицу.	The larger or thicker end of something; the blunt end, in distinction from the sharp or narrow end. The buttocks or anus.		пример иллюстрирует другое значение (7 разных этимологий); категория не определилась (не определилась)
freak	B2	4734	Noun		sudden causeless change or turn of the m → причуда/каприз/чудачество; nonconformist, especially in appearance, → чудак/фрик; oddball, especially in physiology → урод/уродина/уродец; person who has an obsession or extreme k → фанатик/чудак/фанат	Do not freak out.	Не волнуйся.	Someone or something that is markedly unusual or unpredictable.	people	перевод не привязывается к значению — риск взять чужое
outerwear	C1	12316	Noun					Clothing (such as a dress) worn over one's underwear.	clothes	нет русского перевода в Wiktionary; пример: нет предложений в Tatoeba
ponce	C2	32221	Noun					A man living off another's earnings, especially a woman's. Synonym of kept man. Synonym of pimp.	people	нет русского перевода в Wiktionary; пример: нет предложений в Tatoeba
harbor	B2	4735	Noun	убежище	пристанище; кров	The boat made for the harbor.	Лодка направилась в гавань.	Any place of shelter.		пример иллюстрирует другое значение (2 разных этимологий); категория не определилась (не определилась)
ska	C2	32222	Noun	ска				A style of Jamaican dance music originating in the late 1950s.	art	пример: Tatoeba недоступна (offline: нет в кэше)
quick	A1	653	Adjective	быстрый		Come quick.	Приходи скорее!	Moving with speed, rapidity or swiftness, or capable of doing so; rapid; fast.	actions	многозначное слово, подтвердить перевод нечем (части речи: Adjective/Adverb/Noun/Verb)
fox	B1	2871	Noun		''Vulpes'' → лиса/лисица/лис; any of the species in the tribe ''Vulpin → лиса/лисица/лис; fox fur → лиса/лисица/лисий мех; cunning person → ловкий плут/лиса/лис; attractive woman → красавица/кошечка/киска	It's a fox.	Это лиса.	A small-to-medium-sized canine mammal, related to dogs and wolves, with a flattened skull, upright triangular ears, a pointed.	animals	перевод не привязывается к значению — риск взять чужое
cell	A1	654	Noun	келья		My cell went off.	Мой мобильный телефон погас.	A single-room dwelling for a hermit.	home	пример иллюстрирует другое значение (2 разных этимологий; значений: 7)
edition	A2	2069	Noun	издание		It's a very rare edition.	Это очень редкое издание.	A written work edited and published, as by a certain editor or in a certain manner, or at a certain time.		категория не определилась (не определилась)
concert	B1	2872	Noun	согласие	соглашение; договорённость	The concert began.	Концерт начался.	An agreement in a design or plan.	communication	перевод примера относится к другому значению
preparation	B2	4738	Noun	подготовка	приготовление	I went over my notes in preparation for the exam.		The act of preparing or getting ready.	actions	пример: слова нет в предложении
monseigneur	C2	32224	Noun					An honorific form of address for an eminent person in France, especially under the Ancien Régime.		нет русского перевода в Wiktionary; пример: нет предложений в Tatoeba; категория не определилась (не определилась)
separate	A2	2070	Verb	разделять	разъединять; разлучать	We're separated.	Мы не живём вместе.	To divide (a thing) into separate parts.	actions	многозначное слово, подтвердить перевод нечем (2 разных этимологий; части речи: Verb/Adjective/Noun)
specialty	B2	4739	Noun	специальность	специализация	That's my specialty.	Это моя специальность.	That in which one specializes; a chosen expertise or talent; bailiwick.		категория не определилась (не определилась)
property	A1	658	Noun	собственность	имущество; добро	You are my property.	Ты моя собственность.	Something that is owned.		категория не определилась (не определилась)
teenage	B2	4740	Adjective	подростковый		Fred's teenage years were the most difficult of times.		Of or relating to an age between thirteen and nineteen years old.	qualities	пример: слова нет в предложении; многозначное слово, подтвердить перевод нечем (2 разных этимологий)
ace	B2	4741	Noun	туз		That movie is ace.	Это суперский фильм.	A playing card showing a single pip, typically the highest or lowest ranking card in a game.	sports	многозначное слово, подтвердить перевод нечем (2 разных этимологий; части речи: Noun/Verb/Adjective)
nightie	C2	32227	Noun			I was too embarrassed to answer the door in my nightie.		A woman's nightgown or nightdress for wearing to bed.	clothes	нет русского перевода в Wiktionary (вынесен на отдельную страницу); пример: нет предложений в Tatoeba
teeth	B1	2876	Noun			Clean your teeth.	Зубы почисти.	Unpleasant oral sex.		нет русского перевода в Wiktionary; категория не определилась (не определилась)
decorative	C1	12325	Adjective	декоративный		Decorative embellishments give the home an elegant touch.		That serves to decorate.	qualities	пример: слова нет в предложении
solicitor	C1	12327	Noun			Traditional solicitors are still found in the United Kingdom, Ireland, New Zealand, India, Hong Kong, Singapore, and parts of Australia.		One who solicits, particularly: A lawyer offering most legal services to clients apart from representation in court.	people	нет русского перевода в Wiktionary; пример: не для детей (в переводе): ад
laura	B1	2878	Noun			Laura is Brazillian.	Лаура - бразильянка.	A number of hermitages or cells in the same neighborhood occupied by anchorites who were under the same superior.	city	нет русского перевода в Wiktionary
participant	C1	12328	Noun	участник	участница	All participants must adhere to the rules of the competition.		One who participates.	people	пример: слова нет в предложении
dogma	C2	32230	Noun	догма	догмат			An authoritative principle, belief or statement of opinion, especially one considered to be absolutely true and indisputable.	mind	пример: Tatoeba недоступна (offline: нет в кэше)
technology	A1	665	Noun		the study of or a collection of techniqu → технология/техника; a particular technological concept → технология; body of tools → техника	Technology can help.	Технология может помочь.	The combined application of science and art in practical ways in industry, as for example in designing new machines.	art	перевод не привязывается к значению — риск взять чужое
besides	A2	2080	Adverb	кроме того	к тому же	We've paid for your whole education and plenty more besides!		Also; in addition.	qualities	пример: слова нет в предложении
mama	B1	2879	Noun			Mama cried.	Мама плакала.	Used preceding a name as a title for a mother.	family	нет русского перевода в Wiktionary (вынесен на отдельную страницу)
cause	A1	666	Noun	причина	основание	I caused this.	Это из-за меня.	The source of, or reason for, an event or action; that which produces or effects a result.		многозначное слово, подтвердить перевод нечем (2 разных этимологий); категория не определилась (не определилась)
nightmare	B2	4748	Noun	кошмар	страшный сон	I had nightmares.	Мне снились кошмары.	A very unpleasant or frightening dream.		категория не определилась (не определилась)
coercion	C2	32232	Noun	принуждение	насилие	True love is love without coercion.	Настоящая любовь - это любовь без принуждения.	Actual or threatened force for the purpose of compelling action by another person; the act of coercing.		категория не определилась (не определилась)
iron	A2	2082	Noun	железо	феррум	Iron rusts.	Железо ржавеет.	A common, inexpensive metal, silvery grey when untarnished, that rusts, is attracted by magnets, and is used in making steel.		категория не определилась (не определилась)
compensation	B2	4749	Noun	компенсация	возмещение	You may be entitled to compensation.	Вам может быть положена компенсация.	The act or principle of compensating.		категория не определилась (не определилась)
overlapping	C1	12332	Noun	нахлёст	перекрытие			The situation in which things overlap.		пример: слова нет в предложении; многозначное слово, подтвердить перевод нечем (части речи: Verb/Adjective/Noun); категория не определилась (не определилась)
bill	A1	669	Noun	счёт		Bring me the bill.	Принесите мне счёт.	A written list or inventory. (Now obsolete except in specific senses or set phrases; bill of lading, bill of goods, etc.).		категория не определилась (не определилась)
independent	A2	2083	Adjective	независимый	самостоятельный; свободный			Not dependent; not contingent or depending on something else; free.	qualities	пример: не для детей (в переводе): зависим
eastern	B1	2883	Adjective	восточный				Of, facing, situated in, or related to the east.	body	пример: слово в примере — имя собственное
possession	B2	4751	Noun	владение	обладание			A control or occupancy of something for which one does not necessarily have private property rights.		пример: слова нет в предложении; многозначное слово, подтвердить перевод нечем (значений: 5); категория не определилась (не определилась)
ravenous	C2	32235	Adjective	изголодавшийся				Very hungry.	qualities	пример: слова нет в предложении
figure	A1	671	Noun	рисунок		Go figure.	Поди пойми!	A drawing or diagram conveying information.		категория не определилась (не определилась)
gear	A2	2085	Noun	снаряжение		Get your gear.	Бери свои вещи.	Equipment or paraphernalia, especially that used for an athletic endeavor.	objects	многозначное слово, подтвердить перевод нечем (части речи: Noun/Verb/Adjective)
inconvenience	C1	12336	Noun	неудобство	беспокойство	Sorry for the inconvenience.	Простите за неудобства.	The quality of being inconvenient.		категория не определилась (не определилась)
sappy	C2	32236	Adjective	слащавый		It was a sappy love song, but it reminded them of their first dance.		Excessively sweet, emotional, nostalgic; cheesy; mushy. (British equivalent: soppy).	qualities	пример: нет предложений в Tatoeba; многозначное слово, подтвердить перевод нечем (2 разных этимологий)
rock	A1	672	Noun	порода		I like rock.	Я люблю рок.	A formation of minerals, specifically.		многозначное слово, подтвердить перевод нечем (5 разных этимологий; значений: 13); категория не определилась (не определилась)
neck	A2	2086	Noun	шея	выя	Wash your neck.	Помой шею.	The part of the body connecting the head and the trunk found in humans and some animals.	body	многозначное слово, подтвердить перевод нечем (2 разных этимологий)
tall	B1	2891	Adjective		of a person → высокий/рослый; of a building → высокий	It's tall.	Он высокий.	Having a top that is far up (contrast.	qualities	перевод не привязывается к значению — риск взять чужое
visa	B2	4753	Noun	виза		I need a visa.	Мне нужна виза.	A permit to enter and leave a country, normally issued by the authorities of the country to be visited.		категория не определилась (не определилась)
anti	B2	4754	Adjective			Tom is an anti-Semite.	Том - антисемит.	Opposed to something.	qualities	нет русского перевода в Wiktionary
mom	A1	675	Noun			Mom called.	Мама звонила.	Mother. used as a term of address for one's wife.	family	нет русского перевода в Wiktionary (вынесен на отдельную страницу)
academy	B1	2893	Noun	академия				An institution for the study of higher learning; a college or a university; typically a private school.	school	пример: длина английского предложения
quantity	B2	4756	Noun	количество		Quality over quantity.	Качество превыше количества.	A fundamental, generic term used when referring to the measurement (count, amount) of a scalar, vector.		категория не определилась (не определилась)
present	A1	681	Adjective	нынешний	настоящий	He's present.	Он здесь.	Relating to now, for the time being; current.	time	многозначное слово, подтвердить перевод нечем (3 разных этимологий; части речи: Adjective/Noun/Verb)
task	A2	2097	Noun	задание	задача; работа	What is my task?	Какова моя цель?	A piece of work done as part of one's duties.	objects	пример иллюстрирует другое значение (2 разных этимологий)
math	B1	2896	Noun	матика		Math sucks.	Математика — дерьмо.	Arithmetic calculations;.		многозначное слово, подтвердить перевод нечем (3 разных этимологий); категория не определилась (не определилась)
accent	B2	4760	Noun	акцент	ударение	He had an accent.	У него был акцент.	A higher-pitched or stronger.		категория не определилась (не определилась)
soiree	C2	32242	Noun	банкет	званый вечер; суаре; вечеринка			A formal evening party.		пример: нет предложений в Tatoeba; категория не определилась (не определилась)
grace	A2	2099	Noun		short prayer of thanks before or after a → молитва; elegant movement, poise or balance → грация/изящество; allowance of time granted to a debtor → отсрочка/передышка; free and undeserved favour, especially o → милость/милосердие/благоволение; divine assistance in resisting sin → благодать/милость	Grace looked angry.	Грейс выглядела сердитой.	Charming, pleasing qualities.		перевод не привязывается к значению — риск взять чужое; категория не определилась (не определилась)
holly	B2	4762	Noun	остролист	падуб	Holly branches are often used for decoration at Christmas.	Ветки остролиста используются как украшение к Рождеству.	Any of various shrubs or (mostly) small trees, of the genus Ilex, either evergreen or deciduous, used as decoration especially at Christmas.		категория не определилась (не определилась)
facilitator	C2	32244	Noun					Something that facilitates.		нет русского перевода в Wiktionary; пример: слова нет в предложении; категория не определилась (не определилась)
miles	A1	684	Noun			He ran five miles.	Он пробежал пять миль.	A great distance in space or time.		нет русского перевода в Wiktionary; категория не определилась (не определилась)
electric	A2	2101	Adjective	электрический	электро-			Of, relating to, produced by, operated with, or utilising electricity; electrical.	tech	пример: слова нет в предложении
plain	B1	2899	Adjective		ordinary; lacking adornment or ornamenta → простой/обыкновенный/обычный; of just one colour → одноцветный; computing: containing no non-printing ch → обычный/простой	That's just plain wrong.	Это просто неправильно.	Flat, level.	qualities	перевод не привязывается к значению — риск взять чужое
flood	B2	4763	Noun	наводнение	потоп; паводок	What caused the floods?	Что стало причиной наводнения?	An overflow of a large amount of water.		категория не определилась (не определилась)
lyric	C1	12344	Adjective			I know the lyrics.	Я знаю слова.	Of, or relating to a type of poetry (such as a sonnet or ode) that expresses subjective thoughts and feelings, often in a songlike style.	qualities	нет русского перевода в Wiktionary (вынесен на отдельную страницу)
market	A1	685	Noun	ярмарка	базар	The market is big.	Рынок большой.	A gathering of people for the purchase and sale of merchandise, often periodic at a set time.	city	перевод примера относится к другому значению
desert	B1	2901	Noun	пустыня		This is a desert.	Это пустыня.	A barren area of land or desolate terrain, especially one with little water or vegetation; a wasteland. In particular, a barren.		категория не определилась (не определилась)
arrow	B2	4764	Noun	стрела		Give me the arrow.	Дай мне стрелу.	A projectile consisting of a shaft, a point and a tail with stabilizing fins that is shot from a bow.		категория не определилась (не определилась)
bond	B1	2902	Noun	облигация	бонд	We have a special bond.	У нас особая связь.	A document constituting evidence of a long-term debt, by which the bond issuer (the borrower) is obliged to pay interest when due.	money	пример иллюстрирует другое значение (3 разных этимологий; части речи: Noun/Verb/Adjective; значений: 5)
scientist	B2	4765	Noun	учёный	учёный			One whose activities make use of the scientific method to answer questions regarding the measurable universe.	communication	пример: Tatoeba недоступна (offline: нет в кэше)
suspense	C1	12346	Noun	напряжение	напряжённое ожидание; саспенс	Come on, tell us. Don't keep us in suspense.	Ну, скажи нам. Не держи нас в напряжении.	The condition of being suspended; cessation for a time.		категория не определилась (не определилась)
section	A1	687	Noun	секция	сечение; разрез; отрезок	Take out the middle section.	Выньте среднюю секцию.	A cutting; a part cut out from the rest of something.		категория не определилась (не определилась)
romantic	B1	2905	Adjective	романтичный				Of a work of literature, a writer etc.: being like or having the characteristics of a romance.	art	пример: не для детей (в переводе): ром
stan	B2	4766	Verb	стэнить		Stan has always carried a torch for Liz.	Стэн всегда неровно дышал на Лиз.	To act as a stan (for); to be an obsessive fan (of).	actions	многозначное слово, подтвердить перевод нечем (2 разных этимологий)
record	A1	688	Noun	запись		Did you record everything?	Ты всё записала?	An item of information put into a temporary or permanent physical medium.		категория не определилась (не определилась)
location	A1	689	Noun	положение	местоположение; местонахождение; расположение			A particular point or place in physical space.	places	пример: слова нет в предложении
duct	C1	12351	Noun	канал	труба; проток; воздуховод	heating and air-conditioning ducts		A pipe, tube or canal which carries gas or liquid from one place to another.	objects	пример: длина английского предложения
baze	C2	32253	Verb					To stupefy; frighten; alarm.	actions	нет русского перевода в Wiktionary; пример: нет предложений в Tatoeba
sweetheart	B2	4772	Noun	душка		Good night, sweetheart.	Спокойной ночи, любимая.	A person who is always very kind.	people	перевод примера относится к другому значению
invitation	B2	4773	Noun	приглашение		an invitation to a party, to a dinner, or to visit a friend		The act of inviting; solicitation; the requesting of a person's company.	actions	пример: слова нет в предложении
ordinate	C2	32255	Noun	ордината		The point (3,2) has 3 as its abscissa and 2 as its ordinate.		The second of the two terms by which a point is referred to, in a system of fixed rectilinear coordinate (Cartesian coordinate) axes.		пример: нет предложений в Tatoeba; многозначное слово, подтвердить перевод нечем (части речи: Noun/Verb/Adjective); категория не определилась (не определилась)
cool	A1	694	Adjective	прохладный	холодноватый	Be cool.	Успокойся.	Of a mildly low temperature.	qualities	многозначное слово, подтвердить перевод нечем (2 разных этимологий; части речи: Adjective/Noun/Verb)
cast	A2	2115	Verb	бросать	кидать; швырять; бросить	We cast our ballots.	Мы проголосовали.	To move, or be moved, away. To throw.	actions	многозначное слово, подтвердить перевод нечем (части речи: Verb/Noun/Adjective)
del	B1	2918	Noun			Del Potro missed a backhand long at break point.	Дель Потро смазал бэкхенд по длине на брейк-пойнте.	The symbol ∇ used to denote the gradient operator.	objects	нет русского перевода в Wiktionary
pastime	C2	32256	Noun	времяпрепровождение	развлечение; увеселение; забава	Playing go is my favorite pastime.	Играть в го - моё любимое времяпрепровождение.	Something which amuses, and serves to make time pass agreeably.		категория не определилась (не определилась)
guarantee	A2	2116	Noun	гарантия	порука; поручительство	We guarantee it.	Мы это гарантируем.	Anything that assures a certain outcome.		категория не определилась (не определилась)
belief	B2	4775	Noun	вера	доверие; убеждение	My belief is strong.	Моя вера сильна.	Mental acceptance of a claim as true.		категория не определилась (не определилась)
measure	B1	2923	Noun	мера		Measure the width.	Измерь ширину.	A prescribed quantity or extent. Moderation, temperance. A limit that cannot be exceeded; a bound. (Now chiefly in set phrases.).		категория не определилась (не определилась)
snap	B2	4777	Noun	щелчок	треск	Snap out of it.	Очнись.	A quick breaking or cracking sound or the action of producing such a sound.		многозначное слово, подтвердить перевод нечем (части речи: Noun/Verb/Adjective); категория не определилась (не определилась)
media	A1	701	Noun		means and institutions for publishing an → медиа; the journalists and other professionals  → средства массовой информации/сми/масс-медиа	Don't believe the media.	Не верьте средствам массовой информации.	The middle layer of the wall of a blood vessel or lymph vessel which is composed of connective and muscular tissue.	home	перевод не привязывается к значению — риск взять чужое
souvenir	C1	12363	Noun	сувенир		The boss gave me a souvenir.	Начальник подарил мне сувенир.	An item of sentimental value, that is given or kept to remember an event or location.		категория не определилась (не определилась)
earthling	C2	32259	Noun			I'm an earthling.	Я землянин.	One who tills the earth; a farmer, a husbandman, a ploughman.	people	нет русского перевода в Wiktionary
process	A1	703	Noun	процесс		It's a tough process.	Это сложный процесс.	A series of events leading to a result or product.		категория не определилась (не определилась)
basis	A2	2120	Noun	основание	фундамент	Water is the basis of life.	Вода - основа жизни.	A physical base or foundation.		категория не определилась (не определилась)
palace	B1	2926	Noun	дворец	чертог			Official residence of a head of state or other dignitary, especially in a monarchical or imperial governmental system.		пример: слово в примере — имя собственное; категория не определилась (не определилась)
follow	A1	704	Verb	следовать		Follow us.	Иди за нами.	To go after; to pursue; to move behind in the same path or direction, especially with the intent of catching.	actions	многозначное слово, подтвердить перевод нечем (значений: 8)
saint	A2	2121	Noun		person proclaimed as saint → святой/святая; (''figuratively'') a person with positiv → святой/святая	The Roman Catholic Church proclaimed Kateri Tekakwitha a saint in 2012.		A deceased person whom a church or another religious group has officially recognised as especially holy or godly.		перевод не привязывается к значению — риск взять чужое; пример: слово в примере — имя собственное; категория не определилась (не определилась)
hideaway	C2	32263	Noun			This weekend, let's find some romantic hideaway on the coast.		A hiding place, somewhere one can go to get away from other people.		нет русского перевода в Wiktionary; пример: нет предложений в Tatoeba; категория не определилась (не определилась)
mark	A1	705	Noun		indication for reference or measurement → знак/отметка; academic score → оценка/отметка/балл; sporting score → счёт/результат; visible impression, blemish, stain → пятно/след/отметина; units of currency notionally equivalent  → марка	Mark laughs.	Марк смеётся.	Boundary, land within a boundary. A boundary.		перевод не привязывается к значению — риск взять чужое; категория не определилась (не определилась)
hire	A2	2125	Noun	наём	прокат	I hired him.	Я нанял его.	A person who has been hired, especially in a cohort.	people	многозначное слово, подтвердить перевод нечем (2 разных этимологий)
county	A1	706	Noun	графство		She met a boy at the county fair.	На окружной ярмарке она познакомилась с парнем.	The land ruled by a count or a countess.		категория не определилась (не определилась)
hentai	A2	2128	Noun	хентай				A work of anime or manga (or any similar medium) that contains heavily sexual or pornographic art.	art	пример: нет предложений в Tatoeba
domain	B1	2930	Noun	владение		That book is in the public domain.	Эта книга находится в общественном доступе.	A geographic area owned or controlled by a single person or organization.		категория не определилась (не определилась)
buck	B2	4785	Noun	самец		I have buck teeth.	У меня криво растут зубы.	A male deer, antelope, sheep, goat, rabbit, hare, and sometimes the male of other animals such as the hamster, ferret, salmonid, shad.	animals	многозначное слово, подтвердить перевод нечем (6 разных этимологий)
relevancy	C2	32267	Noun					Sufficiency (of a statement, claim etc.) to carry weight in law; legal pertinence.	communication	нет русского перевода в Wiktionary (вынесен на отдельную страницу); пример: слова нет в предложении
laughing	A2	2129	Noun			Quit laughing.	Хватит ржать.	Verbal noun of laugh: the action of the verb to laugh.		нет русского перевода в Wiktionary; категория не определилась (не определилась)
tap	B2	4789	Noun	пробка	затычка	The tap is off.	Кран закрыт.	A conical peg or pin used to close and open the hole or vent in a container.	objects	многозначное слово, подтвердить перевод нечем (3 разных этимологий)
cover	A1	711	Noun		lid → крышка; hiding → укрытие; front and back of a book or a magazine → обложка; top sheet → покрывало; cover charge → входная плата	Cover your ears.	Прикройте уши.	Area or situation which screens a person or thing from view.	places	перевод не привязывается к значению — риск взять чужое
possibly	A2	2131	Adverb			Possibly, they will make gains in the midterm elections.		Perhaps; indicates that the proposition may be true (is not certainly false) regardless of any facts or circumstances known to.	mind	нет русского перевода в Wiktionary; пример: слова нет в предложении
countess	C1	12373	Noun	графиня		I'm not a countess.	Я не графиня.	The wife of a count or earl.		категория не определилась (не определилась)
mija	C2	32269	Noun					A term of endearment for a woman or girl.	people	нет русского перевода в Wiktionary; пример: нет предложений в Tatoeba
crust	C1	12374	Noun	корка		The crust is rising.	Появляется корочка.	A more solid, dense or hard layer on a surface or boundary.		перевод примера относится к другому значению; категория не определилась (не определилась)
giftware	C2	32272	Noun					Items designed to be bought as gifts.		нет русского перевода в Wiktionary; пример: нет предложений в Tatoeba; категория не определилась (не определилась)
insurance	A1	716	Noun	страховка		I have insurance.	У меня есть страховка.	A means of indemnity against a future occurrence of an uncertain event.		категория не определилась (не определилась)
brass	B2	4794	Noun	латунь		It's made of brass.	Он сделан из латуни.	A metallic alloy of copper and zinc used in many industrial and plumbing applications.		категория не определилась (не определилась)
ballroom	C1	12375	Noun	танцевальный зал		My daughter has been doing ballroom dancing since she was four years old.	Моя дочь занимается бальными танцами с четырёх лет.	A large room used for dancing and banquets.	home	перевод примера относится к другому значению
behavioural	C2	32273	Adjective	поведенческий				Of or pertaining to behaviour.	qualities	пример: слова нет в предложении
universe	A2	2137	Noun	вселенная	мир	Welcome to my universe.	Добро пожаловать в мою вселенную.	The sum of everything that exists in the cosmos.		категория не определилась (не определилась)
survey	B1	2937	Noun	обзор	обозрение	Let's take a survey.	Пойдем осмотримся.	The act of surveying; a general view.	actions	перевод примера относится к другому значению
collins	B2	4795	Noun					Any of various alcoholic drinks made with lemon juice, sugar, and carbonated water.	food	нет русского перевода в Wiktionary; пример: слово в примере — имя собственное
clap	C1	12376	Noun	хлопок		Please clap.	Похлопайте, пожалуйста.	The act of striking the palms of the hands, or any two surfaces, together.	actions	многозначное слово, подтвердить перевод нечем (2 разных этимологий)
pantyhose	C1	12377	Noun	колготки		The dancers are wearing white pantyhose.	На балеринах белые колготки.	Thin nylon tights worn over the legs, usually tan in color.		категория не определилась (не определилась)
treble	C2	32276	Noun	дискант	сопрано	Its value trebled.	Его стоимость выросла втрое.	The highest singing voice (especially as for a boy) or part in musical composition.		многозначное слово, подтвердить перевод нечем (2 разных этимологий; части речи: Adjective/Adverb/Noun/Verb); категория не определилась (не определилась)
deception	C1	12379	Noun	ложь	обман; заблуждение	I discovered the deception.	Я разоблачил ложь.	An instance of actions and/or schemes fabricated to mislead someone into believing a lie or inaccuracy.		категория не определилась (не определилась)
relief	B1	2941	Noun	облегчение		It's a relief.	Какое облегчение.	The removal of stress or discomfort.		категория не определилась (не определилась)
mill	B2	4798	Noun	мельница	дробилка	It's grist to his mill.	Это вода на его мельницу.	A grinding apparatus for substances such as grains, seeds, etc. (Some are small and simple, and some are large and complex.).		категория не определилась (не определилась)
pow	C1	12380	Noun					The sound of a violent impact.		нет русского перевода в Wiktionary; пример: латиница в переводе; категория не определилась (не определилась)
break	A1	724	Verb	ломаться	разбиваться; сломаться; разбиться	Things break.	Вещи ломаются.	To separate into two or more pieces, to fracture or crack, by a process that cannot easily be reversed for reassembly.	actions	многозначное слово, подтвердить перевод нечем (2 разных этимологий)
proper	A2	2145	Adjective	подходящий	соответствующий; надлежащий	the proper time to plant potatoes		Suitable. Suited or acceptable to the purpose or circumstances; fit, suitable.	qualities	пример: слова нет в предложении; многозначное слово, подтвердить перевод нечем (части речи: Adjective/Adverb/Noun)
swimming	B1	2942	Noun	плавание		Go swimming!	Иди поплавай!	The act or art of sustaining and propelling the body in water.	art	многозначное слово, подтвердить перевод нечем (3 разных этимологий)
bullshit	B2	4800	Noun		vulgar slang for deceptive or exaggerate → фигня/хуета/пиздёж; vulgar slang for patently or offensively → пиздёж/хуйня/херня; card game → верю-не-верю	It's bullshit.	Бред.	Feces produced by a bull.		перевод не привязывается к значению — риск взять чужое; категория не определилась (не определилась)
polska	C2	32279	Noun					A kind of Nordic dance, usually danced with a partner in 3/4 meter.		нет русского перевода в Wiktionary; пример: нет предложений в Tatoeba; категория не определилась (не определилась)
pair	A2	2146	Noun	пара		Two boots make a pair.	Два сапога — пара.	Two alike or identical things taken together; often followed by of.		категория не определилась (не определилась)
gap	B2	4802	Noun	разрыв	пролом; брешь; щель	The gap between them has narrowed.	Разрыв между ними сократился.	An opening in anything, made by breaking or parting.		категория не определилась (не определилась)
meanwhile	B2	4803	Adverb	в это время	в то же время	Meanwhile, night had fallen.	Тем временем наступила ночь.	During the time that something is happening, often specifically in a different place.	time	перевод примера относится к другому значению
datasheet	C1	12383	Noun					A document summarizing the performance and other technical characteristics of a product.		нет русского перевода в Wiktionary; пример: нет предложений в Tatoeba; категория не определилась (не определилась)
pardon	B2	4804	Noun	прощение		Pardon my clumsiness.	Извините меня за мою неловкость.	Forgiveness for an offence.		категория не определилась (не определилась)
newlyweds	C2	32282	Noun			We're newlyweds.	Мы молодожёны.	A recently married couple.	family	нет русского перевода в Wiktionary
text	A1	729	Noun		a written passage → текст; a book, tome or other set of writings → текст; a brief written message transmitted betw → сообщение/смс/эс-эм-эс	Text me.	Напиши мне!	A writing consisting of multiple glyphs, characters, symbols or sentences.		перевод не привязывается к значению — риск взять чужое; категория не определилась (не определилась)
drama	B1	2946	Noun	драма	пьеса	How does this drama end?	Чем заканчивается эта драма?	A composition, normally in prose.		категория не определилась (не определилась)
recover	B2	4805	Verb	возвращать	возвратить; вернуть	He'll recover.	Он поправится.	To get back, to regain (a physical thing; in astronomy and navigation, sight of a thing or a signal).	actions	пример иллюстрирует другое значение (2 разных этимологий)
scone	C2	32283	Noun	скон				A small, rich, pastry or quick bread, sometimes baked on a griddle.		пример: не для детей (в переводе): пьёт; категория не определилась (не определилась)
lewis	B1	2948	Noun					A cramp iron inserted into a cavity in order to lift heavy stones; used as a symbol of strength in Freemasonry.		нет русского перевода в Wiktionary; пример: длина английского предложения; категория не определилась (не определилась)
tight	A2	2154	Adjective	тесный		Sit tight.	Сиди и не двигайся.	Firmly held together; compact; not loose or open.	qualities	многозначное слово, подтвердить перевод нечем (2 разных этимологий; части речи: Adjective/Adverb/Verb)
revenue	B2	4808	Noun	доход	поступление; выручка	His revenue doubled after retirement.	После выхода на пенсию его доход увеличился вдвое.	The income returned by an investment.		категория не определилась (не определилась)
voodoo	C1	12388	Noun	вуду		I'm not a believer of voodoo.	Я не верю в вуду.	Any of a group of related religious practices found chiefly in and around the Caribbean, particularly in Haiti and Louisiana.		категория не определилась (не определилась)
ionic	C2	32285	Adjective			What's an ionic bond?	Что такое ионная связь?	Of, relating to, or containing ions.	qualities	нет русского перевода в Wiktionary
balance	A2	2155	Noun	гармония		You lost balance.	Ты терял равновесие.	A state in which opposing forces harmonise; equilibrium.		категория не определилась (не определилась)
rate	A1	735	Noun	пропорция	отношение; курс; коэффициент	Rate our app.	Оцените наше приложение.	The worth of something; value.		многозначное слово, подтвердить перевод нечем (3 разных этимологий); категория не определилась (не определилась)
host	A2	2156	Noun	хозяин	хозяйка	He had reckoned without his host.	Он ошибся в расчётах.	One which receives or entertains a guest, socially, commercially, or officially.		многозначное слово, подтвердить перевод нечем (3 разных этимологий); категория не определилась (не определилась)
fibrosis	C2	32288	Noun					The formation of (excess) fibrous connective tissue in an organ.	body	нет русского перевода в Wiktionary; пример: не для детей [болезни и травмы]: disease
management	A1	737	Noun	управление	менеджмент			Administration; the use of limited resources combined with forecasting, planning.		пример: слова нет в предложении; категория не определилась (не определилась)
silly	B1	2956	Adjective	глупый	дурной; тупой	He's silly.	Он поехавший.	Laughable or amusing through foolishness or a foolish appearance.	qualities	многозначное слово, подтвердить перевод нечем (части речи: Adjective/Adverb/Noun)
contamination	C1	12391	Noun	загрязнение		Milk is pasteurized to prevent contamination.	Молоко пастеризуется, чтобы не допустить заражения.	The act or process of contaminating.		категория не определилась (не определилась)
inch	B1	2957	Noun	дюйм		I can't move an inch.	Я не могу сдвинуться ни на дюйм.	An English unit of length equal to 1/12 of a foot or 2.54 cm.		категория не определилась (не определилась)
sec	A2	2160	Noun			Wait a sec.	Подожди секундочку.	Second, ⁄60 of a minute.		нет русского перевода в Wiktionary; категория не определилась (не определилась)
stance	C1	12394	Noun	позиция	поза; стойка; положение	We still maintain our stance.	Мы по-прежнему придерживаемся своей позиции.	The manner, pose, or posture in which one stands.		категория не определилась (не определилась)
third	A1	742	Adjective	третий		I was third.	Я была третья.	The ordinal form of the cardinal number three; Coming after the second.	qualities	многозначное слово, подтвердить перевод нечем (части речи: Adjective/Noun/Verb)
benefits	A2	2161	Noun			It has its benefits.	Это имеет свои преимущества.	Public assistance; welfare.	society	нет русского перевода в Wiktionary
belong	B1	2960	Verb	быть «своим»		I belong here.	Моё место здесь.	To have its proper place.	actions	многозначное слово, подтвердить перевод нечем (2 разных этимологий)
garrison	C1	12395	Noun	гарнизон		The garrison was forced to surrender.	Гарнизон был вынужден сдаться.	A permanent military post.		категория не определилась (не определилась)
thumbprint	C2	32292	Noun			Please put your thumbprint here.	Пожалуйста, оставьте отпечаток Вашего большого пальца здесь.	A print, mark or impression made by a thumb.		нет русского перевода в Wiktionary; категория не определилась (не определилась)
gah	C2	32293	Interjection					Expressing exasperation or annoyance.	communication	нет русского перевода в Wiktionary; пример: нет предложений в Tatoeba
notice	A1	744	Noun		written or printed announcement → объявление/уведомление; formal notification or warning → уведомление/извещение; published critical review → рецензия; prior notification → сообщение	Did you notice?	Ты это заметил?	The act of observing; perception.	actions	перевод не привязывается к значению — риск взять чужое
benefit	A2	2164	Noun	выгода	преимущество; польза; прибыль	I see no benefit.	Я не вижу никакой выгоды.	An advantage; help or aid from something.		категория не определилась (не определилась)
understandable	C1	12397	Adjective	понятный				Capable of being understood; comprehensible.	qualities	пример: слова нет в предложении
east	A1	746	Noun	восток	ост; восход	Head east.	Направляйся на восток.	The direction of the earth's rotation, specifically 90°.		категория не определилась (не определилась)
wherefore	C2	32297	Adverb	почему	отчего			Why, for what reason, because of what.	qualities	перевод есть только для другой части речи (Conjunction вместо Adverb); пример: нет предложений в Tatoeba
fall	A1	747	Verb	падать	упасть	Fall back.	Посторонитесь.	To be moved downwards. To move to a lower position under the effect of gravity.	actions	многозначное слово, подтвердить перевод нечем (2 разных этимологий)
boyfriend	B1	2967	Noun	молодой человек	кавалер; друг; парень	I have a boyfriend.	У меня есть молодой человек.	A male partner in an unmarried romantic relationship.		категория не определилась (не определилась)
heritage	B2	4819	Noun	наследство		That's part of our heritage.	Это часть нашего наследия.	An inheritance; property that may be inherited.		перевод примера относится к другому значению; категория не определилась (не определилась)
sean	B1	2968	Noun			Sean Connery is a Scottish actor.	Шон Коннери — шотландский актёр.	Dated form of seine.		нет русского перевода в Wiktionary; категория не определилась (не определилась)
praise	B2	4821	Noun	похвала	восхваление; хвала	Praise him.	Похвалите его.	Commendation; favourable representation in words.		категория не определилась (не определилась)
inbred	C2	32299	Adjective					Bred within; innate.	qualities	нет русского перевода в Wiktionary; пример: нет предложений в Tatoeba
backup	B1	2969	Noun	резерв	дублёр	Bring backup.	Приведите подкрепление.	A reserve or substitute.		многозначное слово, подтвердить перевод нечем (части речи: Noun/Adjective/Verb); категория не определилась (не определилась)
peptide	C1	12404	Noun	пептид				The peptide bond itself.		пример: нет предложений в Tatoeba; категория не определилась (не определилась)
belly	B2	4825	Noun	живот	брюхо; пузо	She's a belly dancer.	Она исполнительница танца живота.	The abdomen (especially a fat one).		категория не определилась (не определилась)
poppy	C1	12407	Noun	мак		I'm allergic to poppy seeds.	У меня аллергия на мак.	Any plant of the genus Papaver or the family Papaveraceae, with crumpled, often red, petals and a milky juice having narcotic properties.	nature	многозначное слово, подтвердить перевод нечем (4 разных этимологий)
wield	C2	32302	Verb	владеть	орудовать	Do you know how to wield an epee?	Ты умеешь обращаться со шпагой?	To handle with skill and ease, especially a weapon or tool.	actions	многозначное слово, подтвердить перевод нечем (2 разных этимологий)
model	A1	754	Noun		person → модель; miniature → модель; simplified representation → модель/макет; style → модель/фасон; structural design → модель/шаблон	I'm a model.	Я фотомодель.	A person who poses as a subject or visual reference for an artist.	people	перевод не привязывается к значению — риск взять чужое
administration	A2	2173	Noun	администрация	управление; руководство; управление			The act of administering; government of public affairs; the service rendered, or duties assumed.	society	пример: не для детей (в переводе): ад
ruth	B2	4829	Noun			Ruth was a Moabite.	Руфь была моавитянкой.	Sorrow for the misery of another person; compassion, mercy, pity.		нет русского перевода в Wiktionary (вынесен на отдельную страницу); категория не определилась (не определилась)
further	A1	758	Verb	продвигать	содействовать; способствовать	Scroll further.	Листай дальше.	To help forward; to assist.	actions	многозначное слово, подтвердить перевод нечем (части речи: Verb/Adjective/Adverb)
loud	B1	2974	Adjective		of a sound → громкий; noisy → громкий/шумный; of a colour, clothing, etc. → кричащий	They're loud.	Они шумные.	Of great intensity.	qualities	перевод не привязывается к значению — риск взять чужое
knee	B2	4830	Noun	колено		My knee aches.	У меня болит колено.	In humans, the joint or the region of the joint in the middle part of the leg between the thigh and the shank.		категория не определилась (не определилась)
interest	A1	759	Noun	процент		Very interesting.	Очень интересно.	The price paid for obtaining, or price received for providing, money or goods in a credit transaction.	money	перевод примера относится к другому значению
confirm	B1	2975	Verb	укреплять	усиливать; укрепить; усилить	Please confirm.	Пожалуйста, подтвердите.	To strengthen; to make firm or resolute.	actions	перевод примера относится к другому значению
apocalypse	C1	12415	Noun	апокалипсис	откровение	What would you do in the event of a zombie apocalypse?	Что бы ты сделал в случае зомби-апокалипсиса?	A revealing, especially a prophecy of, or the unfolding of, supernatural events.		категория не определилась (не определилась)
development	A1	760	Noun	развитие		The development of this story has been slow.		The process of developing; growth, directed change.	actions	пример: слова нет в предложении
choice	A1	761	Noun	выбор		Make a choice.	Сделай выбор.	An option; a decision; an opportunity to choose or select something.		категория не определилась (не определилась)
solid	A2	2178	Adjective		in the solid state → твёрдый; large, massive → крупный/массивный/солидный; lacking holes or hollows → сплошной; extremely filling → сытный; strong, unyielding (as of foundations et → крепкий/прочный	Ice is solid.	Лёд твёрдый.	That can be picked up or held, having a texture, and usually firm. Unlike a liquid, gas or plasma.	qualities	перевод не привязывается к значению — риск взять чужое
pride	B1	2979	Noun	гордыня	спесь; заносчивость; высокомерие	Swallow your pride!	Гордыня тебе здесь не поможет.	The quality or state of being proud. A sense of one's own worth; reasonable self-esteem and satisfaction (in oneself, in one's work.		категория не определилась (не определилась)
version	A1	762	Noun	версия	вариант	It's an old version.	Это старая версия.	A specific form or variation of something.		категория не определилась (не определилась)
chivalrous	C2	32309	Adjective	рыцарский	галантный; благородный			Honourable, especially to women; gallant.	qualities	пример: нет предложений в Tatoeba
motel	B2	4839	Noun	мотель	автопансионат			A type of hotel or lodging establishment, often located near a major highway.		пример: Tatoeba недоступна (offline: нет в кэше); категория не определилась (не определилась)
gallon	C1	12421	Noun	галлон		How much does a gallon of gas cost in Boston?	Сколько в Бостоне галлон бензина стоит?	A unit of volume, equivalent to eight pints.		категория не определилась (не определилась)
bobby	B1	2982	Noun			Bobby may watch TV until 7:00.	Бобби может смотреть телевизор до 7.	A police officer.		нет русского перевода в Wiktionary; категория не определилась (не определилась)
portion	B2	4842	Noun	часть	доля; порция; пай	The exam had a written portion.	В экзамене была письменная часть.	An allocated amount.		категория не определилась (не определилась)
league	A2	2182	Noun	лига	союз; объединение	We're not in their league.	Мы не в их лиге.	A group or association of cooperating members.		многозначное слово, подтвердить перевод нечем (2 разных этимологий; части речи: Noun/Verb/Adjective); категория не определилась (не определилась)
rick	B1	2983	Noun	стог		Rick is my nickname.	Рик — это моё прозвище.	Straw, hay etc. stored in a stack for winter fodder, commonly protected with thatch.		многозначное слово, подтвердить перевод нечем (4 разных этимологий); категория не определилась (не определилась)
force	A1	772	Noun	сила		By force!	Насильно!	Ability to influence.		пример иллюстрирует другое значение (4 разных этимологий; значений: 11); категория не определилась (не определилась)
literature	B1	2984	Noun	литература	словесность	I study Latin literature.	Я изучаю латинскую литературу.	The body of all written works.		категория не определилась (не определилась)
paul	A1	773	Noun			Paul eats.	Павел ест.	An old Italian silver coin; a paolo.		нет русского перевода в Wiktionary; категория не определилась (не определилась)
zero	A2	2186	Noun	ноль		It is zero.	Это ноль.	NATO & ICAO radiotelephony clear code (spelling-alphabet name) for the digit 0.		категория не определилась (не определилась)
taxonomy	C1	12427	Noun	систематика	классификация			The science, technique, or process used to make a classification.	objects	пример: нет предложений в Tatoeba
meal	B1	2987	Noun		food that is prepared and eaten → еда/пища/снедь; coarse-ground edible part of various gra → мука	Enjoy your meal.	Приятного аппетита.	Correct quotes.	food	перевод не привязывается к значению — риск взять чужое
imprisonment	C1	12429	Noun	(тюремное) заключение	лишение свободы; заточение			A confinement in a place, especially a prison or a jail, especially as punishment for a crime.		пример: слова нет в предложении; категория не определилась (не определилась)
erroneous	C2	32315	Adjective	ложный	неверный; неправильный; ошибочный	His answer to the sum was erroneous.		Containing an error; inaccurate.	qualities	пример: нет предложений в Tatoeba
intelligence	A2	2190	Noun	интеллект	интеллигентность; разум; рассудок	intelligence quotient		The capacity of mind, especially to understand principles, truths, facts or meanings, acquire knowledge, and apply it to practice.	mind	пример: слова нет в предложении
authorized	B2	4849	Adjective			Authorized personnel only.	Только для персонала, имеющего разрешение.	Explicitly allowed.	qualities	нет русского перевода в Wiktionary
staff	A1	776	Noun	посох	палка; жезл	Staff members only.	Вход только для персонала.	A long, straight, thick wooden rod or stick, especially one used to assist in walking.	objects	пример иллюстрирует другое значение (2 разных этимологий)
resource	B1	2990	Noun	ресурс	запас; средство	Water is a precious resource.	Вода - ценный ресурс.	Something that one uses to achieve an objective, e.g. raw materials or personnel.		категория не определилась (не определилась)
stairs	B2	4850	Noun	лестница	ступенька	Go up the stairs.	Поднимайтесь по лестнице.	A contiguous set of steps connecting two floors.		категория не определилась (не определилась)
track	A1	777	Noun	след		The tracks end here.	Следы обрываются здесь.	A mark left by something that has passed along.		категория не определилась (не определилась)
movement	A2	2194	Noun	движение		Movement is sensual.	Движение чувственное.	Physical motion between points in space.		категория не определилась (не определилась)
portable	B2	4852	Adjective	переносной	портативный			Able to be carried or easily moved.	actions	пример: латиница в переводе
link	A1	778	Noun	связь	соединение	Paste the link.	Вставьте ссылку.	A connection between places, people, events, things, or ideas.		пример иллюстрирует другое значение (3 разных этимологий); категория не определилась (не определилась)
printable	B1	2994	Adjective					Worthy or capable of being printed.	qualities	нет русского перевода в Wiktionary; пример: нет предложений в Tatoeba
fastener	C2	32319	Noun	застёжка	аграф	The mechanic replaced the damaged fastener.		Something or someone that fastens.		пример: слова нет в предложении; категория не определилась (не определилась)
operating	A2	2198	Adjective			Don't touch the operating machinery.		In operation; that operates.	qualities	нет русского перевода в Wiktionary; пример: слова нет в предложении
example	A1	780	Noun	пример		Give an example.	Приведи пример.	Something that is representative of all such things in a group.		категория не определилась (не определилась)
lay	A2	2200	Verb	класть	укладывать; положить; уложить	He lay down.	Он лёг.	To place down in a position of rest, or in a horizontal position.	actions	многозначное слово, подтвердить перевод нечем (8 разных этимологий; части речи: Verb/Noun/Adjective)
ave	B2	4857	Noun			Ave Maria.	Аве Мария.	A salutation.		нет русского перевода в Wiktionary; категория не определилась (не определилась)
source	A1	781	Noun	источник	исток; ключ; первоисточник	I know the source.	Я знаю источник.	The person, place, or thing from which something (information, goods, etc.) comes or is acquired.		категория не определилась (не определилась)
mile	B1	2997	Noun	миля		They're miles away.	Они в милях отсюда.	The international mile: a unit of length precisely equal to 1.609344 kilometers established by treaty among Anglophone nations in 1959.		категория не определилась (не определилась)
earl	B2	4859	Noun	граф	эрл			A British or Irish nobleman next in rank above a viscount and below a marquess; equivalent to a European count.		пример: слово в примере — имя собственное; категория не определилась (не определилась)
value	A1	783	Noun	стоимость	ценность	The value doubled.	Стоимость подскочила вдвое.	The quality that renders something desirable or valuable; worth.		категория не определилась (не определилась)
alpha	B1	2998	Noun	альфа		Alpha particles carry a positive charge.	Альфа-частицы несут положительный заряд.	The name of the first letter of the Greek alphabet (Α, α), followed by beta. In the Latin alphabet it is the predecessor to A.		категория не определилась (не определилась)
network	A1	784	Noun	сеть		Tatoeba is not a social network.	Татоэба не социальная сеть.	Any interconnected group or system.		категория не определилась (не определилась)
violence	A2	2204	Noun	сила	неистовство	I abhor violence.	Я ненавижу насилие.	Extreme force.		перевод примера относится к другому значению; категория не определилась (не определилась)
certified	B2	4863	Adjective			a certified organization		Having met an official standard.	qualities	нет русского перевода в Wiktionary; пример: не для детей (в переводе): придурок
deposition	C1	12447	Noun	смещение с должности				The removal of someone from office.		пример: слова нет в предложении; категория не определилась (не определилась)
janitorial	C2	32325	Adjective					Of or pertaining to a janitor.	qualities	нет русского перевода в Wiktionary; пример: нет предложений в Tatoeba
blaring	B2	4864	Noun					Any loud noise, such as from an elephant.		нет русского перевода в Wiktionary; пример: слова нет в предложении; категория не определилась (не определилась)
onboard	C1	12448	Adjective			I got onboard the bus.	Я сел в автобус.	Carried or used on or in a vehicle or vessel.	travel	нет русского перевода в Wiktionary (вынесен на отдельную страницу)
san	A1	786	Noun					An Ancient Greek letter representing /s/ (uppercase Ϻ, lowercase ϻ), originally used in some dialects instead of sigma.		нет русского перевода в Wiktionary; пример: слово в примере — имя собственное; категория не определилась (не определилась)
throat	A2	2207	Noun	горло	глотка	My throat burns.	У меня горло горит.	The front part of the neck.		категория не определилась (не определилась)
recovery	B1	3001	Noun	возврат	получение вновь; получение обратно	I wish you a speedy recovery.	Желаю тебе скорейшего выздоровления!	The act or process of regaining or repossession of something lost. A clever verbal solution to an embarrassing verbal mistake.		перевод примера относится к другому значению; категория не определилась (не определилась)
cleanup	C1	12450	Noun	уборка		the cost of environmental cleanup after an oil spill		The act of cleaning or tidying something.	actions	пример: нет предложений в Tatoeba
coolant	C2	32327	Noun	охлаждающая жидкость	теплоноситель	Coolant is used in car engines and industrial processes, where excess heat could cause machine damage.		A medium, usually fluid, used to draw heat from an object.	objects	пример: нет предложений в Tatoeba
bar	A1	789	Noun	прут	стержень; брус	The bar is open.	Бар открыт.	A solid, more or less rigid object of metal or wood with a uniform cross-section smaller than its length.		многозначное слово, подтвердить перевод нечем (5 разных этимологий; части речи: Noun/Verb/Adverb); категория не определилась (не определилась)
mental	A2	2208	Adjective	умственный		That night was mental.	Это была безумная ночь.	Of or relating to the mind or specifically the total emotional and intellectual response of an individual to external reality.	qualities	многозначное слово, подтвердить перевод нечем (2 разных этимологий)
hardcover	B1	3002	Noun					A book with a rigid binding, often of cardboard or leather.		нет русского перевода в Wiktionary; пример: нет предложений в Tatoeba; категория не определилась (не определилась)
obstacle	C1	12451	Noun	препятствие	преграда; помеха	This is the only obstacle.	Это единственное препятствие.	Something that impedes, stands in the way of, or holds up progress, either physically or figuratively.		категория не определилась (не определилась)
grouse	C2	32328	Noun	тетерев	рябчик	The male grouse performs elaborate dances in order to attract a mate.	Самец тетерева выполняет сложные танцы, чтобы привлечь пару.	Any of various game birds of the subfamily Tetraoninae which inhabit temperate and subarctic regions of the Northern Hemisphere.		категория не определилась (не определилась)
nerve	B2	4867	Noun	нерв		Calm your nerves.	Успокой свои нервы.	A bundle of neurons with their connective tissue sheaths, blood vessels and lymphatics.		категория не определилась (не определилась)
humph	C2	32329	Verb	гм	гм; хм			To utter "humph!" in doubt or disapproval.	actions	перевод есть только для другой части речи (Interjection вместо Verb); пример: не для детей (в переводе): вор
final	A1	791	Noun	выпускной				A final examination; a test or examination given at the end of a term or class; the test that concludes a class.		пример: слова нет в предложении; многозначное слово, подтвердить перевод нечем (части речи: Noun/Adjective/Verb); категория не определилась (не определилась)
failure	A2	2212	Noun	неудача	провал; крах; неуспех	You're a failure.	Ты - неудачник.	State or condition of not meeting a desirable or intended objective, opposite of success.		категория не определилась (не определилась)
ultimate	B1	3004	Adjective	последний	окончательный; крайний; завершительный	It's my ultimate goal.	Это моя конечная цель.	Final; last in a series.	qualities	пример иллюстрирует другое значение (части речи: Adjective/Noun/Verb)
consolidated	C1	12453	Adjective					Having undergone consolidation.	qualities	нет русского перевода в Wiktionary; пример: слова нет в предложении
categorization	C2	32330	Noun	категоризация				A group of things arranged by category.		пример: слова нет в предложении; категория не определилась (не определилась)
social	A1	793	Adjective	общительный		We're social animals.	Мы социальные животные.	Being extroverted or outgoing.	society	перевод примера относится к другому значению
morgan	B1	3008	Noun					A unit for expressing the relative distance between genes on a chromosome.	family	нет русского перевода в Wiktionary; пример: слово в примере — имя собственное
pervasive	C2	32332	Adjective	распространяющийся	проникающий; пропитывающий; заполняющий	The medication had a pervasive effect on the patient's health.		Manifested throughout; pervading, permeating, penetrating or affecting everything.	qualities	пример: нет предложений в Tatoeba
middle	A1	795	Noun	середина	средина	I'm middle class.	Я из среднего класса.	A centre, midpoint.		многозначное слово, подтвердить перевод нечем (части речи: Noun/Adjective/Verb); категория не определилась (не определилась)
makeup	B2	4873	Noun	состав	строение; устройство; уклад	We put on makeup.	Мы накрасились.	An item's composition.		категория не определилась (не определилась)
distorted	C1	12458	Adjective			He distorted my words.	Он исказил мои слова.	Unnatural in shape or size; abnormal.	qualities	нет русского перевода в Wiktionary
lord	A1	796	Noun	хозяин		Lord have mercy!	Господи, помилуй!	The master of the servants of a household; the master of a feudal manor The male head of a household, a father or husband.	home	перевод примера относится к другому значению
dude	A2	2218	Noun	мужик	чувак; чел; кент	Hey, dude.	Эй, мужик!	A man, generally a younger man.		категория не определилась (не определилась)
glossary	B1	3010	Noun	глоссарий	словарь	At the back of the book you can find the glossary.		A list of difficult words or specialized terms used in a particular book or document, or in a particular domain of knowledge.	mind	пример: Tatoeba недоступна (offline: нет в кэше)
matrix	B2	4874	Noun	матрица		Show that the matrix is diagonalisable.	Докажите, что матрица приводится к диагональному виду.	The cavity or mold in which anything is formed.		категория не определилась (не определилась)
couple	A1	797	Noun	пара	двое	We're a couple.	Мы пара.	Two of the same kind connected or considered together.		категория не определилась (не определилась)
actor	B1	3013	Noun		one who takes part in action; a doer → исполнитель/исполнительница/деятель; dramatic performer → актёр/актриса/артист; software engineering: entity that perfor → участник/участница/актор	He's an actor.	Он актёр.	Someone who institutes a legal suit; a plaintiff or complainant.	people	перевод не привязывается к значению — риск взять чужое
defender	C1	12461	Noun	защитник	защитница			Someone who defends people or property.	people	пример: слова нет в предложении
frame	A2	2220	Verb		put together the structural elements → формировать/составлять; add a decorative border to a picture → обрамлять/обставлять; cause a person to appear guilty → подставлять/оболгать/подставить	He has a heavy frame.	У него крепкое телосложение.	To fit, as for a specific end or purpose; make suitable or comfortable; adapt; adjust.	actions	перевод не привязывается к значению — риск взять чужое
diego	B1	3014	Noun			Diego had a longer beard.	У Диего борода была длиннее.	A Spanish-speaker, especially from Latin America.		нет русского перевода в Wiktionary; категория не определилась (не определилась)
baba	C1	12462	Noun					A kind of sponge cake soaked in rum-flavoured syrup.		нет русского перевода в Wiktionary; пример: длина английского предложения; категория не определилась (не определилась)
installation	B2	4881	Noun	установка	инсталляция; монтаж	The installation of the new software took only a few minutes.		An act of installing.	actions	пример: слова нет в предложении
shot	A1	801	Adjective	измотанный	усталый	I got shot.	В меня стреляли.	Tired, weary.	qualities	многозначное слово, подтвердить перевод нечем (3 разных этимологий; части речи: Adjective/Verb/Noun)
primary	A2	2223	Adjective	первичный		This is our primary target.	Это наша основная цель.	First or earliest in a group or series.	qualities	многозначное слово, подтвердить перевод нечем (части речи: Adjective/Noun/Verb)
phrase	B2	4884	Noun	фраза	выражение	I like this phrase, too.	Мне тоже нравится эта фраза.	A short written or spoken expression.		категория не определилась (не определилась)
laugh	A2	2224	Noun	смех	хохот	He laughs.	Он смеётся.	An expression of mirth particular to the human species; the sound heard in laughing; laughter.		категория не определилась (не определилась)
skip	A2	2227	Verb	перескакивать		Skip it.	Неважно.	To move by hopping on alternate feet.	actions	многозначное слово, подтвердить перевод нечем (6 разных этимологий)
discontinue	C2	32343	Verb	прекращать	останавливать; прерывать; прекратить	They plan to discontinue that design.		To interrupt the continuance of; to put an end to, especially as regards commercial productions; to stop producing, making, or supplying.	actions	пример: нет предложений в Tatoeba
directory	A2	2228	Noun	справочник	указатель; перечень; каталог	You can find her phone number in the directory.	Вы можете найти ее номер телефона по справочнику.	A list of names, addresses etc, of specific classes of people or organizations, often in alphabetical order or in some classification.		категория не определилась (не определилась)
den	B2	4889	Noun	притон		He found a bear den.	Он нашёл берлогу медведя.	A small cavern or hollow place in the side of a hill, or among rocks; especially, a cave used by a wild animal for shelter or concealment.	animals	пример иллюстрирует другое значение (4 разных этимологий; части речи: Noun/Verb/Adverb)
mythology	C1	12470	Noun	мифология	миф			The collection of myths of a people, concerning the origin of the people, history, deities, ancestors and heroes.		пример: длина английского предложения; категория не определилась (не определилась)
redecorate	C2	32344	Verb			I want to redecorate my house.	Я хочу поменять украшения своего дома.	To change the appearance of a place by altering the decor.	change	нет русского перевода в Wiktionary
related	A1	806	Adjective	связанный		We're related.	Мы родственники.	Standing in relation or connection.	qualities	перевод примера относится к другому значению
fellow	A2	2229	Noun	компаньон	компаньонка; товарищ	Don't "fellow" me.	Нечего мне тыкать.	A companion; a comrade.		многозначное слово, подтвердить перевод нечем (2 разных этимологий); категория не определилась (не определилась)
tag	B1	3021	Noun	бирка	ярлык; этикетка; номерок	Your tag is sticking out.	У тебя бирка торчит.	Physical appendage. A small label.		категория не определилась (не определилась)
proposal	B1	3025	Noun	предложение		The proposal is good.	Предложение хорошее.	Something which is proposed, or offered for consideration or acceptance.		категория не определилась (не определилась)
neighbor	B2	4894	Noun			Love your neighbor.	Возлюби ближнего своего.	US standard spelling of neighbour.		нет русского перевода в Wiktionary (вынесен на отдельную страницу); категория не определилась (не определилась)
shan	C1	12475	Adjective			Here man! that's pure shan that like		Unfair, harsh.	qualities	нет русского перевода в Wiktionary; пример: слова нет в предложении
shackled	C2	32349	Adjective					Restrained by shackles, chained.	qualities	нет русского перевода в Wiktionary; пример: слова нет в предложении
cancel	B1	3027	Verb	зачёркивать	зачеркнуть	Cancel that.	Отмени это.	To cross out something with lines etc.	actions	перевод примера относится к другому значению
rapid	B2	4895	Adjective	быстрый	скорый	a rapid stream		Very swift or quick.	qualities	пример: слова нет в предложении; многозначное слово, подтвердить перевод нечем (части речи: Adjective/Adverb/Noun)
lawless	C2	32350	Adjective					Not governed by any law.	society	нет русского перевода в Wiktionary; пример: не для детей [секс и ругательства]: naked
remote	A2	2234	Adjective	далёкий	дальний; отдалённый; удалённый	Toss me the remote.	Кинь мне пульт.	At a distance; disconnected.	qualities	многозначное слово, подтвердить перевод нечем (части речи: Adjective/Noun/Verb)
actress	B2	4896	Noun	актриса	артистка	I'm an actress.	Я актриса.	A female who performs on the stage or in films.		категория не определилась (не определилась)
wedding	A1	812	Noun	свадьба	венчание; бракосочетание	Her announcement was quite a surprise, coming a month after she published the words "I hate weddings with a passion and a fury I can only partially explain rationally."		A marriage ceremony; a ritual officially celebrating the beginning of a marriage.		пример: не для детей (в переводе): ад; многозначное слово, подтвердить перевод нечем (2 разных этимологий); категория не определилась (не определилась)
height	B1	3029	Noun	высота	вышина	I fell from a height.	Я упал с высоты.	The distance from the base to the top of something.		категория не определилась (не определилась)
beth	B2	4900	Noun			Beth has preserved her good looks.	Бет сохранила хорошую внешность.	The second letter of the Phoenician alphabet, 𐤁.		нет русского перевода в Wiktionary; категория не определилась (не определилась)
intention	B2	4902	Noun	намерение	замысел; интенция	He had bad intentions.	У него были дурные намерения.	A course of action that a person intends to follow.		категория не определилась (не определилась)
lesbian	A2	2245	Adjective	лесбийский	лесбиянский	I am lesbian.	Я лесбиянка.	Homosexual, gay; preferring exclusively women as romantic or sexual partners.	qualities	многозначное слово, подтвердить перевод нечем (части речи: Adjective/Noun/Verb)
instance	B1	3036	Noun		case occurring, a case offered as an exe → пример/экземпляр/образец; recurring occasion, case → случай; in computing → экземпляр	Take, for instance, your family problems.	Возьмите, например, свои семейные проблемы.	Urgency of manner or words; an urgent request; insistence.	communication	перевод не привязывается к значению — риск взять чужое
whatever	A1	820	Noun		regardless of the … that; for any … that → какой бы ни/любой; regardless of the … that; for any … that → всё, что/что бы ни;  → что угодно; indicating the speaker does not care wha → всё равно/ну и ладно/какая разница	Ah, whatever.	Да неважно.	A thing or person whose actual name is unknown or forgotten.		перевод есть только для другой части речи (Determiner/Interjection/Pronou вместо Noun); перевод не привязывается к значению — риск взять чужое; категория не определилась (не определилась)
sensitive	B1	3040	Adjective		responsive to stimuli → чувствительный/чуткий/восприимчивый; easily offended → чувствительный/ранимый; capable of offending → конфиденциальный/щекотливый; accurate → чувствительный/точный	I'm sensitive.	Я чувствительный.	Having the faculty of sensation; pertaining to the senses.	qualities	перевод не привязывается к значению — риск взять чужое
inventory	B2	4909	Noun	инвентарь	запас	We have too much inventory.	У нас слишком много инвентаря.	The stock of an item on hand at a particular location or business.		категория не определилась (не определилась)
boundless	C2	32361	Adjective	безграничный	беспредельный; бескрайний; бесконечный			Without bounds, unbounded.	qualities	пример: нет предложений в Tatoeba
letter	A1	822	Noun	буква	литера	Read the letter.	Прочтите письмо.	A symbol in an alphabet.	communication	пример иллюстрирует другое значение (3 разных этимологий)
con	B1	3042	Verb	обманывать	надувать; разводить; обмануть	I'm an ex-con.	Я бывший зэк.	To study or examine carefully, especially in order to gain knowledge of; to learn, or learn by heart.	school	многозначное слово, подтвердить перевод нечем (11 разных этимологий; части речи: Verb/Noun/Adjective)
appointed	B2	4910	Adjective			Who appointed you?	Кто тебя назначил?	Subject to appointment, as opposed to an election.	qualities	нет русского перевода в Wiktionary
typography	C2	32363	Noun	книгопечатание	типографика			The art or practice of setting and arranging type; typesetting.	art	пример: нет предложений в Tatoeba
moment	A1	824	Noun		very brief period of time → момент/мгновение/миг; moment in time → момент; moment of force → момент силы	Just a moment.	Минутку.	A particular point, or relatively small region. A particular point of space; a spot.	places	перевод не привязывается к значению — риск взять чужое
length	A2	2253	Noun	длина		Maximum length: 200 words.	Максимальная длина: двести слов.	The distance measured along the longest dimension of an object.		категория не определилась (не определилась)
label	B1	3043	Noun	этикетка	ярлык; наклейка; бирка	I read the label.	Я прочитал этикетку.	A small ticket or sign giving information about something to which it is attached or intended to be attached.		категория не определилась (не определилась)
rocket	B2	4911	Noun	ракета		It isn't rocket science.	Это вам не бином Ньютона.	A projectile. A cylindrical projectile that can be fired to a great height through combustion, a type of firework of this form.		многозначное слово, подтвердить перевод нечем (2 разных этимологий); категория не определилась (не определилась)
reflux	C2	32364	Noun					The backwards flow of any fluid.		нет русского перевода в Wiktionary; пример: нет предложений в Tatoeba; категория не определилась (не определилась)
feet	A1	827	Noun			Her feet ached.	У неё болели ноги.	Fact; performance; feat.		нет русского перевода в Wiktionary; категория не определилась (не определилась)
pace	B2	4913	Noun	шаг		Pace yourself.	Не суетись.	A step. A step taken with the foot. The distance covered in a step (or sometimes two).		многозначное слово, подтвердить перевод нечем (3 разных этимологий; части речи: Noun/Adjective/Verb); категория не определилась (не определилась)
kimura	C2	32366	Noun					An armlock where the implementer isolates the opponent's arm and torques the shoulder in order to cause pain or injury.	health	нет русского перевода в Wiktionary; пример: слова нет в предложении
clue	B2	4916	Noun		information that may lead one to a certa → ключ/нить/след; object or marking that may be used in ev → улика	I had no clue.	Я понятия не имел.	A strand of yarn etc. as used to guide one through a labyrinth; something which points the way, a guide.	objects	перевод не привязывается к значению — риск взять чужое
release	A1	829	Noun	освобождение		Release him.	Освободите его.	The event of setting (someone or something) free.		многозначное слово, подтвердить перевод нечем (2 разных этимологий); категория не определилась (не определилась)
knock	B1	3047	Noun	стук		Knock it off.	Прекрати это.	An abrupt rapping sound, as from an impact of a hard object against wood.		категория не определилась (не определилась)
isotope	C2	32368	Noun	изотоп				Any of two or more forms of an element where the atoms have the same number of protons.		пример: Tatoeba недоступна (offline: нет в кэше); многозначное слово, подтвердить перевод нечем (2 разных этимологий); категория не определилась (не определилась)
ship	A1	830	Noun	судно	корабль; пароход	Abandon ship.	Покиньте судно.	A water-borne vessel generally larger than a boat.		категория не определилась (не определилась)
generation	A2	2258	Noun	создание	зарождение			The act of creating something or bringing something into being; production, creation.	actions	пример: слова нет в предложении; многозначное слово, подтвердить перевод нечем (значений: 6)
mini	B1	3048	Adjective			Mini-skirts are back in fashion again.	Мини-юбки снова в моде.	Miniature, tiny, small.	qualities	нет русского перевода в Wiktionary
centerpiece	C2	32370	Noun					US standard spelling of centrepiece.		нет русского перевода в Wiktionary; пример: нет предложений в Tatoeba; категория не определилась (не определилась)
common	A1	832	Adjective	общий	взаимный	It's common.	Это обычное дело.	Mutual; shared by more than one.	qualities	пример иллюстрирует другое значение (части речи: Adjective/Noun/Verb)
beast	B1	3050	Noun		non-human animal → зверь/животное/тварь; violent/antisocial person → монстр/зверь/чудовище	I am a beast.	Я вампир.	Any four-footed land mammal.	animals	перевод не привязывается к значению — риск взять чужое
saver	C1	12498	Noun			You're a life saver.	Ты спаситель.	One who saves.	people	нет русского перевода в Wiktionary
risk	A1	834	Noun	риск	опасность	The risk is big.	Риск большой.	The probability of a negative outcome to a decision or event.		категория не определилась (не определилась)
morris	B2	4920	Noun					A type of pike.		нет русского перевода в Wiktionary; пример: нет предложений в Tatoeba; категория не определилась (не определилась)
shelly	C1	12499	Adjective					Composed of the shells of dead marine creatures.	qualities	нет русского перевода в Wiktionary; пример: нет предложений в Tatoeba
backlash	C2	32373	Noun		violent or abrupt reaction → реакция/ответка/отпор; mechanical: distance of free movement be → мёртвый ход/люфт/зазор			A suddenly reversed or backward motion, such as of a rope or elastic band when it snaps under tension.		перевод не привязывается к значению — риск взять чужое; пример: нет предложений в Tatoeba; категория не определилась (не определилась)
issue	A1	836	Noun	вытекание		Is this an issue?	Это проблема?	The action or an instance of flowing or coming out, an outflow, particularly: A movement of soldiers towards an enemy, a sortie.	actions	перевод примера относится к другому значению
volume	A2	2264	Noun	объём		The volume is here.	Том здесь.	A three-dimensional measure of space that comprises a length, a width and a height. It is measured in units of cubic centimeters in metric.		категория не определилась (не определилась)
surrounded	B2	4921	Adjective			We surrounded her.	Мы окружили её.	This term needs a definition. Please help out and add a definition, then remove the text {{rfdef}}.	qualities	нет русского перевода в Wiktionary
smugmug	C1	12500	Noun					Supercilious person.		нет русского перевода в Wiktionary; пример: нет предложений в Tatoeba; категория не определилась (не определилась)
legal	A1	837	Adjective	юридический	правовой	This is legal.	Это законно.	Relating to the law or to lawyers.	society	перевод примера относится к другому значению
aid	A2	2265	Noun	помощь		I need first aid.	Мне нужна первая медицинская помощь.	Help; assistance; succor, relief.		категория не определилась (не определилась)
spare	B1	3061	Adjective	лишний		Spare me the details.	Избавьте меня от подробностей.	Extra. Being more than what is necessary, or what must be used or reserved; not wanted, or not used; superfluous.	qualities	многозначное слово, подтвердить перевод нечем (2 разных этимологий; части речи: Adjective/Noun/Verb)
fame	B2	4922	Noun	слава	известность	Fame is fleeting.	Слава мимолётна.	Something said or reported; gossip, rumour.		категория не определилась (не определилась)
sale	A1	838	Noun	продажа		For sale.	Продаётся.	An exchange of goods or services for currency or credit.		категория не определилась (не определилась)
trick	B1	3062	Noun	обман	трюк; уловка	I tricked them.	Я обманул их.	Something designed to fool, dupe, outsmart, mislead or swindle.		категория не определилась (не определилась)
cemetery	B2	4924	Noun					A place where the dead are buried; a graveyard or memorial park.	places	нет русского перевода в Wiktionary (вынесен на отдельную страницу); пример: не для детей [насилие и смерть]: dead
dram	C2	32378	Noun	драм				A small unit of weight, variously: Alternative form of drachm (“One sixteenth of an ounce avoirdupois (1.77 g; symbol: ʒ)”).		пример: нет предложений в Tatoeba; многозначное слово, подтвердить перевод нечем (2 разных этимологий); категория не определилась (не определилась)
jimmy	A2	2267	Noun		a marijuana cigarette → косяк; a device used to circumvent a locking me → фомка/ломик	Jimmy, it's bedtime.	Джимми, пора спать.	Sprinkles used as a topping for ice cream, cookies, or cupcakes.		перевод не привязывается к значению — риск взять чужое; категория не определилась (не определилась)
appeal	B1	3063	Noun	апелляция	обжалование	The appeal was rejected.	Апелляцию отклонили.	An application to a superior court or judge for a decision or order by an inferior court or judge to be reviewed and overturned.		категория не определилась (не определилась)
beach	A1	841	Noun	пляж	взморье	I love the beach.	Мне нравится пляж.	The shore of a body of water, especially when sandy or pebbly.		категория не определилась (не определилась)
chinook	C2	32380	Noun					The descending, warm.		нет русского перевода в Wiktionary; пример: длина английского предложения; категория не определилась (не определилась)
craft	B2	4928	Noun		skill in one's work → умение/сноровка/искусство; cunning, shrewdness → хитрость; skilled practice of practical occupation → ремесло	Never forget to craft a bed on your first day.	Никогда не забывай скрафтить кровать в свой первый день.	Strength; power; might; force.		перевод не привязывается к значению — риск взять чужое; категория не определилась (не определилась)
eliminator	C2	32381	Noun					One who, or that which, eliminates.	people	нет русского перевода в Wiktionary; пример: слова нет в предложении
march	A1	847	Noun	марш		March on!	Иди!	A formal, rhythmic way of walking, used especially by soldiers, by bands, and in ceremonies.		многозначное слово, подтвердить перевод нечем (3 разных этимологий); категория не определилась (не определилась)
quarter	A2	2271	Noun	четверть	(одна) четвёртая (часть)	It's quarter to two.	Сейчас без четверти два.	A fourth part of something. Each of four equal parts into which something can be divided; a fourth part.		категория не определилась (не определилась)
soviet	B2	4929	Noun	совет				A workers' council.		пример: Tatoeba недоступна (offline: нет в кэше); категория не определилась (не определилась)
julio	C1	12508	Noun			Julio is swinging in the hammock that I hung under the old oak tree.	Хулио покачивается в гамаке, который я натянул под старым дубом.	A former coin of Italy, struck by Pope Julius II (1503-13).		нет русского перевода в Wiktionary; категория не определилась (не определилась)
backstage	C1	12509	Adjective	закулисный		He went backstage after the show.	Он ушел за кулисы после представления.	Relating to, or situated in the area behind a stage.	qualities	многозначное слово, подтвердить перевод нечем (части речи: Adjective/Adverb/Noun)
provide	A1	850	Verb		transitive: to give what is needed or de → обеспечивать/обеспечить; intransitive: to furnish (with) → обеспечивать/снабжать/обеспечить	Provide examples.	Приведи примеры!	To make a living; earn money for necessities.	money	перевод не привязывается к значению — риск взять чужое
kick	A2	2274	Verb	пинать	лягать; пнуть; лягнуть	Kick it.	Пни его.	To strike or hit with the foot or other extremity of the leg.	actions	многозначное слово, подтвердить перевод нечем (3 разных этимологий)
ultrasound	C1	12511	Noun	ультразвук		Bats use ultrasound to locate obstacles.	Летучие мыши используют ультразвук, чтобы обнаруживать препятствия.	Sound with a frequency greater than the upper limit of human hearing, which is approximately 20 kilohertz.		категория не определилась (не определилась)
stumpy	C2	32385	Adjective					Like or resembling a stump; short and cut off.	qualities	нет русского перевода в Wiktionary; пример: нет предложений в Tatoeba
jack	A1	851	Noun		device for raising and supporting a heav → домкрат; male ass (the animal) → осёл/ишак; surface mounted connector → гнездо/разъём; nautical: small flag at bow of ship → гюйс; female ended electrical connector → мама	Jack got up early.	Джек рано встал.	A coarse medieval coat of defence, especially one made of leather.	objects	перевод не привязывается к значению — риск взять чужое
quit	A2	2276	Verb	уходить	уйти	Quit lying.	Хватит врать.	To leave (a place).	actions	многозначное слово, подтвердить перевод нечем (2 разных этимологий; части речи: Adjective/Verb/Noun)
candy	B1	3070	Noun	конфета	сласть	We want candy.	Мы хотим конфет.	Crystallized sugar formed by boiling down sugar syrup.		категория не определилась (не определилась)
due	A1	854	Adjective	подлежащий оплате	причитаться	She's due soon.	Она скоро придёт.	Owed or owing.	qualities	многозначное слово, подтвердить перевод нечем (части речи: Adjective/Adverb/Noun)
crisis	B1	3073	Noun	кризис	перелом; поворотный пункт	We have a crisis.	У нас кризис.	A crucial or decisive point or situation; a turning point.		категория не определилась (не определилась)
hardcore	B2	4935	Adjective	неприличный		He's a hardcore gamer.		Having an extreme dedication to a certain activity.	qualities	пример: нет предложений в Tatoeba; многозначное слово, подтвердить перевод нечем (части речи: Adjective/Noun/Adverb)
nuts	B1	3074	Noun			She's nuts.	Она чокнутая.	The testicles.		нет русского перевода в Wiktionary; категория не определилась (не определилась)
sermon	C1	12515	Noun	проповедь		This isn't a sermon.	Это не проповедь.	Religious discourse; a written or spoken address on a religious or moral matter.		категория не определилась (не определилась)
deteriorating	C2	32390	Adjective			Their relationship is deteriorating.	Их отношения портятся.	Getting worse.	qualities	нет русского перевода в Wiktionary
info	A1	858	Noun			Thanks for the info.	Спасибо за информацию.	Information.		нет русского перевода в Wiktionary; категория не определилась (не определилась)
serial	B1	3075	Adjective			You're a serial killer.	Ты - серийный убийца.	Having to do with or arranged in a series.	qualities	нет русского перевода в Wiktionary
quest	B2	4938	Noun	поиск	поиск; квест; миссия	the hero's quest		A journey or effort in pursuit of a goal (often lengthy, ambitious, or fervent); a mission.	travel	пример: длина английского предложения; многозначное слово, подтвердить перевод нечем (2 разных этимологий)
unmatched	C2	32391	Adjective			You have an unmatched open parenthesis in your first sentence.	У тебя незакрытая скобка в первом предложении.	Not matched; odd.	qualities	нет русского перевода в Wiktionary
original	A1	860	Adjective	первоначальный	исходный	Be original.	Будь оригинальным.	Relating to the origin or beginning; preceding all others.	qualities	перевод примера относится к другому значению
weblog	B1	3076	Noun					A website in the form of an ongoing journal.		нет русского перевода в Wiktionary (вынесен на отдельную страницу); пример: нет предложений в Tatoeba; категория не определилась (не определилась)
celebration	B2	4939	Noun	празднование	торжество; чествование	We will attend the Christmas celebration in church.		The formal performance of a solemn rite, such as Christian sacrament.		пример: слова нет в предложении; категория не определилась (не определилась)
contest	B1	3078	Noun	спор	диспут	I won the contest.	Я выиграл конкурс.	Controversy; debate.		перевод примера относится к другому значению; категория не определилась (не определилась)
preprint	C2	32393	Noun					A preliminary form of an academic paper that has not yet been published in a journal.		нет русского перевода в Wiktionary; пример: нет предложений в Tatoeba; категория не определилась (не определилась)
pal	B1	3080	Noun			You're my pal.	Ты мой друг.	A friend, buddy, mate, cobber; someone to hang around with.		нет русского перевода в Wiktionary; категория не определилась (не определилась)
java	B2	4942	Noun			Don't drink too much java.	Не пей слишком много кофе.	A blend of coffee imported from the island of Java.		нет русского перевода в Wiktionary; категория не определилась (не определилась)
prize	B1	3081	Noun	трофей	добыча	I won the prize.	Я выиграл приз.	That which is taken from another; something captured; a thing seized by force, stratagem, or superior power.		пример иллюстрирует другое значение (4 разных этимологий; части речи: Noun/Verb/Adjective); категория не определилась (не определилась)
humanity	B2	4944	Noun	человечество		Humanity is awful.	Человечество ужасно.	Humankind; human beings as a group.		категория не определилась (не определилась)
giggles	C1	12521	Noun			She was seized with a bad case of the giggles.		An attack of uncontrolled giggling.		нет русского перевода в Wiktionary; пример: слова нет в предложении; категория не определилась (не определилась)
victoria	B1	3083	Noun					A kind of low four-wheeled pleasure carriage, with a calash top, designed for two persons and the driver who occupies a high seat in front.		нет русского перевода в Wiktionary; пример: Tatoeba недоступна (offline: нет в кэше); категория не определилась (не определилась)
spider	B2	4947	Noun	паук		Spiders make webs.	Пауки плетут паутину.	Any of various eight-legged, predatory arthropods, of the order Araneae, most of which spin webs to catch prey.		категория не определилась (не определилась)
crossword	C1	12523	Noun	кроссворд				A word puzzle in which interlocking words are entered usually horizontally and vertically into a grid based on clues given for each word.		пример: не для детей (в переводе): ад; категория не определилась (не определилась)
scion	C2	32399	Noun	потомок	отпрыск			A descendant, especially a first-generation descendant of a distinguished family.		пример: не для детей (в переводе): бог; категория не определилась (не определилась)
uniform	B1	3086	Adjective	однообразный	равномерный	Take your uniform off.	Сними форму.	Unvarying; all the same.	qualities	многозначное слово, подтвердить перевод нечем (части речи: Adjective/Noun/Verb)
guinea	B2	4950	Noun	гинея		We're guinea pigs.	Мы подопытные кролики.	A gold coin originally worth twenty shillings; later.		категория не определилась (не определилась)
limp	C1	12524	Verb	хромать		Tom limps slightly.	Том слегка прихрамывает.	To walk lamely, as if favoring one leg.	actions	многозначное слово, подтвердить перевод нечем (4 разных этимологий; части речи: Verb/Noun/Adjective)
carter	B1	3090	Noun					A person who transports a load on a cart that is drawn by a beast of burden.	people	нет русского перевода в Wiktionary; пример: слово в примере — имя собственное
rap	B2	4951	Noun	удар		Sami loved rap.	Сами любил рэп.	A sharp blow with something hard.		многозначное слово, подтвердить перевод нечем (7 разных этимологий); категория не определилась (не определилась)
mystic	C1	12527	Adjective	мистический		a mystic dance		Of, or relating to mystics, mysticism or occult mysteries; mystical.	qualities	пример: длина английского предложения
swear	B1	3093	Verb	клясться	присягать; поклясться; присягнуть	I swear.	Клянусь.	To take an oath, to promise intensely, solemnly, and/or with legally binding effect.	actions	многозначное слово, подтвердить перевод нечем (3 разных этимологий; части речи: Verb/Noun/Adjective)
stock	A1	877	Noun	запас	инвентарь; ассортимент	Stock up on charcoal.	Запасись углём.	A store or supply. A store of goods ready for sale; inventory.		категория не определилась (не определилась)
aqua	C1	12530	Noun					The compound water.		нет русского перевода в Wiktionary; пример: нет предложений в Tatoeba; категория не определилась (не определилась)
disappear	B2	4954	Verb		to vanish → исчезать/пропадать/исчезнуть; to make vanish → убирать/убрать	You disappear.	Исчезни.	To go missing; to become a missing person.	change	перевод не привязывается к значению — риск взять чужое
abigail	C1	12531	Noun	горничная	камеристка			A lady's maid.		пример: слово в примере — имя собственное; категория не определилась (не определилась)
disaster	B1	3097	Noun	катастрофа	бедствие; несчастье; горе	What a disaster.	Какая катастрофа!	An unexpected natural or man-made catastrophe of substantial extent causing significant physical damage or destruction.		категория не определилась (не определилась)
scare	B2	4955	Noun	испуг	страх; паника	I scare her.	Я её пугаю.	A minor fright.		многозначное слово, подтвердить перевод нечем (3 разных этимологий; части речи: Noun/Verb/Adjective); категория не определилась (не определилась)
abundance	C1	12532	Noun	обилие	избыток	She lives in abundance.	Она живет в достатке.	A large quantity; many.		категория не определилась (не определилась)
rank	B1	3099	Adjective	вонючий	прогорклый	He was demoted in rank.	Он был понижен в звании.	Strong; powerful; capable of acting or being used with great effect; energetic; vigorous; headstrong.	qualities	многозначное слово, подтвердить перевод нечем (2 разных этимологий; части речи: Adjective/Adverb/Noun/Verb)
introduction	B1	3104	Noun	введение	внедрение	Skip the introduction.	Пропусти введение.	The act or process of introducing.		категория не определилась (не определилась)
sabbatical	C2	32410	Adjective	творческий				Relating to the Sabbath.	qualities	пример: нет предложений в Tatoeba
series	A1	887	Noun	серия	последовательность; ряд	I missed my favourite series.	Я пропустил свой любимый сериал.	A number of things that follow on one after the other or are connected one after the other.		перевод примера относится к другому значению; категория не определилась (не определилась)
perfume	B2	4959	Noun	благоухание	аромат	I love her perfume.	Мне нравятся её духи.	A pleasant smell; the scent, odor, or odoriferous particles emitted from a sweet-smelling substance; a pleasant odor.	objects	перевод примера относится к другому значению
cranial	C2	32412	Adjective	черепной	краниальный			Of or relating to the cranium, or to the skull.	qualities	пример: нет предложений в Tatoeba
enter	A1	889	Verb		to go into (a room, etc.) → входить/заходить/въезжать; to type into a computer → вводить/ввести; to record → вписывать/вписать	Enter, Juan.	Входи, Хуан.	To go or come into an enclosed or partially enclosed space.	actions	перевод не привязывается к значению — риск взять чужое
odd	B1	3109	Adjective		strange → странный; indivisible by two → нечётный; about → около/приблизительно	How odd.	Как странно.	Differing from what is usual, ordinary or expected.	qualities	перевод не привязывается к значению — риск взять чужое
pulsar	C2	32413	Noun	пульсар				A rotating neutron star that emits radio pulses periodically.		пример: латиница в переводе; категория не определилась (не определилась)
estate	A1	890	Noun	имение		I inherited his estate.	Я унаследовал его имущество.	The collective property and liabilities of someone, especially a deceased person.		многозначное слово, подтвердить перевод нечем (части речи: Noun/Adjective/Verb); категория не определилась (не определилась)
shadow	B1	3110	Noun	тень		It is a shadow.	Это тень.	A dark image projected onto a surface where light (or other radiation) is blocked by the shade of an object.		категория не определилась (не определилась)
eva	B2	4961	Adverb			Eva is cleverer than me.	Ева умнее меня.	Pronunciation spelling of ever.	qualities	нет русского перевода в Wiktionary
talent	B1	3111	Noun	талант	дар; одарённость	He has talent.	У него есть талант.	A marked natural ability or skill.		категория не определилась (не определилась)
teddy	B2	4963	Noun	тедди		I like teddy bears.	Мне нравятся плюшевые мишки.	Any stuffed toy. (Can we add an example for this sense?).		многозначное слово, подтвердить перевод нечем (2 разных этимологий); категория не определилась (не определилась)
marketable	C2	32416	Adjective			The quality and scarcity ensured that the product was eminently marketable.		Capable of being marketed.	qualities	нет русского перевода в Wiktionary; пример: слова нет в предложении
wings	B1	3113	Noun			Truth has wings.	У правды есть крылья.	A type of scuba harness with an attached buoyancy compensation device: see wikipedia:Backplate and wing.	tech	нет русского перевода в Wiktionary
planter	C2	32417	Noun					One who plants something.	people	нет русского перевода в Wiktionary; пример: нет предложений в Tatoeba
platform	B1	3114	Noun	платформа	помост; подиум; эстрада	Which platform is it on?	На какой он платформе?	A raised stage from which speeches are made and on which musical and other performances are made.		категория не определилась (не определилась)
disappearance	C1	12544	Noun	исчезновение	пропажа	Wireless phone technology led to the disappearance of once-common coiled cords for telephone handsets.		The action of disappearing or vanishing.	actions	пример: слова нет в предложении
retry	C2	32419	Verb			to retry connecting to the Internet after an error		To try or attempt again.	actions	нет русского перевода в Wiktionary; пример: нет предложений в Tatoeba
sunshine	B2	4967	Noun	солнце	солнечный свет	You're my sunshine.	Ты - моё солнце.	The direct rays, light or warmth of the sun.		категория не определилась (не определилась)
slayer	C1	12545	Noun	убийца				A killer; a murderer; someone who slays.	people	пример: длина английского предложения
element	B1	3119	Noun	элемент	звено; составная часть	Motivation is a key element.	Мотивация является ключевым элементом.	One of the simplest or essential parts or principles of which anything consists.		категория не определилась (не определилась)
meta	C1	12547	Noun			Each video sharing platform's community has a meta on how long videos should be.		An informal but widely adopted practice in a given field; a de facto standard.		нет русского перевода в Wiktionary; пример: нет предложений в Tatoeba; категория не определилась (не определилась)
crabby	C2	32424	Adjective					Relating to or resembling crabs; crablike.	qualities	нет русского перевода в Wiktionary; пример: нет предложений в Tatoeba
decision	A1	903	Noun		choice or judgement → решение/урегулирование; firmness of conviction → решительность/решимость	Make a decision.	Прими решение.	The act of deciding.	actions	перевод не привязывается к значению — риск взять чужое
disband	C2	32425	Verb	распускать	расформировывать; распустить; расформировать	The president wanted to disband the scandal-plagued agency.		To break up or (cause to) cease to exist; to disperse.	actions	пример: нет предложений в Tatoeba
cookware	C1	12558	Noun					The assorted objects, such as pots, pans, baking sheets, etc., used for cooking.	food	нет русского перевода в Wiktionary; пример: нет предложений в Tatoeba
implantation	C2	32428	Noun	имплантация				The way in which an organ, bone, muscle etc. becomes inserted into its set place.	body	пример: слова нет в предложении
whoa	B1	3127	Verb		stop, said to a horse → тпру/пру/стоп; expression of surprise → ого	Whoa, weird!	Ух ты, чудно́!	To attempt to slow (an animal) by crying "whoa".	animals	перевод есть только для другой части речи (Interjection вместо Verb); перевод не привязывается к значению — риск взять чужое
sunset	B2	4976	Noun		time of day → заход солнца/закат/заря; changes in color of sky at sunset → заход солнца/закат/(вечерняя) заря; final period of life → закат	The sunset is soon.	Скоро закат.	The moment each evening when the sun disappears below the western horizon.	time	перевод не привязывается к значению — риск взять чужое
erectus	C2	32430	Noun					Homo erectus.		нет русского перевода в Wiktionary; пример: нет предложений в Tatoeba; категория не определилась (не определилась)
tried	A1	911	Adjective			I tried.	Я попробовала.	Tested, hence, proven to be firm or reliable.	qualities	нет русского перевода в Wiktionary
carl	B1	3130	Noun			Carl looked very happy.	Карл выглядел очень счастливым.	A rude, rustic man; a churl.		нет русского перевода в Wiktionary; категория не определилась (не определилась)
param	C1	12562	Noun					Dicyandiamide.		нет русского перевода в Wiktionary; пример: нет предложений в Tatoeba; категория не определилась (не определилась)
born	A1	915	Adjective	рождённый	урождённый; родившийся	He was just born.	Он только родился.	Having from birth (or as if from birth) a certain quality or character; innate; inherited.	qualities	многозначное слово, подтвердить перевод нечем (2 разных этимологий; части речи: Verb/Adjective/Noun)
roman	B1	3132	Adjective			Romans wore togas.	Римляне носили тоги.	Upright, as opposed to italic.	qualities	нет русского перевода в Wiktionary
bunk	C1	12565	Noun	койка	полка	I want a bunk bed.	Я хочу двухъярусную кровать.	One of a series of berths or beds placed in tiers.		многозначное слово, подтвердить перевод нечем (3 разных этимологий; части речи: Noun/Verb/Adjective); категория не определилась (не определилась)
uproar	C2	32433	Noun	волнение	суматоха; сумятица	What an uproar!	Какой конфуз!	Tumultuous, noisy excitement.		категория не определилась (не определилась)
printer	B1	3133	Noun	печатник	типограф	I have a printer.	У меня есть принтер.	One who makes prints.	people	перевод примера относится к другому значению
cal	B2	4981	Noun					Wolfram, an ore of tungsten.		нет русского перевода в Wiktionary; пример: нет предложений в Tatoeba; категория не определилась (не определилась)
puff	C1	12567	Noun		ability to breathe easily while exerting → дыхалка; informal: act of inhaling smoke from a c → затяжка; slang: cannabis → травка/анаша; type of cake → профитроль	I've bought some cream puffs. Do you want one?	Я тут пирожных «шу» купил, будешь?	A sharp exhalation of a small amount of breath through the mouth.		перевод не привязывается к значению — риск взять чужое; категория не определилась (не определилась)
fortune	B1	3134	Noun	судьба	доля; участь; рок	It costs a fortune.	Это стоит целое состояние.	Destiny, especially favorable.		перевод примера относится к другому значению; категория не определилась (не определилась)
lieutenant	B1	3139	Noun	лейтенант	поручик; поручник	Lieutenant, my patience is shorter than my sword.	Лейтенант, моё терпение короче моей шпаги.	The lowest junior commissioned officer rank(s) in many military forces, often Army and Marines. In the US Army, Air Force and Marines.		категория не определилась (не определилась)
visible	B2	4984	Adjective	видимый		When the sun rises, the world becomes visible.		Able to be seen.	qualities	пример: слова нет в предложении
authorities	B1	3140	Noun					The bodies that have political or administrative power and control in a particular sphere.	society	нет русского перевода в Wiktionary; пример: слова нет в предложении
expense	B2	4985	Noun	расход		This increases expenses.	Это увеличивает расходы.	A spending or consuming, often a disbursement of funds.		категория не определилась (не определилась)
growling	C1	12573	Adjective			The dog is growling.	Собака рычит.	Producing a growl.	qualities	нет русского перевода в Wiktionary
event	A1	922	Noun	событие	происшествие; случай	One event followed another.	Одно событие следовало за другим.	An occurrence; something that happens.		категория не определилась (не определилась)
crown	B1	3141	Noun	корона	венец	I see the crown.	Я вижу корону.	A royal, imperial or princely headdress; a diadem.		категория не определилась (не определилась)
library	A1	924	Noun	библиотека		She went to exchange her books at her local library.		An institution which holds books and/or other forms of media for use by the public or qualified people often lending them out.	society	пример: не для детей (в переводе): библи
distant	B2	4991	Noun		far off → далёкий/отдалённый/дальний; emotionally unresponsive → отстранённый	You seem distant.	Мне кажется, что ты далеко.	This term needs a definition. Please help out and add a definition, then remove the text {{rfdef}}.		перевод не привязывается к значению — риск взять чужое; категория не определилась (не определилась)
isis	C1	12575	Noun					Any coral of the genus Isis, or family Isididae, composed of joints of white, stony coral, alternating with flexible, horny joints.		нет русского перевода в Wiktionary; пример: Tatoeba недоступна (offline: нет в кэше); категория не определилась (не определилась)
detoxification	C2	32439	Noun	детоксификация				The process of removing toxins.	actions	пример: нет предложений в Tatoeba
beauty	A1	927	Noun	красота	прелесть; краса; лепота	Beauty fades.	Красота увядает.	The quality of being (especially visually) attractive, pleasing, fine or good-looking; comeliness.		категория не определилась (не определилась)
sword	B1	3144	Noun	меч	шпага; сабля	I need my sword.	Мне нужен мой меч.	A long bladed weapon with a grip and typically a pommel and crossguard (together forming a hilt), which is designed to cut, stab.		категория не определилась (не определилась)
tin	B2	4994	Noun	олово	станнум	Tin is a soft metal.	Олово — мягкий металл.	A malleable, ductile, metallic element, resistant to corrosion, with atomic number 50 and symbol Sn.		категория не определилась (не определилась)
mum	B1	3148	Noun	мама	мамочка; матушка; мамуся	Mum is home.	Мама дома.	A chrysanthemum.		категория не определилась (не определилась)
versus	B2	4995	Verb		in opposition to → против; compared with → в сравнении с/по сравнению с			To face in competition.	sports	перевод есть только для другой части речи (Preposition вместо Verb); перевод не привязывается к значению — риск взять чужое; пример: нет предложений в Tatoeba
concentration	B2	4996	Noun	концентрация				The act, process or ability of concentrating; the process of becoming concentrated, or the state of being concentrated.	change	пример: слова нет в предложении
officer	A1	933	Noun	служащий	чиновник; чиновница; должностное лицо	Officer down!	Офицер убит!	One who has a position of authority in a hierarchical organization, especially in military, police or government organizations.	people	перевод примера относится к другому значению
integer	B2	4997	Noun	целое число	целое	It is an integer.	Это целое число.	A number that is not a fraction; an element of the infinite and numerable set {. , -3, -2, -1, 0, 1, 2, 3,. }.		категория не определилась (не определилась)
frankfurt	C1	12581	Noun					A frankfurter; a hot dog sausage.		нет русского перевода в Wiktionary; пример: слова нет в предложении; категория не определилась (не определилась)
nuh	C2	32445	Noun					Pronunciation spelling of nut.		нет русского перевода в Wiktionary; пример: предложение не целое; категория не определилась (не определилась)
plus	A1	934	Noun	плюс		Four plus five is nine.	Четыре плюс пять будет девять.	A positive quantity.		категория не определилась (не определилась)
reporter	B1	3151	Noun	репортёр	репортёрша; корреспондент; корреспондентка	The reporters of important security bugs may be paid a bounty by the software developer.		Someone or something that reports.	people	пример: слова нет в предложении
dagger	C1	12582	Noun	кинжал	стилет; кортик; дирк	The dagger penetrated his heart.	Кинжал вошёл в его сердце.	A stabbing weapon, similar to a sword but with a short, double-edged blade.		категория не определилась (не определилась)
ring	A1	935	Noun	кольцо		Ring me.	Позвони мне!	A solid object in the shape of a circle. A circumscribing object, (roughly) circular and hollow, looking like an annual ring, earring.		многозначное слово, подтвердить перевод нечем (4 разных этимологий); категория не определилась (не определилась)
tone	B1	3153	Noun	тон		Watch your tone.	Следи за своим тоном.	A specific pitch.		многозначное слово, подтвердить перевод нечем (2 разных этимологий; значений: 7); категория не определилась (не определилась)
administrative	B2	4999	Adjective	административный		administrative costs		Of or relating to administering or administration.	qualities	пример: слова нет в предложении
performance	A1	936	Noun	выполнение	исполнение	This performance has ended.	Это выступление закончилось.	The act of performing; carrying into execution or action; execution; achievement; accomplishment; representation by action.	actions	перевод примера относится к другому значению
behalf	B1	3154	Noun			My brother did it on my behalf.	Брат сделал это от моего имени.	The interest, benefit, or wellbeing of someone or something.		нет русского перевода в Wiktionary (вынесен на отдельную страницу); категория не определилась (не определилась)
arrangement	B2	5000	Noun	приведение в порядок	расстановка; приготовление			The act of arranging.	actions	пример: слова нет в предложении
adapter	B1	3156	Noun		device to allow compatibility (in genera → адаптер; device allowing more plugs at an outlet → переходник; device allowing plug to fit in an outlet → адаптер/переходник	He was an able adapter, and could easily adjust to the differences when the company changed ownership.		One who is capable of adapting to differing situations.	people	перевод не привязывается к значению — риск взять чужое; пример: не для детей (в переводе): ад
aureus	C2	32449	Noun					A gold coin, minted in the Roman Empire from approximately 100 B.C.E. to 309 C.E., equal to 25 denarii.		нет русского перевода в Wiktionary; пример: нет предложений в Tatoeba; категория не определилась (не определилась)
china	A1	940	Noun			China can win.	Китай может победить.	Chinaware: porcelain tableware.		нет русского перевода в Wiktionary; категория не определилась (не определилась)
amateur	B1	3157	Noun		person attached to a pursuit without pur → любитель/любительница; someone unqualified → дилетант/дилетантка	I'm an amateur.	Я любитель.	A lover of something.		перевод не привязывается к значению — риск взять чужое; категория не определилась (не определилась)
programmable	C1	12587	Adjective					Capable of being programmed.	qualities	нет русского перевода в Wiktionary; пример: слова нет в предложении
cartman	C2	32450	Noun					A person who transports goods or people by horse and cart; a carman.	people	нет русского перевода в Wiktionary; пример: нет предложений в Tatoeba
indie	C1	12588	Adjective			an indie pop group		Independent; from outside the mainstream.	qualities	нет русского перевода в Wiktionary; пример: нет предложений в Tatoeba
peter	A1	946	Noun			Peter loved Jane.	Питер любил Джейн.	A prison cell.		нет русского перевода в Wiktionary (вынесен на отдельную страницу); категория не определилась (не определилась)
struct	B2	5005	Noun	структура				A data structure, especially one that serves to group a number of fields.	tech	пример: нет предложений в Tatoeba
supple	C2	32454	Adjective			My body is not as supple as it once was.	Моё тело уже не такое гибкое, каким было когда-то.	Pliant, flexible, easy to bend.	qualities	нет русского перевода в Wiktionary
discipline	B2	5008	Noun	дисциплина	дисциплинированность	He lacks discipline.	Ему не хватает дисциплины.	A controlled behaviour; self-control.		категория не определилась (не определилась)
chip	B1	3166	Noun	щепка	лучина; стружка; осколок	I'm eating chips.	Я ем чипсы.	A small piece broken from a larger piece of solid material.	objects	пример иллюстрирует другое значение (2 разных этимологий)
hip	B1	3167	Noun	бедро		It's hip and trendy.	Это стильно и модно.	The outward-projecting parts of the pelvis and top of the femur and the overlying tissue.		многозначное слово, подтвердить перевод нечем (4 разных этимологий; части речи: Noun/Verb/Adjective); категория не определилась (не определилась)
sentence	B1	3168	Noun	приговор		Finish that sentence!	Закончите это предложение.	The decision or judgement of a jury or court; a verdict.	linkers	перевод примера относится к другому значению
elevator	B2	5013	Noun	элеватор		Call the elevator.	Вызови лифт.	Anything that raises or uplifts.		категория не определилась (не определилась)
definitive	C1	12598	Adjective	окончательный				Explicitly defined.	qualities	пример: слова нет в предложении
statistics	B1	3169	Noun	статистика		Statistics is the only mathematical field required for many social sciences.		A discipline, principally within applied mathematics, concerned with the systematic study of the collection, presentation, analysis.	school	пример: Tatoeba недоступна (offline: нет в кэше); многозначное слово, подтвердить перевод нечем (3 разных этимологий)
quad	C1	12599	Noun					A blank metal block used to fill short lines of type.	objects	нет русского перевода в Wiktionary (вынесен на отдельную страницу); пример: не для детей (в переводе): ядерн
electrical	B1	3170	Adjective					Related to electricity (or electronics).	qualities	нет русского перевода в Wiktionary (вынесен на отдельную страницу); пример: слова нет в предложении
asset	B2	5016	Noun	актив	активы; авуары; имущество	You're a valuable asset to me.	Для меня ты ценный актив.	A thing or quality that has value, especially one that generates cash flows.		категория не определилась (не определилась)
dining	B1	3171	Noun			I wipe the dining table.	Я вытираю обеденный стол.	Eating dinner as a social function.	society	нет русского перевода в Wiktionary
shouting	B2	5017	Noun	кричание	крик	Stop shouting.	Перестань кричать.	An instance of loud or highly audible acclamation, clamor, crying or uproar.		категория не определилась (не определилась)
hunk	C1	12601	Noun	ломоть		You're a hunk.	Ты красавчик.	A large or dense piece of something.	objects	пример иллюстрирует другое значение (2 разных этимологий)
regenerate	C2	32462	Verb					To construct or create anew, especially in an improved manner.	change	нет русского перевода в Wiktionary; пример: длина английского предложения
publisher	B1	3172	Noun	издатель	издательница; издательство			A person or (especially) a company who publishes, especially books.	people	пример: слова нет в предложении
forward	A1	958	Adjective	передний	передовой	Face forward.	Смотри вперёд.	Situated toward or at the front of something.	qualities	многозначное слово, подтвердить перевод нечем (2 разных этимологий; части речи: Adjective/Adverb/Verb/Noun)
profile	A1	959	Noun	профиль		I changed my profile picture.	Я поменял фотографию в моём профиле.	The outermost shape, view, or edge of an object.		категория не определилась (не определилась)
initial	B1	3174	Adjective	начальный	исходный; первоначальный; первичный	What are her initials?	Какие у неё инициалы?	Chronologically first, early; of or pertaining to the beginning, cause or origin.	time	многозначное слово, подтвердить перевод нечем (части речи: Adjective/Noun/Verb)
goodwill	C1	12605	Noun	добрая воля	доброжелательность; благоволение; благожелательность	Our future depends on the goodwill of a small elite.	Наше будущее зависит от доброй воли малочисленной элиты.	A favorably disposed attitude toward someone or something.		категория не определилась (не определилась)
ambiance	C2	32465	Noun	обстановка	атмосфера			A particular mood or atmosphere of an environment or surrounding influence.	feelings	пример: нет предложений в Tatoeba
paolo	C1	12606	Noun			Paolo is a nice person.	Паоло - хороший человек.	An old Italian silver coin.		нет русского перевода в Wiktionary; категория не определилась (не определилась)
barkeep	C2	32466	Noun					A bartender.		нет русского перевода в Wiktionary; пример: длина английского предложения; категория не определилась (не определилась)
chief	A1	961	Noun	главный	вождь	I'm the chief engineer.	Я главный инженер.	The leader or head of a tribe, organisation, business unit, or other group.		категория не определилась (не определилась)
favour	B2	5028	Noun			Do him a favour.	Окажи ему услугу.	British standard spelling of favor.		нет русского перевода в Wiktionary (вынесен на отдельную страницу); категория не определилась (не определилась)
engine	A1	962	Noun		mechanical device → двигатель/мотор; influential group → двигатель; software or hardware system responsible  → движок	Cut the engine.	Заглуши мотор.	A large construction used in warfare, such as a battering ram, catapult etc.		перевод не привязывается к значению — риск взять чужое; категория не определилась (не определилась)
thin	B1	3178	Adjective	тонкий		I'm thin.	Я худая.	Having little thickness or extent from one surface to its opposite.	qualities	многозначное слово, подтвердить перевод нечем (части речи: Adjective/Noun/Verb/Adverb)
boiler	C1	12609	Noun		device for heating circulating water → котёл/паровой котёл/бойлер; hot water heater with storage → кипятильник	Give me a reading on that meter near the boiler.	Прочтите мне показание счётчика у котла.	A person who boils something.	people	перевод не привязывается к значению — риск взять чужое
nope	B2	5030	Noun	не-а		Nope, not at all.	Нет, нисколько.	A negative reply, no.	communication	перевод есть только для другой части речи (Particle вместо Noun); многозначное слово, подтвердить перевод нечем (3 разных этимологий)
mar	B1	3180	Verb	портить	повреждать; испортить; повредить	Mars is red.	Марс красный.	To spoil; to ruin; to scathe; to damage.	actions	многозначное слово, подтвердить перевод нечем (3 разных этимологий)
barker	C1	12613	Noun			My neighbor's dog is a constant barker that keeps me awake at night.		Someone or something who barks.	people	нет русского перевода в Wiktionary; пример: нет предложений в Tatoeba
skydiving	C2	32470	Noun	прыжки с парашютом	скайдайвинг; парашютизм	Have you ever gone skydiving?	Ты когда-нибудь прыгал с парашютом?	The practice of performing acrobatic movements during the freefall phase of a parachute jump.		категория не определилась (не определилась)
patrol	B2	5033	Noun	патруль	патрулирование; обход	The patrol car skidded to a stop.	Патрульная машина затормозила.	A going of the rounds along the chain of sentinels and between the posts, by a guard, usually consisting of three or four men.		категория не определилась (не определилась)
diversion	C1	12614	Noun	отвлекающий манёвр				A tactic used to draw attention away from the real threat or action.	objects	пример: слова нет в предложении
signage	C2	32473	Noun	вывеска		The signage at the airport is designed to point the way clearly to important locations.		Signs, particularly those imparting commercial, directional, or road traffic information, taken collectively.	city	пример: нет предложений в Tatoeba
kid	A1	968	Noun	ребёнок	парень; девчонка	Kids like animals.	Дети любят животных.	A child, adolescent, or a young adult.	family	многозначное слово, подтвердить перевод нечем (3 разных этимологий)
watt	C1	12616	Noun	ватт				In the International System of Units, the derived unit of power.		пример: длина английского предложения; категория не определилась (не определилась)
chase	B1	3185	Noun		action of the verb "to chase" → погоня/гонка/преследование; a groove cut in an object → паз	Chase the wind.	Ищи ветра в поле.	The act of one who chases another; a pursuit.	people	перевод не привязывается к значению — риск взять чужое
contrary	B2	5038	Adjective			On the contrary.	Наоборот.	Opposite; in an opposite direction; in opposition; adverse.	qualities	нет русского перевода в Wiktionary
eve	B1	3186	Noun	канун		She died on the eve of her 100th birthday.		The day or night before, usually used for holidays, such as Christmas Eve.	time	пример: слово в примере — имя собственное
mysterious	B2	5039	Adjective	таинственный	загадочный	He received a mysterious phone call this morning.		Of unknown origin.	qualities	пример: слова нет в предложении
cross	A1	971	Noun	крест		Cross the road.	Перейди через дорогу.	Any geometric figure having this or a similar shape, such as a cross of Lorraine or a Maltese cross.	qualities	многозначное слово, подтвердить перевод нечем (части речи: Noun/Adjective/Verb)
awake	B2	5041	Adjective	бодрствующий	проснувшийся; не спящий	Stay awake.	Не засыпай.	Not asleep; conscious.	qualities	многозначное слово, подтвердить перевод нечем (2 разных этимологий)
palladium	C2	32478	Noun	палладиум				A safeguard.		пример: нет предложений в Tatoeba; многозначное слово, подтвердить перевод нечем (2 разных этимологий); категория не определилась (не определилась)
melissa	B2	5042	Noun	мелисса				A plant of the genus Melissa, especially lemon balm (Melissa officinalis), often used medicinally.	nature	пример: не для детей [страны и национальности]: portuguese
ent	C1	12621	Noun	энт				A large, fictional, humanoid, walking tree in works by J. R. R. Tolkien.	nature	пример: латиница в переводе; многозначное слово, подтвердить перевод нечем (2 разных этимологий)
dishonour	C2	32479	Noun	позор	бесчестие; срам	You have brought dishonour upon the family.		Shame or disgrace.		пример: длина английского предложения; категория не определилась (не определилась)
agent	A1	974	Noun	деятель	исполнитель	I'm an agent.	Я агент.	One who exerts power, or has the power to act.	people	перевод примера относится к другому значению
yard	B1	3190	Noun	двор	дворик	A yard is three feet.	В ярде три фута.	A small, usually uncultivated area adjoining or (now especially) within the precincts of a house or other building.	home	многозначное слово, подтвердить перевод нечем (3 разных этимологий)
ridge	B2	5043	Noun		line along which two sloping surfaces me → гребень; highest point on a roof → конёк/гребень; chain of mountains → горный хребет/горная цепь/хребет; chain of hills → горный хребет/горная цепь; elevation on ocean bottom → океанический хребет/хребет	Rugged pines grow on the rocky soil of the ridge.	На каменистой почве горного хребта растут скалистые сосны.	The back of any animal; especially the upper or projecting part of the back of a quadruped.	animals	перевод не привязывается к значению — риск взять чужое
momma	C1	12622	Noun					A betel nut plus other ingredients (like areca nut, betel leaves, slaked lime, and tobacco) to be chewed on.		нет русского перевода в Wiktionary; пример: нет предложений в Tatoeba; категория не определилась (не определилась)
wolf	B1	3193	Noun	волчица	волк	I'm a wolf.	Я волчица.	Canis lupus; the largest wild member of the canine subfamily.		категория не определилась (не определилась)
freeway	C1	12623	Noun					A highway with grade-separated crossings.		нет русского перевода в Wiktionary (вынесен на отдельную страницу); пример: не для детей [болезни и травмы]: accident; категория не определилась (не определилась)
aff	C2	32481	Noun					Affirmative; the resolution made by one group and countered by the opposing group's negative.		нет русского перевода в Wiktionary; пример: нет предложений в Tatoeba; категория не определилась (не определилась)
protein	B1	3194	Noun	протеин	белок	I've been eating protein.	Я употреблял протеин.	Any of numerous large, complex naturally-produced molecules composed of one or more long chains of amino acids.		категория не определилась (не определилась)
outer	B2	5046	Adjective	внешний	наружный	This organism can survive in outer space.	Этот организм может выжить в открытом космосе.	Outside; external.	qualities	многозначное слово, подтвердить перевод нечем (3 разных этимологий)
christie	C1	12625	Noun					A high-speed ski turn in which the skis are kept parallel.		нет русского перевода в Wiktionary; пример: предложение не целое; категория не определилась (не определилась)
argyle	C2	32482	Noun	аргайл				A pattern of diamond-shaped areas on a solid background; used especially of knitwear.		пример: нет предложений в Tatoeba; категория не определилась (не определилась)
double	A1	977	Adjective	двойной		I see double.	У меня двоится в глазах.	Made up of two matching or complementary elements.	qualities	многозначное слово, подтвердить перевод нечем (части речи: Adjective/Adverb/Noun/Verb)
cowl	C2	32485	Noun	капюшон				A monk's hood that can be pulled forward to cover the face; a robe with such a hood attached to it.	objects	пример: не для детей [религия]: monk; многозначное слово, подтвердить перевод нечем (4 разных этимологий; части речи: Noun/Verb/Adjective)
silence	B1	3196	Noun	тишина	молчание	I like silence.	Я люблю тишину.	The absence of any sound.		категория не определилась (не определилась)
inkjet	B2	5051	Noun			Laser printers are generally cheaper to maintain than inkjet printers.	Лазерные принтеры в целом дешевле в эксплуатации, чем струйные.	A device, particularly one used in the printing of documents, which propels tiny droplets of ink to the paper.	tech	нет русского перевода в Wiktionary
lessor	C2	32486	Noun	арендодатель				The owner of property that is leased; the landlord to a lease.		пример: нет предложений в Tatoeba; категория не определилась (не определилась)
forth	B1	3197	Adverb	вперёд	впредь	And so on and so forth.	И так далее и тому подобное.	Forward in time, place or degree.	qualities	многозначное слово, подтвердить перевод нечем (2 разных этимологий; части речи: Adverb/Adjective/Noun)
availability	B2	5052	Noun	наличие		What is your availability this week?		The quality of being available.		пример: латиница в переводе; категория не определилась (не определилась)
possibility	B1	3198	Noun	возможность		'There is little possibility of that happening' 'I'd say there's rather a strongish possibility that it won't.'		The quality of being possible.		пример: слова нет в предложении; категория не определилась (не определилась)
demon	B2	5053	Noun	демон	бес; чёрт; шайтан	I'm a demon.	Я демон.	An evil supernatural being. An evil being resident in or working for Hell.		категория не определилась (не определилась)
presentation	B1	3199	Noun	представление	презентация			The act of presenting, or something presented.	actions	пример: слова нет в предложении
poke	C1	12630	Verb	тыкать	совать; ткнуть; сунуть	Don't poke the bear.	Не трогай медведя.	To prod or jab with an object such as a finger or a stick.	objects	многозначное слово, подтвердить перевод нечем (4 разных этимологий)
acid	B1	3200	Adjective	кислый	едкий	Acid corrodes metal.	Кислота разъедает металл.	Sour, sharp, or biting to the taste; tart; having the taste of vinegar.	qualities	перевод примера относится к другому значению
maggie	B2	5056	Noun					Any of several kinds of bird in the family Corvidae, especially Pica pica.	animals	нет русского перевода в Wiktionary; пример: нет предложений в Tatoeba
mogul	C2	32490	Noun	магнат		a Silicon Valley tech mogul		A rich or powerful person; a magnate, nabob.		пример: нет предложений в Tatoeba; многозначное слово, подтвердить перевод нечем (2 разных этимологий); категория не определилась (не определилась)
raw	B1	3201	Adjective		uncooked → сырой; untreated → необработанный/сырой; chafed, exposed of a wound → сырой; inexperienced → неопытный/зелёный; crude in quality → грубый/простой	I like raw fish.	Я люблю сырую рыбу.	Subsisting on, or pertaining to, a diet of raw food.	food	перевод не привязывается к значению — риск взять чужое
transportation	B1	3202	Noun	перевозка	транспортировка; переправка	We use public transportation.	Мы пользуемся общественным транспортом.	The act of transporting, or the state of being transported; conveyance, often of people, goods etc.	actions	перевод примера относится к другому значению
gas	A1	993	Noun	газ		I have gas.	У меня есть бензин.	Matter in an intermediate state between liquid and plasma that can be contained only if it is fully surrounded by a solid.	objects	пример иллюстрирует другое значение (3 разных этимологий; части речи: Noun/Verb/Adjective)
jay	B1	3203	Noun		bird → сойка; name of the letter J, j → джей/йот/жи			Any of the numerous species of birds belonging to several genera within the family Corvidae, including Garrulus, Cyanocitta, Aphelocoma.	animals	перевод не привязывается к значению — риск взять чужое; пример: слово в примере — имя собственное
chi	B2	5060	Noun	хи				The twenty-second letter of the Classical and Modern Greek alphabets.		пример: слово в примере — имя собственное; многозначное слово, подтвердить перевод нечем (4 разных этимологий); категория не определилась (не определилась)
fair	A1	995	Adjective		pretty or attractive → прекрасный/красивый; light in color or pale → светлый; just, equitable → справедливый/правомерный/честный; adequate, reasonable, decent → приемлемый/сносный	No fair.	Это несправедливо.	Beautiful, of a pleasing appearance, with a pure and fresh quality.	qualities	перевод не привязывается к значению — риск взять чужое
hop	B1	3204	Noun	прыжок	скачок	Hop in. I'll give you a ride.	Запрыгивай, я тебя подвезу.	A short jump.		многозначное слово, подтвердить перевод нечем (3 разных этимологий); категория не определилась (не определилась)
marc	B2	5061	Noun			Marc posted his letter.	Марк отправил своё письмо.	The refuse matter that remains after fruit, particularly grapes, has been pressed.	food	нет русского перевода в Wiktionary
colin	B2	5067	Noun					The American quail or bobwhite, or related species.		нет русского перевода в Wiktionary; пример: нет предложений в Tatoeba; категория не определилась (не определилась)
snoring	C1	12640	Noun	храп		She was snoring.	Она храпела.	The action or sound of breathing during sleep with harsh, snorting noises caused by vibration of the soft palate.		категория не определилась (не определилась)
washer	C1	12641	Noun	прачка		We bought a new washer.	Мы купили новую стиральную машину.	Something that washes; especially an appliance such as a washing machine or dishwasher.	tech	многозначное слово, подтвердить перевод нечем (2 разных этимологий)
legend	B1	3215	Noun	легенда	поверье; сказание; предание	He's a legend.	Он легенда.	The life story of a saint.		категория не определилась (не определилась)
crank	C1	12643	Noun		a bent piece of an axle or shaft, or an  → кривошип; any bend, turn, or winding, as of a pass → крюк/поворот/изгиб; slang: strange person → чудак; pseudoscience advocate → фрик	What a crank he is!	Вот ведь упрямый парень!	An ailment, ache.		перевод не привязывается к значению — риск взять чужое; категория не определилась (не определилась)
creek	B1	3219	Noun	бухточка	бухта; залив	The creek was frozen.	Ручей замёрз.	A small inlet, often saltwater, leading to the sea or to the main channel of a river, especially a river estuary.	nature	перевод примера относится к другому значению
pfft	C1	12644	Noun			Pfft, who cares?	Да плевать.	A short puffing sound.		нет русского перевода в Wiktionary; категория не определилась (не определилась)
seven	A1	1010	Noun		the figure seven → семёрка; a card bearing seven pips → семёрка	I'm seven.	Мне семь лет.	NATO & ICAO radiotelephony clear code (spelling-alphabet name) for the digit 7.		перевод не привязывается к значению — риск взять чужое; категория не определилась (не определилась)
murphy	B2	5073	Noun					An Irish or white potato.		нет русского перевода в Wiktionary; пример: слова нет в предложении; категория не определилась (не определилась)
screenplay	C1	12645	Noun	сценарий		Tom wrote the screenplay.	Том написал сценарий.	A script for a movie or a television show; especially, the former specifically.		категория не определилась (не определилась)
equalization	C2	32505	Noun					The act of equalizing, or state of being equalized.	actions	нет русского перевода в Wiktionary; пример: слова нет в предложении
industry	A1	1013	Noun	усердие	трудолюбие; старательность; прилежание	The cinema is an industry.	Кино - это индустрия.	The tendency to work persistently.		перевод примера относится к другому значению; категория не определилась (не определилась)
scope	B2	5074	Noun	предел	масштаб; размах; рамка	This is beyond the scope of my imagination.	Это за пределами моего воображения.	The breadth, depth or reach of a subject; the extent of applicability or relevance; a domain, purview or remit.		категория не определилась (не определилась)
domestic	B1	3223	Adjective	домашний		Most of these products are domestic.	Большинство этих продуктов отечественного производства.	Of or relating to the home.	home	перевод примера относится к другому значению
lookup	B2	5075	Noun			My database lookup failed because I misspelled the word.		An attempt to retrieve data.	tech	нет русского перевода в Wiktionary; пример: нет предложений в Tatoeba
mayo	C1	12647	Noun			That mayo is nothing but chemicals!	Майонез — это чистая химия.	A white person.		нет русского перевода в Wiktionary; категория не определилась (не определилась)
riddler	C2	32507	Noun					One who asks riddles; a puzzler.	people	нет русского перевода в Wiktionary; пример: нет предложений в Tatoeba
mike	A1	1016	Noun			Switch off the mike.	Выключи микрофон.	A microphone.		нет русского перевода в Wiktionary; категория не определилась (не определилась)
engineer	B1	3224	Noun	инженер	инженерка; инженерша	He's an engineer.	Он инженер.	A soldier engaged in designing or constructing military works for attack or defence, or other engineering works.		категория не определилась (не определилась)
percentage	B2	5076	Noun	процент	процентное отношение	How much is that as a percentage?	Сколько это в процентах?	The amount, number or rate of something, regarded as part of a total of 100; a part of a whole.		категория не определилась (не определилась)
soccer	B1	3229	Noun	футбол	соккер; ногомяч	I like soccer.	Я люблю футбол.	Association football.		категория не определилась (не определилась)
mann	C1	12651	Noun					A fairy chess piece that can move to any adjacent square. It moves like a king but is not a royal piece.	objects	нет русского перевода в Wiktionary; пример: нет предложений в Tatoeba
drop	A1	1021	Noun	капля		Drop it.	Забей.	A small quantity of liquid, just large enough to hold its own rounded shape through surface tension.	objects	многозначное слово, подтвердить перевод нечем (2 разных этимологий)
dale	B2	5082	Noun	долина				A valley, often in an otherwise hilly area.		пример: слово в примере — имя собственное; многозначное слово, подтвердить перевод нечем (2 разных этимологий); категория не определилась (не определилась)
moe	C1	12652	Noun					Strong interest in, and especially fetishistic attraction towards, fictional characters in anime, manga, video games, and/or similar media.		нет русского перевода в Wiktionary; пример: длина английского предложения; категория не определилась (не определилась)
range	A1	1023	Noun	горный хребет	горная цепь			A line or series of mountains, buildings, etc.		пример: слова нет в предложении; категория не определилась (не определилась)
coil	C1	12654	Noun	спираль	кольцо; виток	The snake coiled up.	Змея свернулась в клубок.	Something wound in the form of a helix or spiral.		многозначное слово, подтвердить перевод нечем (3 разных этимологий); категория не определилась (не определилась)
unit	A1	1026	Noun		standard measure of a quantity → единица; organized group comprising people and/or → единица/подразделение; course or section of a curriculum → раздел; member of a military organization → единица; algebra: element of a ring → единица	Music unites.	Музыка объединяет.	Oneness, singularity, seen as a component of a whole number; a magnitude of one.		перевод не привязывается к значению — риск взять чужое; категория не определилась (не определилась)
incident	B1	3233	Noun	инцидент	происшествие; случай	It was a small incident.	Это был небольшой инцидент.	An event or occurrence.		категория не определилась (не определилась)
bingo	B2	5085	Noun	бинго		In the evenings, we played bingo.	По вечерам мы играли в лото.	A game of chance for two or more players, who mark off numbers on a grid as they are announced by the caller.	sports	многозначное слово, подтвердить перевод нечем (2 разных этимологий; части речи: Noun/Adjective/Verb)
col	C1	12655	Noun	седловина	перевал			A dip on a mountain ridge between two peaks.	nature	пример: нет предложений в Tatoeba; многозначное слово, подтвердить перевод нечем (2 разных этимологий)
council	A1	1028	Noun	совет		The council agreed on it.	Совет дал своё согласие.	A committee that leads or governs. A local authority.		категория не определилась (не определилась)
advertisement	B2	5086	Noun	объявление	реклама; анонс; заявление	I saw the advertisement.	Я видел объявление.	A commercial solicitation designed to sell some commodity, service or similar.		категория не определилась (не определилась)
amazon	B1	3235	Noun			Although the evidence for real Amazons is thin, women athletes are often dubbed amazons.		A tall, strong, athletic woman.		нет русского перевода в Wiktionary (вынесен на отдельную страницу); пример: латиница в переводе; категория не определилась (не определилась)
unbecoming	C2	32522	Adjective			She wore a rather unbecoming hairstyle.		Not flattering, attractive or appropriate.	qualities	нет русского перевода в Wiktionary; пример: не для детей [оружие и война]: army
trouble	A1	1032	Noun	беда	злоключение; неприятность; горе	Trouble lurks.	На горизонте маячит беда.	A distressing or dangerous situation.		категория не определилась (не определилась)
colonel	B1	3236	Noun	полковник		I'm a colonel.	Я полковник.	A commissioned officer in an armed military organization, typically the highest rank before flag officer ranks (generals).		категория не определилась (не определилась)
shed	B2	5088	Verb		to cast off, to let fall, be divested of → сбрасывать/линять; to pour; to make flow → проливать/пролить; to allow to flow or fall → проливать/пролить	She shed tears.	Она плакала.	To part, separate or divide.	actions	перевод не привязывается к значению — риск взять чужое
vari	C2	32523	Noun			The price varies with demand.	Цена меняется вместе со спросом.	The ring-tailed lemur.		нет русского перевода в Wiktionary; категория не определилась (не определилась)
copy	A1	1033	Noun	копия	дубликат	Copy this file.	Скопируй этот файл.	The result of copying; an identical or nearly identical duplicate of an original.		многозначное слово, подтвердить перевод нечем (2 разных этимологий); категория не определилась (не определилась)
testimonial	C2	32525	Noun		written recommendation → рекомендация/характеристика/отзыв; tribute of someone's service → свидетельство	The witness provided a written testimonial to the court.		A statement, especially one given under oath; testimony.	communication	перевод не привязывается к значению — риск взять чужое; пример: длина английского предложения
blonde	B1	3238	Noun			She is blonde.	Она блондинка.	A kind of 2,000-watt lamp.		нет русского перевода в Wiktionary (вынесен на отдельную страницу); категория не определилась (не определилась)
commissioner	B1	3239	Noun		someone commissioned to perform certain  → комиссар/представитель/представительница; member of a commission → член комиссии	It wasn't I, commissioner!	Это был не я, товарищ комиссар!	One who commissions something.	people	перевод не привязывается к значению — риск взять чужое
tab	B2	5095	Noun	петелька	ушко	Put it on my tab.	Запиши это на мой счёт.	A small flap or strip of material attached to or inserted into something, for holding, manipulation, identification, opening etc.	objects	многозначное слово, подтвердить перевод нечем (8 разных этимологий)
waltz	C1	12664	Noun	вальс		My favorite dance is the waltz.	Мой любимый танец - вальс.	A ballroom dance in 3/4 time.		категория не определилась (не определилась)
weight	A1	1038	Noun	тяжесть	вес	Tom lifts weights.	Том поднимает тяжести.	The downwards force an object experiences due to gravity.		категория не определилась (не определилась)
rachel	B1	3240	Noun					A light tan colour, chiefly with reference to cosmetic powder.	objects	нет русского перевода в Wiktionary; пример: слово в примере — имя собственное
informatics	C1	12665	Noun	информатика				A branch of information science and of computer science that focuses on the study of information processing.	school	пример: Tatoeba недоступна (offline: нет в кэше)
hydroxy	C2	32528	Adjective					Being, or containing a hydroxyl radical.	qualities	нет русского перевода в Wiktionary; пример: нет предложений в Tatoeba
dear	A1	1039	Adjective		loved; lovable → дорогой/милый/любимый; precious to or greatly valued by someone → дорогой/ценный; formal way of addressing → уважаемый/дорогой; an informal way of addressing the recipi → дорогой/дорогая; a formal way to start (often after ''my' → дорогой/уважаемый	Wake up, dear.	Просыпайся, дорогой.	High in price; expensive.	money	перевод не привязывается к значению — риск взять чужое
aye	B1	3241	Adverb	есть				Ever, always.	qualities	перевод есть только для другой части речи (Interjection вместо Adverb); пример: длина английского предложения; многозначное слово, подтвердить перевод нечем (5 разных этимологий; части речи: Adverb/Verb/Noun)
sharon	B2	5097	Verb			Sharon found out that she was going to have a baby.	Шэрон узнала, что ждёт ребёнка.	Wrapping leftover foods to take home from any kind of social function such as a birthday or wedding.	society	нет русского перевода в Wiktionary
plankton	C2	32531	Noun	планктон		Whale sharks eat plankton.	Китовая акула питается планктоном.	Organisms, especially small and microscopic ones, that drift in water.		категория не определилась (не определилась)
dream	A1	1040	Noun	сон	сновидение; грёза	I dream.	Я мечтаю.	Imaginary events seen in the mind while sleeping.		пример иллюстрирует другое значение (части речи: Noun/Verb/Adjective); категория не определилась (не определилась)
adoption	B2	5098	Noun	усыновление	удочерение; адопция			The act of adopting.	actions	пример: слова нет в предложении
traveller	C1	12668	Noun	путешественник	путешественница; путник; путница			One who travels, especially to distant lands.	people	пример: слова нет в предложении
tom	A1	1041	Noun	кот		Tom, stop.	Том, прекрати.	The male of the domesticated cat, especially if not neutered.		многозначное слово, подтвердить перевод нечем (5 разных этимологий); категория не определилась (не определилась)
microchip	C2	32535	Noun	микрочип	микросхема	That company produces microchips.	Эта компания производит микрочипы.	An integrated circuit. A microprocessor.		категория не определилась (не определилась)
client	A1	1043	Noun	клиент	клиентка; заказчик; заказчица	I'm a client.	Я клиент.	A customer, a buyer or receiver of goods or services.		категория не определилась (не определилась)
sole	B2	5100	Adjective	неженатый	холостой; незамужний; одинокий	I'm the sole survivor.	Я единственный, кто выжил.	Unmarried (especially of a woman); widowed.	qualities	пример иллюстрирует другое значение (5 разных этимологий; части речи: Adjective/Noun/Verb)
period	A1	1044	Noun	период	промежуток	The first period ended yesterday.	Вчера завершился первый период.	A length of time.		категория не определилась (не определилась)
fancy	B1	3247	Noun	воображение	фантазия	I fancy a pint.	Я бы выпил пива.	The imagination.		многозначное слово, подтвердить перевод нечем (2 разных этимологий; части речи: Noun/Adjective/Adverb/Verb); категория не определилась (не определилась)
scholarship	B2	5102	Noun		study allowance → стипендия; knowledge → эрудиция/учёность/знания	He had to get a scholarship.	Он должен был получить стипендию.	A grant-in-aid to a student.	school	перевод не привязывается к значению — риск взять чужое
lawson	C1	12673	Noun					A chemical and dye found in henna (Lawsonia inermis).		нет русского перевода в Wiktionary; пример: нет предложений в Tatoeba; категория не определилась (не определилась)
approval	B1	3248	Noun	одобрение	разрешение; утверждение	I need to get an approval on this purchase order.		An expression granting permission; an indication of agreement with a proposal; an acknowledgement that a person, thing.	communication	пример: слова нет в предложении
beans	B2	5103	Noun			Cool beans.	Спасибо.	Pills; drugs in pill form.		нет русского перевода в Wiktionary; категория не определилась (не определилась)
simplicity	C1	12676	Noun	простота		We love simplicity.	Мы любим простоту.	The state or quality of being simple The quality or state of being unmixed or uncompounded.		категория не определилась (не определилась)
band	A1	1046	Noun	лента	тесьма; повязка; обод	I love this band.	Я обожаю эту группу.	A strip of material used for strengthening or coupling.	objects	пример иллюстрирует другое значение (4 разных этимологий; значений: 6)
description	A1	1048	Noun	описание		I like that description.	Мне нравится это описание.	A sketch or account of anything in words.		категория не определилась (не определилась)
ash	B2	5108	Noun	пепел	зола	Volcanic ash covered the city.	Вулканический пепел накрыл город.	The solid remains of a fire.		категория не определилась (не определилась)
eddy	C1	12678	Noun	завихрение	вихрь			A current of air or water running back, or in an opposite direction to the main current.		пример: не для детей (в переводе): вор; многозначное слово, подтвердить перевод нечем (2 разных этимологий); категория не определилась (не определилась)
shield	B2	5109	Noun	щит		I need a shield.	Мне нужен щит.	Anything that protects or defends; defense; shelter; protection. A broad piece of defensive armor, held in hand.	objects	многозначное слово, подтвердить перевод нечем (2 разных этимологий)
hustle	C1	12679	Verb		to rush or hurry → спешить/торопиться; to con or deceive → обманывать/надувать/обмануть	Now I want you to hustle.	Теперь я хочу, чтобы ты поторопился.	To push someone roughly; to crowd; to jostle.	actions	перевод не привязывается к значению — риск взять чужое
poach	C2	32543	Verb		to take game or fish illegally → заниматься браконьерством; to entice an employee or customer to swi → переманивать/переманить			To cook (something) in simmering or very hot liquid (usually water; sometimes wine, broth, or otherwise).	food	перевод не привязывается к значению — риск взять чужое; пример: не для детей (в переводе): кури
tickets	A1	1050	Noun			I have tickets.	У меня есть билеты.	A single ticket.		нет русского перевода в Wiktionary; категория не определилась (не определилась)
graveyard	C1	12682	Noun	кладбище	погост; киркут			A tract of land in which the dead are buried.		пример: не для детей (в переводе): ад; категория не определилась (не определилась)
happiness	B1	3257	Noun		id=Q8 → счастье/радость; good luck → счастье/удача/везение; agreeable feeling → счастье/радость; fortuitous elegance → счастье/удача	seek happiness		The emotion of being happy; joy; elation.	feelings	перевод не привязывается к значению — риск взять чужое; пример: слова нет в предложении
batman	B2	5113	Noun	денщик	ординарец; вестовой			A servant or valet to a military officer.		пример: длина английского предложения; многозначное слово, подтвердить перевод нечем (3 разных этимологий); категория не определилась (не определилась)
recordable	C2	32552	Adjective			Sound and movement are recordable by means of microphones and cameras.		That can be recorded; capturable.	qualities	нет русского перевода в Wiktionary; пример: слова нет в предложении
felt	A1	1054	Noun	фетр	войлок	I felt unwell.	Мне было нехорошо.	A cloth or stuff made of matted fibres of wool, or wool and fur, fulled or wrought into a compact substance by rolling and pressure.	objects	многозначное слово, подтвердить перевод нечем (2 разных этимологий; части речи: Noun/Verb/Adjective)
combination	B1	3264	Noun	соединение	объединение	I love that combination.	Я обожаю эту комбинацию.	The act of combining, the state of being combined or the result of combining.	actions	перевод примера относится к другому значению
complimentary	C1	12689	Adjective	лестный		a complimentary remark		In the nature of a compliment.	qualities	пример: нет предложений в Tatoeba
laughter	B1	3269	Noun	смех	хохот	Laughter prolongs life.	Смех продлевает жизнь.	The sound of laughing, produced by air so expelled; any similar sound.		категория не определилась (не определилась)
curse	B2	5121	Noun	проклятие		He's cursed.	Он проклят.	A supernatural detriment or hindrance; a bane.		категория не определилась (не определилась)
rat	B1	3270	Noun	крыса	пасюк	The rat is brown.	Крыса коричневая.	Any of the numerous members of several rodent families that usually have short limbs, a pointy snout, a long, hairless tail.		категория не определилась (не определилась)
footer	C1	12692	Noun	нижний колонтитул				A footgoer; pedestrian.		пример: нет предложений в Tatoeba; многозначное слово, подтвердить перевод нечем (3 разных этимологий); категория не определилась (не определилась)
malta	C1	12694	Noun					A non-alcoholic carbonated malt beverage, popular in Latin America.	food	нет русского перевода в Wiktionary; пример: слово в примере — имя собственное
extrusion	C2	32560	Noun					A manufacturing process where a billet of material is pushed and/or drawn through a die to create a shaped rod, rail or pipe.	objects	нет русского перевода в Wiktionary; пример: нет предложений в Tatoeba
agree	A1	1059	Verb	соглашаться	приходить к согласию; достигать соглашения; согласиться	All agree.	Все согласны.	To be in harmony about an opinion, statement, or action; to have a consistent idea between two or more people.	communication	многозначное слово, подтвердить перевод нечем (значений: 6)
chem	C1	12695	Noun					A chemical weapon.		нет русского перевода в Wiktionary; пример: нет предложений в Tatoeba; категория не определилась (не определилась)
fonda	C2	32561	Noun					An inn or hotel in a Spanish-speaking country.		нет русского перевода в Wiktionary; пример: нет предложений в Tatoeba; категория не определилась (не определилась)
wed	B1	3275	Verb	жениться	пожениться	The priest wed the couple.		To perform the marriage ceremony for; to join in matrimony.	actions	пример: слова нет в предложении
passion	B1	3277	Noun		any great emotion → страсть/аффект/запал; fervor, determination → страсть/запал; object of passionate love or strong inte → пассия/страсть/пристрастие; suffering of Jesus → мука/страсти	Chess is my passion.	Шахматы — это моя страсть.	A true desire sustained or prolonged.		перевод не привязывается к значению — риск взять чужое; категория не определилась (не определилась)
rainbow	B2	5131	Noun	радуга	весёлка			A multicoloured arch in the sky, produced by prismatic refraction of light within droplets of rain in the air.	weather	пример: не для детей (в переводе): ад; многозначное слово, подтвердить перевод нечем (части речи: Noun/Adjective/Verb)
mambo	C1	12699	Noun	мамбо				A voodoo priestess (in Haiti).		пример: нет предложений в Tatoeba; категория не определилась (не определилась)
fisting	B2	5136	Noun	фистинг				The act or sexual practice of inserting one or both hands into the vagina or rectum of oneself or one's sexual partner.		пример: слова нет в предложении; категория не определилась (не определилась)
saga	C1	12701	Noun	сага				An Old Norse (Icelandic) prose narrative, especially one dealing with family or social histories and legends.	society	пример: нет предложений в Tatoeba; многозначное слово, подтвердить перевод нечем (2 разных этимологий)
promotion	B1	3280	Noun	повышение	продвижение	We deserve a promotion.	Мы заслуживаем повышения.	An advancement in rank or position.		категория не определилась (не определилась)
yoga	B2	5137	Noun	йога		Yoga reduces stress.	Йога помогает снять стресс.	Any of several Hindu or Buddhist disciplines aimed at training the consciousness for a state of perfect spiritual insight and tranquillity.		категория не определилась (не определилась)
sweet	A1	1070	Adjective		having a pleasant taste → сладкий; having a taste of sugar → сладкий; containing a sweetening ingredient → сладкий; of a wine: retaining a portion of sugar → сладкий; not having a salty taste → пресный	Sweet dreams.	Спокойной ночи.	Tasting of sugars.	food	перевод не привязывается к значению — риск взять чужое
stolen	B1	3281	Adjective	краденный	украденный; ворованный	Our car got stolen.	Нашу машину угнали.	That has been stolen.	qualities	многозначное слово, подтвердить перевод нечем (части речи: Verb/Adjective/Noun)
diabetic	C1	12703	Noun	диабетик				A person with diabetes, usually diabetes mellitus.	people	пример: слова нет в предложении
acreage	C2	32569	Noun					Size, as measured in acres.	qualities	нет русского перевода в Wiktionary; пример: нет предложений в Tatoeba
official	A1	1073	Adjective	служебный	должностной	It's official.	Это официально.	Of or about an office or public trust.	society	перевод примера относится к другому значению
fifth	B1	3283	Adjective	пятый	5-ый	Today is the fifth.	Сегодня пятое.	The ordinal form of the number five.	qualities	многозначное слово, подтвердить перевод нечем (части речи: Adjective/Noun/Verb)
tramadol	B2	5141	Noun	трамадол				A synthetic opioid analgesic administered orally in the form of its hydrochloride C16H25NO2·HCl to treat moderate to severe pain.		пример: нет предложений в Tatoeba; категория не определилась (не определилась)
cessation	C2	32570	Noun	прекращение		Menopause is the permanent cessation of the ovaries' primary functions.	Менопауза — это окончательное прекращение основных функций яичников.	A ceasing or discontinuance, for example of an action, whether temporary or final.		категория не определилась (не определилась)
instant	B1	3284	Noun	мгновение	момент	She paused for only an instant, which was just enough time for John to change the subject.		A very short period of time; a moment.	time	пример: слова нет в предложении; многозначное слово, подтвердить перевод нечем (4 разных этимологий; части речи: Noun/Adjective/Adverb/Verb)
brotherhood	C1	12706	Noun	братство		brotherdom		The state of being brothers or a brother (also figuratively).		пример: длина английского предложения; категория не определилась (не определилась)
proteomics	C2	32571	Noun	протеомика				The branch of molecular biology that studies the set of proteins expressed by the genome of an organism.		пример: нет предложений в Tatoeba; категория не определилась (не определилась)
practical	B1	3286	Adjective	практический		Jack didn't get an engineering degree, but has practical knowledge of metalworking.		Relating to, or based on, practice or action rather than theory or hypothesis.	qualities	пример: слова нет в предложении
din	C1	12709	Noun	гул	шум; гвалт; грохот	din and bustle		A loud noise; a cacophony or loud commotion.		пример: нет предложений в Tatoeba; многозначное слово, подтвердить перевод нечем (3 разных этимологий); категория не определилась (не определилась)
fess	C2	32573	Verb			It's time to fess up.	Пришло время сознаться.	To confess; to admit.	actions	нет русского перевода в Wiktionary
cep	C2	32574	Noun					An edible mushroom (Boletus edulis).	food	нет русского перевода в Wiktionary (вынесен на отдельную страницу); пример: нет предложений в Tatoeba
aged	B2	5149	Adjective			He has aged visibly.	Он заметно постарел.	Having the age of.	qualities	нет русского перевода в Wiktionary
hajji	C2	32575	Noun	хаджи				A Muslim who has participated in a hajj.		пример: нет предложений в Tatoeba; категория не определилась (не определилась)
costa	B2	5152	Noun					A riblike part of a plant or animal, such as a midrib of a leaf or a thickened vein or the margin of an insect wing.	animals	нет русского перевода в Wiktionary (вынесен на отдельную страницу); пример: слово в примере — имя собственное
degeneration	C2	32576	Noun	вырождение	упадок			The process or state of growing worse, or the state of having become worse.	change	пример: длина английского предложения
latest	A1	1083	Adjective			It's the latest fashion.	Это последний писк моды.	Last, final.	qualities	нет русского перевода в Wiktionary
attendant	C1	12717	Noun	служащий	служащая; служитель; служительница	Give your keys to the parking attendants and they will park your car for you.		One who attends; one who works with or watches over someone or something.	people	пример: слова нет в предложении
fowler	C1	12718	Noun					A hunter of wildfowl.		нет русского перевода в Wiktionary; пример: нет предложений в Tatoeba; категория не определилась (не определилась)
advice	A1	1087	Noun	совет	рекомендация; наставление	I need advice.	Мне нужен совет.	An opinion offered to guide behavior in an effort to be helpful.		категория не определилась (не определилась)
mica	C2	32584	Noun	слюда				Any of a group of hydrous aluminosilicate minerals characterized by highly perfect cleavage.		пример: Tatoeba недоступна (offline: нет в кэше); категория не определилась (не определилась)
favorite	A1	1089	Adjective			That's my favorite.	Это моё любимое.	US standard spelling of favourite.	qualities	нет русского перевода в Wiktionary
thou	B1	3296	Verb	тыкать	обращаться на «ты»; тыкнуть	Thou speakest.	Подумаешь!	To address (a person) using the pronoun thou, especially as an expression of contempt or familiarity.	actions	многозначное слово, подтвердить перевод нечем (5 разных этимологий; части речи: Verb/Noun/Adverb)
flip	B2	5157	Noun	переворот	сальто; подбрасывание	Flip a coin.	Подбрось монету.	A maneuver which rotates an object end over end.		многозначное слово, подтвердить перевод нечем (4 разных этимологий; части речи: Noun/Verb/Adjective); категория не определилась (не определилась)
gross	B1	3298	Adjective	серьёзный	большой; тяжкий	That's gross.	Какая мерзость.	Remarkably great, big, vast in an often unpleasant way; Highly or conspicuously offensive.	qualities	многозначное слово, подтвердить перевод нечем (части речи: Adjective/Noun/Verb)
ball	A1	1093	Noun	шар	сфера	Kick the ball.	Пни мяч.	A solid or hollow sphere, or roughly spherical mass.	sports	многозначное слово, подтвердить перевод нечем (2 разных этимологий)
ooh	B1	3299	Noun			Ooh, shiny.	Ой, оно блестит.	An exclamation of ooh.		нет русского перевода в Wiktionary; категория не определилась (не определилась)
subunit	C1	12723	Noun	субъединица				Any subdivision of a larger unit.		пример: нет предложений в Tatoeba; категория не определилась (не определилась)
definition	B1	3300	Noun	определение	дефиниция	Your definition of "elephant" needs to be more precise than "a big animal with large ears".		A statement of the meaning of a word, word group, sign, or symbol; especially, a dictionary definition.	communication	пример: слова нет в предложении
portland	B2	5160	Noun					The land around a port.		нет русского перевода в Wiktionary; пример: слово в примере — имя собственное; категория не определилась (не определилась)
nip	C1	12725	Verb			Give me a little nip.	Дайте чем-нибудь закусить.	To catch and enclose or compress tightly between two surfaces, or points which are brought together or closed; to pinch; to close in upon.	actions	нет русского перевода в Wiktionary
grand	A1	1096	Adjective	великий		What is the grand total?	Каков общий итог?	Large, senior (high-ranking), intense, extreme, or exceptional Of a large size or extent; great.	qualities	многозначное слово, подтвердить перевод нечем (2 разных этимологий)
terry	B1	3303	Noun			Terry was very pleased with the news.	Терри был очень доволен новостями.	A type of coarse cotton fabric covered in many small raised loops that is used to make towels, bathrobes and some types of nappy/diaper.	objects	нет русского перевода в Wiktionary (вынесен на отдельную страницу)
solitary	C1	12728	Noun	отшельник	затворник	She led a solitary life.	Она вела уединённую жизнь.	One who lives alone, or in solitude; an anchorite, hermit or recluse.	people	многозначное слово, подтвердить перевод нечем (2 разных этимологий)
graf	C2	32593	Noun					A German or Austrian count (nobleman).		нет русского перевода в Wiktionary; пример: длина английского предложения; категория не определилась (не определилась)
manhattan	B2	5165	Noun					A bar chart representing the number of runs scored in each over (supposed to resemble a skyline of skyscrapers).		нет русского перевода в Wiktionary (вынесен на отдельную страницу); пример: слово в примере — имя собственное; категория не определилась (не определилась)
subtitle	C1	12731	Noun	подзаголовок		I need subtitles.	Мне нужны субтитры.	A heading below or after a title.		перевод примера относится к другому значению; категория не определилась (не определилась)
turner	B2	5166	Noun	токарь		The book is a real page-turner.	Книга читается на одном дыхании.	One who or that which turns.	people	многозначное слово, подтвердить перевод нечем (3 разных этимологий)
brock	C1	12732	Noun					A male badger.		нет русского перевода в Wiktionary; пример: нет предложений в Tatoeba; категория не определилась (не определилась)
wink	C1	12733	Verb		to blink with only one eye as a message, → подмигивать/мигать/подмаргивать; to twinkle → мерцать	Wink at him.	Подмигни ему.	To close one's eyes in sleep.	actions	перевод не привязывается к значению — риск взять чужое
peacekeeper	C2	32596	Noun	миротворец				One that preserves the peace.		пример: не для детей [страны и национальности]: bosnia; категория не определилась (не определилась)
partner	A1	1107	Noun	партнёр	партнёрша	I have a partner.	У меня есть партнёр.	Either of a pair of people or things that belong together.		категория не определилась (не определилась)
closet	B2	5168	Noun	чулан	каморка	Hide in the closet.	Спрячься в шкафу.	A small room within a house used to store clothing, food, or other household supplies.	food	пример иллюстрирует другое значение (части речи: Noun/Adjective/Verb)
recent	A1	1109	Adjective	недавний				Having happened a short while ago.	qualities	пример: слова нет в предложении
whirring	B1	3310	Noun					A whirr, the sounds of a whirr.		нет русского перевода в Wiktionary; пример: нет предложений в Tatoeba; категория не определилась (не определилась)
karl	B2	5169	Noun			Karl visited.	Карл был с визитом.	A medieval Scandinavian freeman.		нет русского перевода в Wiktionary; категория не определилась (не определилась)
condition	A1	1110	Noun	состояние	положение	His condition has improved.	Его состояние улучшилось.	A state or quality.		категория не определилась (не определилась)
leadership	B1	3311	Noun	лидерство		When have you demonstrated your leadership capabilities?	Когда вы демонстрировали свои лидерские способности?	The capacity of someone to lead others.		категория не определилась (не определилась)
merchandise	B2	5170	Noun	товар		This merchandise sells well.	Этот товар хорошо продаётся.	Goods which are or were offered or intended for sale.		категория не определилась (не определилась)
built	A1	1113	Adjective			I built it.	Я её построил.	Well-built, muscular or toned.	qualities	нет русского перевода в Wiktionary (вынесен на отдельную страницу)
affect	B1	3314	Verb	влиять	воздействовать; менять	What does this affect?	На что это влияет?	To influence or alter.	actions	многозначное слово, подтвердить перевод нечем (3 разных этимологий)
masturbation	C1	12741	Noun	мастурбация	онанизм; рукоблудие; дрочка	Masturbation leads to insanity.	Мастурбация ведёт к безумству.	Sexual stimulation of one's genitalia or other erotic regions, often to the point of orgasm.		категория не определилась (не определилась)
eyed	C1	12742	Adjective			Tom eyed Mary.	Том пристально смотрел на Мэри.	Having eyes.	qualities	нет русского перевода в Wiktionary
outlying	C2	32604	Adjective	удалённый		The more outlying villages were never visited by their member of parliament.		Relatively remote from some central location.	qualities	пример: слова нет в предложении
est	B1	3321	Noun					Grace; favour.		нет русского перевода в Wiktionary; пример: слова нет в предложении; категория не определилась (не определилась)
maturity	C1	12743	Noun	зрелость		He received a certificate of maturity.	Он получил аттестат зрелости.	The state of being mature, ready or ripe; the prime state of productibility and self expression.		категория не определилась (не определилась)
icon	B2	5175	Noun	изображение	образ	To change the flag, click on the flag icon.	Чтобы изменить флаг, щёлкните по иконке с изображением флага.	An image, symbol, picture, portrait, or other representation, usually as an object of religious devotion.		категория не определилась (не определилась)
tao	C1	12745	Noun			the tao of sex. the tao of the heart. the tao of integuments.		The art or skill of doing something in harmony with the essential nature of the thing.	art	нет русского перевода в Wiktionary; пример: нет предложений в Tatoeba
crime	A1	1120	Noun	преступление	злодеяние; злодейство	the commission of a crime		A specific act committed in violation of the law, especially criminal law.	society	пример: не для детей (в переводе): преступ
tears	B1	3323	Noun			Dry your tears.	Вытри свои слёзы.	Viscous streaks left on the inside of the glass when certain wines are swirled around before tasting.	sports	нет русского перевода в Wiktionary
joe	A1	1121	Noun			Joe and I saw a lion yesterday.	Мы с Джо видели вчера льва.	A male; a guy; a fellow.		нет русского перевода в Wiktionary (вынесен на отдельную страницу); категория не определилась (не определилась)
continually	C1	12747	Adverb	непрерывно		Hecklers continually interrupted my speech.		In regular or repeated succession; very often.	qualities	пример: слова нет в предложении
theatrical	C1	12748	Adjective	театральный	сценический			Of or relating to the theatre.	art	пример: длина английского предложения
count	A1	1123	Verb		to enumerate or determine number → считать/посчитать/счесть; to be of significance; to matter → считаться	I count.	Я считал.	To recite numbers in sequence.	actions	перевод не привязывается к значению — риск взять чужое
novel	B1	3326	Adjective	новый	оригинальный			Newly made, formed or evolved; having no precedent; of recent origin; new.	qualities	пример: не для детей (в переводе): ром; многозначное слово, подтвердить перевод нечем (4 разных этимологий)
zona	C2	32610	Noun					A zone or band; a layer.		нет русского перевода в Wiktionary; пример: нет предложений в Tatoeba; категория не определилась (не определилась)
steven	B1	3327	Noun			Steven Spielberg is a film director.	Стивен Спилберг - кинорежиссёр.	Voice, especially when loud or strong.		нет русского перевода в Wiktionary (вынесен на отдельную страницу); категория не определилась (не определилась)
polyphonic	B2	5180	Adjective	полифонический		a polyphonic ringtone		Of or relating to polyphony.	qualities	пример: нет предложений в Tatoeba
lose	A1	1125	Verb	терять	потерять	Lose weight.	Он теряет вес.	To cease to have (something) in one's possession or capability.	actions	многозначное слово, подтвердить перевод нечем (2 разных этимологий)
logo	B1	3330	Noun	логотип	лого	I like the Tatoeba logo.	Мне нравится логотип Татоэбы.	A visual symbol or emblem that acts as a trademark or a means of identification of a company or organization.		категория не определилась (не определилась)
pooh	C1	12752	Noun					An instance of saying "pooh".		нет русского перевода в Wiktionary; пример: слова нет в предложении; категория не определилась (не определилась)
nao	C2	32612	Noun					A Spanish or Portuguese carrack.		нет русского перевода в Wiktionary; пример: нет предложений в Tatoeba; категория не определилась (не определилась)
match	A1	1126	Noun		sporting event → матч/соревнование/состязание; attribute equaling or exceeding → ровня/ровня/пара; device to make fire → спичка	Both match.	И то, и то подходит.	Any contest or trial of strength or skill, or to determine superiority.	sports	перевод не привязывается к значению — риск взять чужое
employed	B2	5182	Adjective			He's self-employed.	Он самозанятый.	In a job; working.	work	нет русского перевода в Wiktionary
thu	A1	1128	Pronoun					Variant of thou.	linkers	нет русского перевода в Wiktionary; пример: нет предложений в Tatoeba
hon	B2	5184	Noun			Thanks, hon.	Спасибо, дорогой.	A term of endearment; Honey, sweetheart.		нет русского перевода в Wiktionary; категория не определилась (не определилась)
mas	C1	12754	Noun					A country cottage or farmstead in Occitan-speaking territories.		нет русского перевода в Wiktionary; пример: нет предложений в Tatoeba; категория не определилась (не определилась)
beginning	A1	1129	Noun	начало				The act of doing that which begins anything; commencement of an action, state.	actions	пример: слова нет в предложении; многозначное слово, подтвердить перевод нечем (2 разных этимологий; части речи: Noun/Verb/Adjective)
triple	B2	5185	Adjective	тройной		Tom hit a triple.	Том сделал удар на три базы.	Made up of three related elements, often matching.	qualities	многозначное слово, подтвердить перевод нечем (части речи: Adjective/Noun/Verb)
telnet	C1	12755	Noun					A network protocol that enables one computer to communicate with another via a local area network or the Internet.	tech	нет русского перевода в Wiktionary; пример: нет предложений в Tatoeba
committee	A1	1130	Noun	комитет	комиссия	The committee has ten members.	Комитет состоит из десяти членов.	A body of one or more persons convened for the accomplishment of some specific purpose, typically with formal protocols.		категория не определилась (не определилась)
ventilation	C1	12756	Noun	вентиляция	проветривание; воздухообмен	Do not block any ventilation openings.	Не закрывайте вентиляционные отверстия.	The replacement of stale or noxious air with fresh.		категория не определилась (не определилась)
cobb	C1	12757	Noun					A sea-cob or gull.	nature	нет русского перевода в Wiktionary; пример: нет предложений в Tatoeba
associate	B1	3339	Adjective	связанный		I associate strawberries with shortcake.	Клубника ассоциируется у меня с шорткейком.	Joined with another or others and having lower status.	qualities	многозначное слово, подтвердить перевод нечем (3 разных этимологий; части речи: Adjective/Noun/Verb)
manchester	B2	5190	Noun	манчестер				A type of cotton fabric, or a piece of clothing made from such fabric.	clothes	пример: слово в примере — имя собственное
jumbo	C1	12758	Adjective	гигантский	огромный	a jumbo helping		Especially large or powerful.	qualities	пример: слово в примере — имя собственное; многозначное слово, подтвердить перевод нечем (2 разных этимологий)
haven	A1	1135	Noun	гавань	порт			A harbour or anchorage protected from the sea.	nature	пример: слова нет в предложении; многозначное слово, подтвердить перевод нечем (2 разных этимологий)
unable	B1	3341	Adjective	неспособный		He was unable to sleep.	Он не мог спать.	Not able; lacking a certain ability.	qualities	многозначное слово, подтвердить перевод нечем (2 разных этимологий)
sync	B2	5192	Noun			The picture and sound are out of sync.	Картинка и звук рассинхронизированы.	A music synchronization license, allowing the music to be synchronized with visual media such as films.	art	нет русского перевода в Wiktionary (вынесен на отдельную страницу)
cysteine	C2	32620	Noun	цистеин				A sulphur-containing nonessential amino acid C3H7NO2S found in most animal proteins; it readily oxidizes to cystine.	animals	пример: нет предложений в Tatoeba
super	A1	1140	Adjective	супер	превосходный; классный; потрясный	I'm super tired.	Я дико устал.	Of excellent quality, superfine.	qualities	многозначное слово, подтвердить перевод нечем (2 разных этимологий; части речи: Adjective/Adverb/Noun/Verb)
parade	B2	5195	Noun	серия	последовательность	We like to march on the parade ground.	Мы любим маршировать на плацу.	An organized display of a group of people, particularly Synonym of military parade: A show of troops.	society	многозначное слово, подтвердить перевод нечем (2 разных этимологий)
bunting	C2	32622	Noun	флагдук				Strips of material used as festive decoration, especially in the colours of the national flag.	objects	пример: нет предложений в Tatoeba; многозначное слово, подтвердить перевод нечем (4 разных этимологий)
contribution	B2	5198	Noun	вклад	участие	Please, make a contribution.	Пожалуйста, заплати налоги.	Something given or offered that adds to a larger whole.		категория не определилась (не определилась)
bahadur	C2	32623	Noun					A warrior, especially a Turko-Mongol.		нет русского перевода в Wiktionary; пример: нет предложений в Tatoeba; категория не определилась (не определилась)
protocol	B1	3346	Noun		rule, guideline etc which guides diploma → протокол; diplomatic document → протокол; treaty amendment → протокол; computing → протокол	How can I draw up the protocol correctly?	Как мне правильно оформить протокол?	The minutes, or official record, of a negotiation or transaction.		перевод не привязывается к значению — риск взять чужое; категория не определилась (не определилась)
clearer	C1	12769	Noun			Let me try to make this clearer.	Я попробую выразиться яснее.	Someone who or something which clears. An unskilled labourer who clears away the rubbish etc.	people	нет русского перевода в Wiktionary
reserve	B1	3347	Noun	запасание	резервирование	I'm reserved.	Я зажатый.	A restriction. The act of reserving or keeping back; reservation; exception.		категория не определилась (не определилась)
hank	B2	5200	Noun	моток				A coil or loop of something, especially twine, yarn, or rope.		пример: нет предложений в Tatoeba; категория не определилась (не определилась)
prologue	C2	32626	Noun	пролог	предисловие			A speech or section used as an introduction, especially to a play or novel.	communication	пример: нет предложений в Tatoeba
texas	A1	1147	Noun					The topmost cabin deck on a steamboat.		нет русского перевода в Wiktionary; пример: слово в примере — имя собственное; категория не определилась (не определилась)
sawyer	C1	12774	Noun	пильщик				One who saws timber, especially in a sawpit.	people	пример: нет предложений в Tatoeba
deterrent	C2	32628	Noun	средство устрашения				Something that deters.		пример: нет предложений в Tatoeba; категория не определилась (не определилась)
berlin	B1	3351	Noun					A four-wheeled carriage with a separate sheltered seat behind the body.		нет русского перевода в Wiktionary; пример: слово в примере — имя собственное; категория не определилась (не определилась)
corps	B2	5203	Noun	корпус		I served in the intelligence corps.	Я служил в разведчасти.	A battlefield formation composed of two or more divisions.		многозначное слово, подтвердить перевод нечем (4 разных этимологий); категория не определилась (не определилась)
consistency	C1	12775	Noun		reliability or uniformity; the quality o → согласованность/консистентность; degree of viscosity of something → консистенция	Your speech lacked some consistency.	В твоей речи не хватает связности.	Local coherence.		перевод не привязывается к значению — риск взять чужое; категория не определилась (не определилась)
manhunt	C2	32630	Noun	преследование	розыск; облава	After the murderer escaped, there was a full-scale manhunt to catch him.		An organized search for a criminal or enemy.		пример: нет предложений в Tatoeba; категория не определилась (не определилась)
glory	B1	3352	Noun	слава	великолепие; величие	Glory is illusory.	Слава иллюзорна.	Great beauty and splendor.		категория не определилась (не определилась)
registrar	C1	12776	Noun	архивариус	регистратор			An official keeper or recorder of records.		пример: слова нет в предложении; категория не определилась (не определилась)
molly	B2	5206	Noun			Molly has a big clock.	У Молли есть большие часы.	A woman or girl, especially of low status or prostitute.	people	нет русского перевода в Wiktionary
nod	C1	12777	Verb	кивать	кивнуть			To incline the head up and down, as to indicate agreement.	communication	пример: слова нет в предложении
geotechnical	C2	32633	Adjective					Of or relating to the soil and bedrock, especially aspects of foundations and earthworks.	nature	нет русского перевода в Wiktionary; пример: нет предложений в Tatoeba
loss	A1	1158	Noun	потеря	утеря; утрата; пропажа	That's your loss.	Это ваша потеря.	The result of no longer possessing an object, a function, or a characteristic due to external causes or misplacement.		категория не определилась (не определилась)
camisole	C2	32634	Noun	камисоль				A short, sleeveless undergarment worn by women underneath a blouse, or as a form of short négligée.		пример: нет предложений в Tatoeba; категория не определилась (не определилась)
doozy	C2	32635	Noun	засада		Most of the test was easy, but the last question was a doozy.		Something that is extraordinary: often troublesome, difficult or problematic, but sometimes extraordinary in a positive sense.		пример: нет предложений в Tatoeba; категория не определилась (не определилась)
specifically	B1	3356	Adverb	в частности	именно			In a specific manner, applying to or naming a particular thing or things, expressly, explicitly.	qualities	пример: слова нет в предложении
lafayette	C1	12782	Noun					The dollarfish.		нет русского перевода в Wiktionary; пример: нет предложений в Tatoeba; категория не определилась (не определилась)
gigolo	C2	32636	Noun	жиголо				A man funded by women who find him attractive, particularly A hired escort or dancing partner. A male prostitute with female clients.		пример: нет предложений в Tatoeba; категория не определилась (не определилась)
wow	A1	1162	Verb		excitement, surprise → ух ты/вау/ура; amazement → ого/ого/ничего себе!	Wow, she's good.	Ничего себе, она хороша.	To amaze or awe.	actions	перевод есть только для другой части речи (Interjection вместо Verb); перевод не привязывается к значению — риск взять чужое
proximity	C1	12783	Noun	близость	соседство	The proximity of the heat source allowed it to be detected by the sensor.		Closeness; the state of being near in space, time, or relationship.		пример: длина английского предложения; категория не определилась (не определилась)
refractory	C2	32637	Adjective	жаропрочный	огнеупорный			Obstinate and unruly; strongly opposed to something.	qualities	пример: нет предложений в Tatoeba
awful	B1	3358	Adjective		very bad → ужасный; causing fear; appalling; terrible → ужасный/устрашающий/ужасающий	He's awful.	Он ужасен.	Exceedingly great; usually applied intensively.	qualities	перевод не привязывается к значению — риск взять чужое
clint	C1	12784	Noun					The relatively flat part of a limestone pavement between the grikes.		нет русского перевода в Wiktionary; пример: не для детей (в переводе): арм; категория не определилась (не определилась)
hall	A1	1165	Noun	коридор	приёмная; вестибюль; фойе	I live across the hall.	Я живу через коридор отсюда.	A corridor; a hallway.		категория не определилась (не определилась)
deck	B1	3360	Noun	настил		I'm on the deck.	Я нахожусь на мосту.	Any raised flat surface that can be walked on: a balcony; a porch; a raised patio; a flat rooftop.		многозначное слово, подтвердить перевод нечем (2 разных этимологий); категория не определилась (не определилась)
mnh	C2	32641	Interjection					Expressing satisfaction.	communication	нет русского перевода в Wiktionary; пример: нет предложений в Tatoeba
ideal	B1	3362	Adjective		being optimal → идеальный; being perfect → идеальный/совершенный; relating to idealism → идеальный/абстрактный/воображаемый	That was ideal.	Это было идеально.	Pertaining to ideas, or to a given idea.	qualities	перевод не привязывается к значению — риск взять чужое
impertinence	C2	32643	Noun	неуместность		Please forgive my impertinence.	Пожалуйста, простите меня за дерзость.	Lack of pertinence; irrelevance.		категория не определилась (не определилась)
advanced	A1	1170	Adjective	продвинутый	передовой			At or close to the state of the art. (Can we add an example for this sense?).	art	пример: слова нет в предложении
cartoon	B2	5221	Noun	комикс	карикатура; шарж	Do you know this cartoon?	Вы знаете этот комикс?	A humorous drawing, often with a caption, or a strip of such drawings.		категория не определилась (не определилась)
casualty	C1	12788	Noun	происшествие	несчастный случай			Something that happens by chance, especially an unfortunate event; an accident, a disaster.	mind	пример: не для детей [оружие и война]: war
suffering	B1	3364	Adjective	страдающий		I am suffering.	Я мучаюсь.	Experiencing pain; characterized by suffering.	qualities	многозначное слово, подтвердить перевод нечем (части речи: Adjective/Noun/Verb)
mosquito	C1	12789	Noun	комар	москит			A small flying insect of the family Culicidae, the females of which bite humans and animals and suck blood.	animals	пример: Tatoeba недоступна (offline: нет в кэше)
apologise	C1	12792	Verb			I apologise.	Я приношу свои извинения.	Non-Oxford British English standard spelling of apologize.	actions	нет русского перевода в Wiktionary (вынесен на отдельную страницу)
futurama	C2	32647	Noun					A palpable depiction of a (usually sensational) vision of the future.		нет русского перевода в Wiktionary; пример: нет предложений в Tatoeba; категория не определилась (не определилась)
creation	B1	3368	Noun	творение	детище; произведение	This is the cornerstone of creation.	Это краеугольный камень мироздания.	Something created such as an invention or artwork.		перевод примера относится к другому значению; категория не определилась (не определилась)
jaffa	C2	32648	Noun					A type of sweet orange, normally seedless.		нет русского перевода в Wiktionary; пример: нет предложений в Tatoeba; категория не определилась (не определилась)
lapel	C2	32649	Noun	отворот	лацкан			Each of the two triangular pieces of cloth on the front of a jacket or coat that are folded back below the throat.	objects	пример: Tatoeba недоступна (offline: нет в кэше)
ironman	C2	32651	Noun					An extremely tough and strong athlete.	sports	нет русского перевода в Wiktionary; пример: нет предложений в Tatoeba
ladies	A1	1182	Noun			Ladies first.	Сначала дамы.	Genitive of lady.		нет русского перевода в Wiktionary; категория не определилась (не определилась)
bureau	B1	3376	Noun	бюро	контора; офис; канцелярия	The bureau drawer has several compartments.	У ящика письменного стола есть несколько отделений.	An administrative unit of government; office.	society	перевод примера относится к другому значению
documentation	B2	5237	Noun	документация				Something transposed from a thought to a document; the written account of an idea.	mind	пример: слова нет в предложении; многозначное слово, подтвердить перевод нечем (2 разных этимологий)
underground	B1	3377	Adjective	подземный		I'm going underground.	Я ухожу в подполье.	Below the ground; below the surface of the Earth.	qualities	пример иллюстрирует другое значение (2 разных этимологий; части речи: Adjective/Adverb/Noun/Verb)
exhibition	B2	5238	Noun	показ		The exhibition hall is large.	Выставочный зал большой.	An instance of exhibiting, or something exhibited.		перевод примера относится к другому значению; категория не определилась (не определилась)
relaxation	C1	12802	Noun	расслабление	релаксация			The act of relaxing or the state of being relaxed; the opposite of stress or tension; the aim of recreation and leisure activities.	actions	пример: слова нет в предложении
cycle	B1	3378	Noun		complete rotation → цикл/оборот; process that repeats itself → цикл; series of works of art → цикл; program on a washing machine etc. → цикл	I cycle to work.	Я езжу в школу на велосипеде.	An interval of space or time in which one set of events or phenomena is completed.		перевод не привязывается к значению — риск взять чужое; категория не определилась (не определилась)
arsehole	C1	12804	Noun	кретин	придурок	What an arsehole.	Ну что за мудак!	An inconsiderate, mean-spirited, or otherwise contemptible person. (Less offensive than fucker or cunt.).		категория не определилась (не определилась)
daze	C2	32657	Noun	изумление	ошеломление; оцепенение	When I first got to New York, I was in a daze.	Впервые попав в Нью-Йорк, я был в изумлении.	The state of being dazed.		категория не определилась (не определилась)
motto	C1	12806	Noun		sentence, phrase or word forming part of → девиз; suggestive sentence, phrase or word → девиз	That was his life motto.	Это был его девиз в жизни.	A personal slogan.		перевод не привязывается к значению — риск взять чужое; категория не определилась (не определилась)
marmot	C2	32658	Noun	сурок	байбак	You need nine hours of sleep! You really are a marmot.	Тебе нужно девять часов сна! Да ты настоящий сурок.	Any of several large ground-dwelling rodents of the genera Marmota and Cynomys in the squirrel family.		категория не определилась (не определилась)
stage	A1	1186	Noun		phase → стадия/фаза/этап; in theatre → сцена/подмостки/эстрада; short for stagecoach → дилижанс; a degree of advancement on a journey → этап; number of an electronic circuit’s block → ступень	I get stage fright.	У меня мандраж.	One of the portions of a device (such as a rocket or thermonuclear weapon) which are used or activated in a particular order.	tech	перевод не привязывается к значению — риск взять чужое
seal	B1	3380	Noun	тюлень		I am a seal.	Я тюлень.	A pinniped (Pinnipedia), particularly an earless seal (true seal) or eared seal.		категория не определилась (не определилась)
sequence	B1	3383	Noun	последовательность	ряд; очерёдность	A convergent sequence is bounded.	Сходящаяся последовательность ограничена.	A set of things next to each other in a set order; a series.		категория не определилась (не определилась)
exhibit	B2	5244	Noun	показ		They saw the exhibit.	Они осмотрели экспозицию.	An instance of exhibiting.		перевод примера относится к другому значению; категория не определилась (не определилась)
weaker	C1	12813	Adjective			He's weaker than her.	Он слабее её.	Said of one proposition with respect to another one: that the latter entails the former, but the former does not entail the latter.	qualities	нет русского перевода в Wiktionary
barry	B1	3385	Noun					A field divided transversely into several equal parts, and consisting of two different tinctures interchangeably disposed.		нет русского перевода в Wiktionary; пример: нет предложений в Tatoeba; категория не определилась (не определилась)
racketeering	C2	32664	Noun					The criminal action of being involved in a racket; especially, directing it.		нет русского перевода в Wiktionary; пример: слова нет в предложении; категория не определилась (не определилась)
format	B1	3387	Noun	формат		You should not format this diskette.	Вы не должны форматировать эту дискету.	The layout of a publication or document.		категория не определилась (не определилась)
shawnee	C2	32665	Noun					Virginia waterleaf (Hydrophyllum virginianum).		нет русского перевода в Wiktionary; пример: нет предложений в Tatoeba; категория не определилась (не определилась)
user	A1	1192	Noun	потребитель	потребительница; клиент	Hello! I'm a new user.	Привет! Я новый пользователь.	One who uses or makes use of something, a consumer or client or an express or implied licensee (free user) or a trespasser.	people	перевод примера относится к другому значению
romance	B1	3390	Noun	роман		Paranormal romances interest me.	Меня интересует любая паранормальщина.	An intimate relationship between two people; a love affair.		категория не определилась (не определилась)
imperial	B2	5247	Adjective	имперский	императорский; царский			Related to an empire, emperor, or empress.	qualities	пример: длина английского предложения
difference	A1	1193	Noun	разница	различие; отличие	Scant difference.	Разница невелика.	The quality of being different.		категория не определилась (не определилась)
const	B1	3391	Noun					A variable whose value cannot be changed directly.	change	нет русского перевода в Wiktionary; пример: нет предложений в Tatoeba
checkup	C2	32667	Noun	проверка	осмотр	I recommend a thorough checkup for your husband.	Я советую тебе хорошенько проверить своего мужа.	A routine visit to the doctor, dentist, or the like.		категория не определилась (не определилась)
wildlife	B2	5250	Noun	дикая природа	живая природа; животный мир; фауна	This town offers wildlife tours where you can go and watch the bears, deer, wild rabbits and other creatures in their natural habitats.		Undomesticated animals, especially mammals, birds, and fish, which live in the wild.	animals	пример: нет предложений в Tatoeba
train	A1	1196	Noun	шлейф	трен	The train arrived.	Поезд приехал.	Elongated or trailing portion. The elongated back portion of a dress or skirt (or an ornamental piece of material added to similar effect).	objects	пример иллюстрирует другое значение (3 разных этимологий)
gazette	C1	12821	Noun	газета				A newspaper; a printed sheet published periodically.	objects	пример: нет предложений в Tatoeba
ornamental	C2	32670	Noun	орнаментальная				An ornamental plant.	nature	пример: длина английского предложения
celebrate	B1	3401	Verb	чествовать	прославлять; прославить	We should celebrate.	Мы должны праздновать.	To extol or honour in a solemn manner.	actions	перевод примера относится к другому значению
pad	B2	5252	Noun	подкладка	прокладка; подушечка; подкладка	I need a mouse pad.	Мне нужен коврик для мыши.	A flattened mass of anything soft, to sit or lie on.	objects	многозначное слово, подтвердить перевод нечем (6 разных этимологий)
enclosed	C1	12824	Adjective			She enclosed a photo.	Она прикрепила фотографию.	Contained; held within a container.	qualities	нет русского перевода в Wiktionary
smooth	B1	3402	Adjective	гладкий		His skin is smooth.	У неё нежная кожа.	Having a texture that lacks friction. Not rough.	qualities	многозначное слово, подтвердить перевод нечем (части речи: Adjective/Adverb/Noun/Verb)
spammer	C2	32672	Noun	спамер				Someone who sends spam.	people	пример: нет предложений в Tatoeba; многозначное слово, подтвердить перевод нечем (2 разных этимологий)
political	A1	1200	Adjective	политический		Political principles are rarely absolute, as political logic holds an imperfect result by compromise is better than a theoretically perfect abstention from the political process in the opposition.		Concerning or relating to politics, the art and process of governing.	art	пример: слова нет в предложении
ken	B1	3403	Verb	знать		Ken gave up.	Кен сдался.	To give birth, conceive, beget, be born; to develop (as a fetus); to nourish, sustain (as life).	change	многозначное слово, подтвердить перевод нечем (7 разных этимологий)
cassie	C1	12827	Noun					A thorny shrub with fragrant yellow flowers, Vachellia farnesiana; the needle bush.		нет русского перевода в Wiktionary; пример: нет предложений в Tatoeba; категория не определилась (не определилась)
trace	B1	3405	Noun	слежка	прослушка	Don't leave a trace.	Не оставляй следов.	An act of tracing.	actions	пример иллюстрирует другое значение (2 разных этимологий; части речи: Noun/Adjective/Verb)
integrity	B2	5258	Noun	честность		Are you questioning my integrity?	Ты сомневаешься в моей честности?	Steadfast adherence to a strict moral or ethical code.		категория не определилась (не определилась)
referral	C1	12830	Noun	направление		The insurance company insists I get a referral from my regular doctor. I can't just go to the specialist; a GP has got to refer me.		The act or process of transferring someone or something to another, of sending by reference, or referring.		пример: нет предложений в Tatoeba; категория не определилась (не определилась)
slip	B1	3408	Verb	поскальзываться	поскользнуться	Don't slip.	Не подскользнись.	To lose one's traction on a slippery surface; to slide due to a lack of friction.	actions	многозначное слово, подтвердить перевод нечем (3 разных этимологий)
metro	B2	5260	Noun			I travel by metro.	Я езжу на метро.	A rapid transit rail transport system, or a train in such systems, generally underground and serving a metropolitan area.	travel	нет русского перевода в Wiktionary (вынесен на отдельную страницу)
agony	C1	12831	Noun	агония	страдание	I was in agony.	Я был в агонии.	Extreme pain or anguish.		категория не определилась (не определилась)
predetermined	C2	32682	Adjective			Everything is predetermined.	Всё предопределено.	Determined in advance.	qualities	нет русского перевода в Wiktionary
whose	A1	1206	Determiner		of whom (interrogative) → чей/чейный; of whom (relative) → чей; of which (relative) → который/чей	Whose glass?	Чей стакан?	Of whom, belonging to whom; which person's or people's.	linkers	перевод не привязывается к значению — риск взять чужое
pan	B1	3409	Noun	сковорода	противень	Clean the pots and pans.	Почисти кастрюли.	A wide, flat receptacle used around the house, especially for cooking.	food	многозначное слово, подтвердить перевод нечем (7 разных этимологий; части речи: Noun/Verb/Adjective)
optimal	C1	12832	Adjective	оптимальный	лучший; наилучший	Finding the optimal balance between features and price is a common problem.		The best, most favourable or desirable, especially under some restriction.	qualities	пример: слова нет в предложении
esquire	C2	32683	Noun		squire → эсквайр/сквайр; shield bearer → оруженосец; gentleman who escorts a lady in public → кавалер			A male member of the gentry ranking below a knight.		перевод не привязывается к значению — риск взять чужое; пример: нет предложений в Tatoeba; категория не определилась (не определилась)
monkey	B1	3412	Noun		primate → обезьяна; mischievous child → проказник/проказница/шалун	That's a monkey.	Это обезьяна.	A member of the clade Simiiformes other than those in the clade Hominoidea containing apes, generally.		перевод не привязывается к значению — риск взять чужое; категория не определилась (не определилась)
refinance	B2	5262	Verb	рефинансировать				To renew the terms of a loan.	actions	пример: слова нет в предложении
fate	B1	3414	Noun	судьба	доля; участь; рок	Don't tempt fate.	Не искушай судьбу!	The presumed cause, force, principle, or divine will that predetermines events.		категория не определилась (не определилась)
term	A1	1212	Noun	срок		That's a pejorative term.	Это уничижительное выражение.	That which limits the extent of anything; limit, extremity, bound, boundary, terminus.		многозначное слово, подтвердить перевод нечем (3 разных этимологий; части речи: Noun/Verb/Adjective; значений: 7); категория не определилась (не определилась)
conflict	B1	3415	Noun	конфликт	столкновение	A conflict is brewing.	Назревает конфликт.	A clash or disagreement, often violent, between two or more opposing groups or individuals.		категория не определилась (не определилась)
junk	B2	5266	Noun	хлам	барахло; рухлядь	What's this junk?	Что это за хлам?	Miscellaneous items of little value, especially discarded or unwanted items.		категория не определилась (не определилась)
august	A1	1213	Adjective	величественный	величавый; царственный; августейший	August has thirty-one days.	В августе тридцать один день.	Awe-inspiring, majestic, noble, venerable.	qualities	многозначное слово, подтвердить перевод нечем (3 разных этимологий; части речи: Adjective/Verb/Noun)
preview	B2	5268	Noun	предосмотр		There was a special preview last night.	Прошлой ночью был специальный предпоказ.	An experience of something in advance.		категория не определилась (не определилась)
gramps	C1	12836	Noun					Grandpa, grandfather.		нет русского перевода в Wiktionary; пример: не для детей (в переводе): умер; категория не определилась (не определилась)
finish	A1	1214	Noun	конец	финал; окончание; финиш	I finish.	Я закончил.	An end; the end of anything.		категория не определилась (не определилась)
rack	B2	5269	Noun	этажерка	стеллаж; полка	That car has a roof rack.	У той машины есть багажник на крыше.	A series of one or more shelves, stacked one above the other.		многозначное слово, подтвердить перевод нечем (8 разных этимологий); категория не определилась (не определилась)
benz	C1	12837	Noun					The drug amphetamine, used recreationally for its stimulant effects.		нет русского перевода в Wiktionary; пример: слово в примере — имя собственное; категория не определилась (не определилась)
smart	A1	1215	Adjective	сообразительный	находчивый; понятливый; смышлёный	Be smart.	Будьте умными.	Exhibiting social ability or cleverness.	society	многозначное слово, подтвердить перевод нечем (3 разных этимологий; части речи: Verb/Adjective/Noun)
maturation	C2	32690	Noun	созревание				The process of becoming mature.	actions	пример: слова нет в предложении
pop	A1	1217	Noun	хлопок		I heard a pop.	Я услышал хлопок.	A loud, sharp sound, as of a cork coming out of a bottle, especially when the contents are pressurized by fizziness.		категория не определилась (не определилась)
charity	B1	3425	Noun	благотворительное общество	благотворительная организация; богадельня; благотворительный фонд	Charity is a virtue.	Милосердие - это добродетель.	An organization, the objective of which is to carry out a charitable purpose.		перевод примера относится к другому значению; категория не определилась (не определилась)
bud	B2	5272	Noun	бутон	почка	The roses are in bud.	Розы в бутонах.	A newly sprouted leaf or blossom that has not yet unfolded.		категория не определилась (не определилась)
feed	A1	1221	Verb	кормить		Feed us.	Покорми нас.	To give (someone or something) food to eat.	food	многозначное слово, подтвердить перевод нечем (3 разных этимологий)
discovery	B1	3428	Noun	открытие		I made a discovery.	Я сделал открытие.	Something discovered.		категория не определилась (не определилась)
lingerie	B2	5275	Noun	дамское бельё	женское нижнее бельё			Underwear or nightclothes (typically women's), especially when lacy or designed to be seductive.		пример: не для детей [секс и ругательства]: sexy; категория не определилась (не определилась)
rich	A1	1225	Adjective	богатый	состоятельный; зажиточный; обеспеченный	Rags to riches.	Из грязи в князи.	Wealthy: having a lot of money and possessions.	money	многозначное слово, подтвердить перевод нечем (части речи: Adjective/Noun/Verb)
constant	B1	3432	Adjective	постоянный				Unchanged through time or space; permanent.	qualities	пример: слова нет в предложении
profession	B2	5277	Noun	обет		He's a doctor by profession.	Он врач по профессии.	A declaration of faith. A promise or vow made on entering a religious order.		перевод примера относится к другому значению; категория не определилась (не определилась)
roadway	C2	32697	Noun	проезжая часть				A way used as a road.	city	пример: не для детей (в переводе): рай
bibliography	B2	5278	Noun	библиография				A section of a written work containing citations, not quotations, to all the books referred to in the work.		пример: нет предложений в Tatoeba; категория не определилась (не определилась)
refractive	C2	32698	Adjective					That refracts; causing or relating to refraction.	qualities	нет русского перевода в Wiktionary; пример: слова нет в предложении
vessel	B2	5282	Noun	судно	корабль	Empty vessels make the most noise.	Пустая бочка пуще гремит.	A craft for transportation on or in water, air, or space. Any craft designed for transportation on or in water, such as a ship, boat.		категория не определилась (не определилась)
protection	A1	1228	Noun	защита	охрана	Raincoats give protection from rain.		The process of keeping (something or someone) safe.	actions	пример: слова нет в предложении
colorado	B1	3437	Noun					A cigar of medium color and strength.		нет русского перевода в Wiktionary; пример: длина английского предложения; категория не определилась (не определилась)
absorbed	C1	12852	Adjective	поглощённый	увлечённый	fully absorbed		Fully occupied with one's thoughts; engrossed.	qualities	пример: слова нет в предложении
immediate	B1	3438	Adjective	немедленный		Computer users these days expect immediate results when they click on a link.		Happening right away, instantly, with no delay.	qualities	пример: слова нет в предложении
electricity	B1	3439	Noun		form of energy → электричество; electrical power → электроэнергия/ток/электроток	Wires carry electricity.	По проводам идёт электрический ток.	Originally, a property of amber and certain other nonconducting substances to attract lightweight material when rubbed.	objects	перевод не привязывается к значению — риск взять чужое
tying	C1	12855	Noun					Action of the verb to tie; ligature.	actions	нет русского перевода в Wiktionary; пример: слова нет в предложении
eek	C2	32708	Verb					To produce a high-pitched squeal, as in fear or trepidation.	actions	нет русского перевода в Wiktionary; пример: нет предложений в Tatoeba
pressure	A1	1236	Noun	давление	нажим	Check the tyre pressure.	Проверьте давление в шинах.	A pressing; a force applied to a surface.		категория не определилась (не определилась)
experiment	B1	3444	Noun	эксперимент	опыт; проба	conduct an experiment		A test under controlled conditions made to either demonstrate a known truth, examine the validity of a hypothesis.		пример: слова нет в предложении; категория не определилась (не определилась)
mesa	C1	12857	Noun	столовая гора		A few more miles of hot sand and gravel and red stone brought us around a low mesa to the Little Colorado River.		A flat area of land or plateau higher than other land, with one or more clifflike edges.		пример: нет предложений в Tatoeba; категория не определилась (не определилась)
discography	C1	12859	Noun	дискография				A catalog of the total releases of a musical act (usually with release dates of, and often other information about, the releases).		пример: нет предложений в Tatoeba; категория не определилась (не определилась)
self	A1	1239	Noun	себе	сам; себя; собой	I lacked self-confidence.	Мне не хватало уверенности в себе.	One individual's personality, character, demeanor, or disposition.		категория не определилась (не определилась)
focus	A1	1240	Noun	наводка на резкость		Try to focus.	Попробуй сосредоточиться.	A point at which reflected or refracted rays of light converge.		категория не определилась (не определилась)
recommendation	B2	5297	Noun	рекомендация				An act of recommending.	actions	пример: слова нет в предложении
fuji	C1	12863	Noun					A plain spun silk fabric.		нет русского перевода в Wiktionary; пример: слово в примере — имя собственное; категория не определилась (не определилась)
register	A1	1243	Noun	запись	регистр; опись	I decided to register.	Я решил записаться.	A formal recording of names, events, transactions, etc.		категория не определилась (не определилась)
mileage	C1	12866	Noun	пробег		What's the mileage on this car?	Какой пробег в милях у этой машины?	The total distance travelled in miles or in air miles.		категория не определилась (не определилась)
ram	B1	3455	Noun	баран	овен	This isn't a ram, it's a goat!	Это не баран, это козёл!	A male sheep, typically uncastrated.		категория не определилась (не определилась)
agriculture	B2	5304	Noun	сельское хозяйство	земледелие; агрокультура; фермерство			The art or science of cultivating the ground, including the growing and harvesting of crops, and the rearing and management of livestock.	art	пример: Tatoeba недоступна (offline: нет в кэше)
plaque	C1	12868	Noun	бляшка	бляха	Tartar is a form of hardened dental plaque.	Зубной камень - это отвердевший зубной налёт.	Any flat, thin piece of clay, ivory, metal, etc., used for ornament, or for painting pictures upon, as a dish, plate, slab, etc.	food	перевод примера относится к другому значению
resolution	B1	3456	Noun	резолюция	решение; постановление	The club failed to pass our resolution.	Наша резолюция не прошла в клубе.	A firm decision or an official decision.		категория не определилась (не определилась)
enormous	B2	5306	Adjective	огромный	громадный; гигантский; здоровенный			Deviating from the norm; unusual, extraordinary.	qualities	пример: не для детей (в переводе): ром
hemlock	C2	32718	Noun	болиголов	омег			Any of the poisonous umbelliferous plants, of the genera Conium, either Conium maculatum or Conium chaerophylloides. Cicuta (water hemlock).	nature	пример: нет предложений в Tatoeba
operation	A1	1247	Noun	действие		It is dangerous to look at the beam of a laser while it is in operation.		The method by which a device performs its function.	tech	пример: слова нет в предложении
grey	B1	3458	Adjective			Her hair is grey.	У неё седые волосы.	Commonwealth standard spelling of gray.	qualities	нет русского перевода в Wiktionary (вынесен на отдельную страницу)
ted	B1	3461	Noun			Ted loves his wife Elizabeth.	Тед любит свою жену Элизабет.	A Teddy boy.		нет русского перевода в Wiktionary; категория не определилась (не определилась)
onsite	C1	12876	Adjective					On or at a site.	qualities	нет русского перевода в Wiktionary (вынесен на отдельную страницу); пример: нет предложений в Tatoeba
tour	A1	1254	Noun	путешествие	поездка; турне	I'll be your tour guide.	Я буду вашим гидом.	A journey through a particular building, estate, country, etc.	travel	многозначное слово, подтвердить перевод нечем (3 разных этимологий)
operator	B1	3464	Noun	оператор		The drone crashed because of operator error.		A person or organisation that operates a device, system, service, etc.	people	пример: слова нет в предложении
broadway	B2	5313	Noun					An esplanade.		нет русского перевода в Wiktionary; пример: нет предложений в Tatoeba; категория не определилась (не определилась)
trial	A1	1259	Noun		chance to test something out → испытание/опыт/проба; meeting in a court of law → суд/разбирательство/процесс; difficult experience → испытание/неприятность	There was a trial.	Был суд.	An occasion on which a person or thing is tested to find out how well they perform or how suitable they are.		перевод не привязывается к значению — риск взять чужое; категория не определилась (не определилась)
facebook	B2	5315	Noun			Facebook sucks.	Фейсбук — отстой.	A reference book or electronic directory containing the photographs and names of various individuals.	tech	нет русского перевода в Wiktionary
stroll	C1	12878	Noun	прогулка	променад; поход	I went for a stroll.	Я пошёл на прогулку.	A wandering on foot; an idle and leisurely walk; a ramble; a saunter.		категория не определилась (не определилась)
trouser	C2	32726	Noun			I need new trousers.	Мне нужны новые штаны.	Of or relating to trousers.		нет русского перевода в Wiktionary (вынесен на отдельную страницу); категория не определилась (не определилась)
communion	C1	12880	Noun					A joining together of minds or spirits; a mental connection.		нет русского перевода в Wiktionary (вынесен на отдельную страницу); пример: длина английского предложения; категория не определилась (не определилась)
involve	B2	5321	Verb		to cause or engage (someone or something → касаться/коснуться; to entangle, intertwine, or mingle (some → содержать/включать/включить; to cover or envelop (something) complete → обволакивать/окутывать/покрывать; to form (something) into a coil or spira → обёртывать/оборачивать/обернуть; to make (something) intricate → запутывать/запутать	Does it involve me?	Это меня затрагивает?	To have (something) as a component or a related part; to comprise, to include.	actions	перевод не привязывается к значению — риск взять чужое
symposium	C1	12884	Noun	симпозиум				A conference or other meeting for discussion of a topic, especially one in which the participants make presentations.	communication	пример: нет предложений в Tatoeba
silver	A1	1266	Noun	серебряные изделия		The coin is silver.	Эта монета серебряная.	A lustrous, white, metallic element, atomic number 47, atomic weight 107.87, symbol Ag.		категория не определилась (не определилась)
ammo	C1	12885	Noun			I'm out of ammo.	У меня кончились патроны.	Chips or money, usually at a casino.	money	нет русского перевода в Wiktionary
dig	B1	3475	Verb	копать	выкапывать; рыть; выкопать	Dig here.	Копайте здесь.	To move hard-packed earth out of the way, especially downward to make a hole with a shovel. Or to drill, or the like, through rocks, roads.	actions	многозначное слово, подтвердить перевод нечем (4 разных этимологий)
horny	B2	5324	Adjective	роговой	мозолистый			Hard or bony, like an animal's horn.	animals	пример: предложение не целое; многозначное слово, подтвердить перевод нечем (2 разных этимологий)
godmother	C1	12888	Noun	крёстная мать	крёстная			A woman present at the christening of a baby who promises to help raise the child in a Christian manner.	people	пример: не для детей (в переводе): крест
sisterhood	C2	32734	Noun	сестринство				The state, or kinship of being sisters.		пример: нет предложений в Tatoeba; категория не определилась (не определилась)
collection	A1	1274	Noun	коллекция	собрание; сборник	The attic contains a remarkable collection of antiques, oddities, and random junk.		A set of items or amount of material procured, gathered or presented together.	objects	пример: слова нет в предложении
benjamin	B2	5326	Noun					A balsamic resin from the bark of Styrax trees used in perfumes, incense, and medicine; benzoin resin.	health	нет русского перевода в Wiktionary (вынесен на отдельную страницу); пример: длина английского предложения
relocation	C1	12889	Noun	переселение	перемещение; релокация; переезд			The act of moving from one place to another.	actions	пример: слова нет в предложении
federal	A1	1276	Adjective	федеративный	союзный			Pertaining to a league or treaty; derived from an agreement or covenant between parties, especially between nations.	communication	пример: не для детей [страны и национальности]: germany
sweat	B2	5329	Noun	пот	испарина	I sweat.	Я потею.	The state of one who is sweating; diaphoresis.	people	многозначное слово, подтвердить перевод нечем (2 разных этимологий)
appreciative	C2	32739	Adjective			be appreciative of something		Showing appreciation or gratitude.	qualities	нет русского перевода в Wiktionary; пример: слова нет в предложении
lower	A1	1279	Adjective	нижний		A little lower.	Чуть ниже.	Bottom; more towards the bottom than the middle of an object.	qualities	многозначное слово, подтвердить перевод нечем (2 разных этимологий; части речи: Adjective/Adverb/Verb/Noun)
champion	B1	3480	Noun	чемпион	чемпионка; победитель; победительница	He is the champion.	Он является чемпионом.	An ongoing winner in a game or contest.		категория не определилась (не определилась)
swimwear	C1	12893	Noun					Items of clothing appropriate for swimming.	clothes	нет русского перевода в Wiktionary (вынесен на отдельную страницу); пример: нет предложений в Tatoeba
bench	B2	5333	Noun	скамейка	скамья; лавка; лавочка	Sit on the bench.	Присаживайтесь на скамейку.	A long seat with or without a back, found for example in parks and schools.		категория не определилась (не определилась)
bob	A1	1282	Verb	качаться	выныривать; вынырнуть	Bob can cook.	Боб умеет готовить.	To move gently and vertically, in either a single motion or repeatedly up and down, at or near the surface of a body of water.	actions	многозначное слово, подтвердить перевод нечем (5 разных этимологий)
ross	B1	3486	Noun					The rough, scaly surface on the bark of trees.		нет русского перевода в Wiktionary; пример: нет предложений в Tatoeba; категория не определилась (не определилась)
mechanism	B2	5334	Noun	механизм		The locking mechanism has jammed.	Механизм блокировки заклинило.	Any mechanical means for the conversion or control of motion, or the transmission or control of power.		категория не определилась (не определилась)
eight	A1	1283	Noun	восьмёрка		He is eight.	Ему восемь.	NATO & ICAO radiotelephony clear code (spelling-alphabet name) for the digit 8.		многозначное слово, подтвердить перевод нечем (2 разных этимологий); категория не определилась (не определилась)
buried	B1	3487	Adjective			I buried it.	Я его закопал.	Placed in a grave at a burial.	qualities	нет русского перевода в Wiktionary
bust	B2	5335	Verb	застукать	спалить	Airlines are going bust.	Авиакомпании разоряются.	To arrest (someone or a group of people) for a crime.	society	многозначное слово, подтвердить перевод нечем (2 разных этимологий; части речи: Verb/Noun/Adjective)
applet	C1	12896	Noun	апплет	аплет			A small program module that runs under the control of a larger application, typically a web browser.		пример: нет предложений в Tatoeba; категория не определилась (не определилась)
jacky	C2	32749	Noun					English gin.		нет русского перевода в Wiktionary; пример: слова нет в предложении; категория не определилась (не определилась)
confused	B1	3488	Adjective		chaotic, jumbled or muddled → спутанный/беспорядочный; making no sense; illogical → бессмысленный; embarrassed → сконфуженный/смущённый	She is confused.	Она растерянна.	Unable to think clearly or understand.	mind	перевод не привязывается к значению — риск взять чужое
goin	B2	5336	Verb					Pronunciation spelling of going.	actions	нет русского перевода в Wiktionary; пример: слово в примере — имя собственное
coot	C2	32750	Noun	лысуха	лыска	Tom can't tell a coot from a moorhen.	Том не может отличить лысуху от камышницы.	Any of various aquatic birds of the genus Fulica that are mainly black with a prominent frontal shield on the forehead.		категория не определилась (не определилась)
receive	A1	1287	Verb		to take what is offered, accept from ano → получать/получить; to take possession of → получать/получить; to act as a host for guests → принимать/принять; telecommunications: to detect a signal → получать/ловить/улавливать	They receive him well.	Они хорошо его принимают.	To be given, sent, or paid something.	actions	перевод не привязывается к значению — риск взять чужое
consolidation	B1	3490	Noun					The act or process of consolidating, making firm, or uniting; the state of being consolidated.		нет русского перевода в Wiktionary; пример: слова нет в предложении; категория не определилась (не определилась)
annoying	B2	5338	Adjective	досадный	надоедливый; раздражающий; назойливый	It was annoying.	Это раздражало.	Causing irritation or annoyance; troublesome; vexatious.	qualities	многозначное слово, подтвердить перевод нечем (части речи: Adjective/Verb/Noun)
spokesman	C1	12900	Noun	представитель	спикер			One who speaks as the voice of another person or a group of people.	people	пример: нет предложений в Tatoeba
caprice	C2	32752	Noun	каприз				An impulsive, seemingly unmotivated action, change of mind, or notion.	change	пример: нет предложений в Tatoeba
brain	A1	1288	Noun		organ → головной мозг/мозг/мозги; person providing intelligence → мозг/голова; brains: intellect → мозг/мозги/башка	Use your brain.	Включи мозги.	The control center of the central nervous system of an animal located in the skull, consisting of the cerebrum, cerebellum, and brainstem.	animals	перевод не привязывается к значению — риск взять чужое
fed	B1	3492	Noun			He fed us.	Он нас покормил.	A federal government officer or official.	society	нет русского перевода в Wiktionary
wha	C1	12901	Interjection			Wha? Speak up, I can't hear you!		Pronunciation spelling of what.	communication	нет русского перевода в Wiktionary; пример: предложение не целое
contract	A1	1289	Noun	контракт		sign a contract		An agreement between two or more parties, to perform a specific job or work order.	work	пример: не для детей (в переводе): вор; многозначное слово, подтвердить перевод нечем (2 разных этимологий; части речи: Noun/Adjective/Verb)
blah	B2	5342	Noun	балабольство		Blah blah blah.	Бла-бла-бла.	Nonsense; drivel; idle, meaningless talk.		многозначное слово, подтвердить перевод нечем (части речи: Noun/Adjective/Verb); категория не определилась (не определилась)
cleaner	B2	5344	Noun		person who cleans → уборщик/уборщица; substance used for cleaning → очиститель	The air became cleaner.	Воздух стал чище.	A person whose occupation is to clean things, especially rooms, floors, and windows.	people	перевод не привязывается к значению — риск взять чужое
captain	A1	1294	Noun		an army officer with a rank between the  → капитан; a naval officer with a rank between comm → капитан; the person lawfully in command of a sea- → капитан; the person lawfully in command of an air → капитан; one of the athletes on a sports team des → капитан	I'm your captain.	Я ваш капитан.	A chief or leader.		перевод не привязывается к значению — риск взять чужое; категория не определилась (не определилась)
percent	A1	1297	Noun	процент		One hundred percent.	Сто процентов.	A percentage, a proportion (especially per hundred).		категория не определилась (не определилась)
disorder	B2	5348	Noun	беспорядок	кавардак; раскардаш; непорядок	The room was in disorder.	Комната была в беспорядке.	Absence of order; state of not being arranged in an orderly manner.		категория не определилась (не определилась)
author	A1	1298	Noun	автор	создатель; творец	I know the authors.	Я знаю авторов.	The originator or creator of a work, especially of a literary composition; or, one of the creators of a collaborative work.		категория не определилась (не определилась)
furnace	C1	12911	Noun	печь		Plans for the next phase include furnaces capable of inert atmospheres and partial vacuums.		An industrial heating device, such as for smelting metal or firing ceramics.	tech	пример: длина английского предложения
groundwork	C2	32763	Noun	основа	фундамент	The discovery of the laws of electricity laid the groundwork for a century of innovation.		The foundation; the basic or fundamental parts that support or allow for the rest.		пример: нет предложений в Tatoeba; категория не определилась (не определилась)
magazine	A1	1300	Noun	журнал		I bought a magazine.	Я купил журнал.	A nonacademic, periodical publication which consists of articles by multiple writers on some broad topic or theme.		категория не определилась (не определилась)
tied	B1	3507	Adjective			As a couple, they are strongly tied to one another.		Closely associated or connected.	qualities	нет русского перевода в Wiktionary; пример: слова нет в предложении
alexander	B1	3508	Noun			Alexander was a great conqueror.	Александр был великим завоевателем.	A cocktail made of cognac or gin, white crème de cacao, and light cream.	objects	нет русского перевода в Wiktionary
freeware	B2	5353	Noun	бесплатное по	фривер			Complete and functional software that does not require payment or other compensation (such as viewing advertising) for its use.	money	пример: нет предложений в Tatoeba
musketeer	C2	32765	Noun	мушкетёр				A foot soldier armed with a musket.		пример: нет предложений в Tatoeba; категория не определилась (не определилась)
command	A1	1304	Noun	приказ	команда; повеление; наказ	Who gave the command?	Кто отдал приказ?	An order to do something.		категория не определилась (не определилась)
scheme	B1	3509	Noun		systematic plan of future action → план/программа; secret, devious plan → план/замысел; orderly combination of related parts → структура; chart or diagram → схема; mathematics: structure that enlarges the → схема	It isn't a pyramid scheme.	Это не финансовая пирамида.	An artful deviation from the ordinary arrangement of words.		перевод не привязывается к значению — риск взять чужое; категория не определилась (не определилась)
grandpa	B2	5354	Noun	дедушка	дедуля	Grandpa lives alone.	Дедушка живёт один.	Grandfather.		категория не определилась (не определилась)
lat	C1	12914	Noun	лат				A staff, particularly one of an Indian kind.		пример: нет предложений в Tatoeba; многозначное слово, подтвердить перевод нечем (5 разных этимологий); категория не определилась (не определилась)
particular	A1	1307	Adjective		specific; discrete; concrete → конкретный/отдельный/частный; specialised; characteristic of a specifi → характерный/специфический/особый; distinguished in some way; special → специальный/особенный; concerned with, or attentive to, details → разборчивый/щепетильный/привередливый	You're particular.	Ты особенный.	Pertaining only to a part of something; partial.	money	перевод не привязывается к значению — риск взять чужое
twist	B2	5359	Noun	твист		Don't twist my words.	Не искажай мои слова.	A twisting force.		категория не определилась (не определилась)
doll	B1	3515	Noun	кукла	лялька; пупс; пупсик	It's a doll.	Это кукла.	A small figure resembling a human being that is used as a toy.		категория не определилась (не определилась)
malnutrition	C2	32770	Noun	недоедание				A lack of adequate nourishment.		пример: не для детей [насилие и смерть]: die; категория не определилась (не определилась)
binding	B2	5361	Adjective	обязательный		It's not legally binding.	Это не имеет юридической силы.	Imposing stipulations or requirements that must be honoured.	qualities	многозначное слово, подтвердить перевод нечем (части речи: Adjective/Noun/Verb)
federation	B2	5362	Noun	федерация		It is 106 years since federation.		An act of joining together into a single political entity.	society	пример: слова нет в предложении
fix	A1	1318	Verb		to mend or repair → чинить/ремонтировать/исправлять; to attach; to affix; to hold in place → устанавливать/фиксировать/установить; to prepare → готовить/приготовить; to render an animal infertile → стерилизовать/кастрировать; to render (a photographic impression) pe → закреплять/фиксировать/закрепить	Fix this.	Исправь это.	To pierce; now generally replaced by transfix. (Of a piercing look) to direct at someone.	actions	перевод не привязывается к значению — риск взять чужое
importance	B1	3520	Noun	важность	значимость			The quality or condition of being important or worthy of note.		пример: слова нет в предложении; категория не определилась (не определилась)
banner	B2	5366	Noun	знамя	стяг; флаг	The one holding a banner is waving it.	В чьих руках знамя, тот им и машет.	A flag or standard used by a military commander, monarch or nation.		категория не определилась (не определилась)
endorsement	C1	12921	Noun	одобрение		The association announced its endorsement of the policy.		The act or quality of endorsing.		пример: слова нет в предложении; категория не определилась (не определилась)
role	A1	1319	Noun	роль		I have an important role.	У меня важная роль.	A character or part played by a performer or actor.		категория не определилась (не определилась)
bucks	B1	3521	Noun			I paid about 50 bucks.	Я заплатил около 50 долларов.	Casual Oxford shoes made of buckskin, often white or a neutral color.	objects	нет русского перевода в Wiktionary
treason	C1	12924	Noun	измена	государственная измена; госизмена; предательство	That's treason.	Это измена.	The crime of betraying one's own country.		категория не определилась (не определилась)
lactation	C2	32777	Noun	лактация				The secretion of milk from the mammary gland of a female mammal.	animals	пример: нет предложений в Tatoeba
fit	A1	1320	Adjective	подходящий	соответствующий	I'm fit.	Я в форме.	Suitable; proper.	qualities	многозначное слово, подтвердить перевод нечем (5 разных этимологий; части речи: Adjective/Verb/Noun)
violation	B2	5368	Noun	нарушение	несоблюдение	Dan committed the ultimate violation.	Дэн совершил самое грубое нарушение.	The act or an instance of violating or the condition of being violated. An infraction or a failure to follow a rule. Rape.		категория не определилась (не определилась)
orchard	C1	12925	Noun	сад	фруктовый сад			A garden or an area of land for the cultivation of fruit or nut trees.	food	пример: длина английского предложения
weber	C1	12926	Noun	вебер				In the International System of Units, the derived unit of magnetic flux.		пример: слово в примере — имя собственное; категория не определилась (не определилась)
depth	B1	3525	Noun	глубина		At this point the depth is small.	В этом месте глубина небольшая.	The vertical distance below a surface; the degree to which something is deep.		категория не определилась (не определилась)
transporter	C1	12929	Noun					One who, or that which transports.	people	нет русского перевода в Wiktionary; пример: слова нет в предложении
offbeat	C2	32780	Adjective	нестандартный	нетрадиционный; нешаблонный	He has such an offbeat sense of humor that hardly anyone finds his jokes amusing.		Unusual; unconventional; not ordinary.	qualities	пример: нет предложений в Tatoeba
driver	A1	1324	Noun	движитель		He's a driver.	Он водитель.	One who drives something. A person who drives a motorized vehicle such as a car, truck, bus, train, forklift, etc.	people	перевод примера относится к другому значению
chuck	B1	3526	Noun	шея		Chuck is insolent.	Чак наглый.	Meat from the shoulder of a cow or other animal.	animals	многозначное слово, подтвердить перевод нечем (7 разных этимологий)
bareback	C2	32782	Adverb	неоседланный		Tom rode the horse bareback.	Том ехал верхом без седла.	Without a saddle.	qualities	многозначное слово, подтвердить перевод нечем (части речи: Adjective/Adverb/Verb/Noun)
contractor	B2	5374	Noun	подрядчик	подрядчица; контрактор			A person or company that builds or improves buildings or structures.	people	пример: нет предложений в Tatoeba
sparkling	C1	12932	Adjective	искрящийся		The bathroom was sparkling clean.	Ванная сияла чистотой.	Of an object, reflecting light as if giving off tiny sparks or flashes of light.	qualities	многозначное слово, подтвердить перевод нечем (части речи: Verb/Adjective/Noun)
spring	A1	1329	Noun	источник	ключ; родник; студенец	Spring came.	Пришла весна.	An act of springing: a leap, a jump.	actions	пример иллюстрирует другое значение (2 разных этимологий; значений: 8)
accessibility	B1	3531	Noun	доступность				The quality of being accessible, or of admitting approach; receptiveness.		пример: слова нет в предложении; категория не определилась (не определилась)
peaceful	B2	5378	Adjective	мирный	спокойный; тихий	How peaceful!	Какая тишина!	Not at war; not disturbed by strife or turmoil.	qualities	многозначное слово, подтвердить перевод нечем (2 разных этимологий)
fishery	C1	12937	Noun	рыболовство				Fishing: the catching, processing and marketing of fish or other seafood.	animals	пример: нет предложений в Tatoeba
brava	C2	32786	Noun					A shout of "brava!".		нет русского перевода в Wiktionary; пример: нет предложений в Tatoeba; категория не определилась (не определилась)
distance	A1	1330	Noun	дистанция	расстояние; отдалённость	Keep your distance.	Держи дистанцию.	An amount of space between points (often geographical points), usually (but not necessarily) measured along a straight line.		категория не определилась (не определилась)
canon	B2	5380	Noun		religious law → канон/правило; piece of music → канон; fandom: the works considered authoritati → канон; A clergy member serving a cathedral → каноник	That's not canon.	Это не канон.	A generally accepted principle; a rule.		перевод не привязывается к значению — риск взять чужое; категория не определилась (не определилась)
betrothal	C2	32788	Noun	помолвка	обручение	marriage betrothal		The act of betrothing.	actions	пример: слова нет в предложении
duke	B1	3533	Noun	герцог	князь; воевода	The duke owns a lot of land.	У герцога много земли.	The male ruler of a duchy (female equivalent: duchess).		категория не определилась (не определилась)
blacky	C2	32789	Noun					A black person.		нет русского перевода в Wiktionary; пример: слова нет в предложении; категория не определилась (не определилась)
effect	A1	1332	Noun	эффект	результат; воздействие; влияние	The effects are irreversible.	Последствия непоправимы.	The result or outcome of a cause.		категория не определилась (не определилась)
floating	B2	5382	Adjective	плавучий	наплавной	Floating is easy.	Плавать легко.	That floats or float.	qualities	многозначное слово, подтвердить перевод нечем (части речи: Adjective/Verb/Noun)
wonder	A1	1333	Noun	удивление		I wonder.	Я любопытный.	A sense of awe, astonishment and curiosity, inspired by unexpected events, novel experiences and inexplicable circumstances.		категория не определилась (не определилась)
heh	B2	5386	Noun			Heh heh, not enough.	Ха-ха, ещё, ещё!	The fifth letter of many Semitic alphabets (Phoenician 𐤄, Aramaic 𐡄, Hebrew ה, Syriac ܗ, Arabic ه, and others).	communication	нет русского перевода в Wiktionary
settle	B1	3541	Verb	селиться	заселять; колонизировать	Settle down.	Успокойся.	To conclude or resolve (something): To determine (something which was exposed to doubt or question).	mind	многозначное слово, подтвердить перевод нечем (2 разных этимологий)
gravity	B2	5389	Noun	важность	серьёзность	This is a matter of the utmost gravity.	Это дело наивысшей важности.	Senses relating to seriousness. Of an activity such as a ceremony, a person's conduct, etc.: the quality of being deeply serious and solemn.		категория не определилась (не определилась)
cornfield	C2	32797	Noun	кукурузное поле		A swarm of locusts descended on the cornfield.	Рой саранчи опустился на кукурузное поле.	A field of corn: maize, wheat, or other cereal crop.		категория не определилась (не определилась)
pewter	C1	12945	Noun	пьютер				An alloy of approximately 93–98% tin and 1–2% copper, and the balance of antimony.		пример: нет предложений в Tatoeba; многозначное слово, подтвердить перевод нечем (части речи: Noun/Adjective/Verb); категория не определилась (не определилась)
exorcise	C2	32800	Verb	изгонять		The priest attempted to exorcise the evil spirit from the house.		To drive out (an evil spirit) from a person, place or thing, especially by an incantation or prayer.	actions	пример: нет предложений в Tatoeba
somebody	A1	1342	Noun	кто-нибудь	кто-то; некто; кто-либо	Ask somebody.	Спроси кого-нибудь.	A recognised or important person, a celebrity.		перевод есть только для другой части речи (Pronoun вместо Noun); категория не определилась (не определилась)
luxury	B1	3543	Noun	роскошь	люкс	This is a luxury.	Это роскошь.	Very wealthy and comfortable surroundings; the state of being that they create.		категория не определилась (не определилась)
blow	A1	1343	Verb	дуть	веять; сморкаться; дунуть	Blow your nose.	Высморкайся.	To produce an air current.	actions	многозначное слово, подтвердить перевод нечем (4 разных этимологий; части речи: Verb/Noun/Adjective)
input	B1	3545	Noun	ввод		Input your name.	Введите своё имя.	The act or process of putting in; infusion.		категория не определилась (не определилась)
grocer	C2	32803	Noun	бакалейщик	бакалейщица; продавец; продавщица			A person who retails groceries (foodstuffs and household items) from a grocery.	people	пример: нет предложений в Tatoeba
bonus	B1	3548	Noun	бонус	премия; надбавка	I got a bonus.	Я получил бонус.	Something extra that is good; an added benefit.		категория не определилась (не определилась)
cerebral	C1	12953	Adjective	мозговой	церебральный	The cerebral cortex is made up of gray matter.	Кора головного мозга состоит из серого вещества.	Of or relating to the brain, cerebrum, or cerebral cortex.	qualities	многозначное слово, подтвердить перевод нечем (2 разных этимологий)
localization	C1	12955	Noun	локализация				The act of localizing. The switch of positions in power from the colonizing population to the local population.	actions	пример: слова нет в предложении
angle	B1	3552	Noun	угол		The angle would be too narrow.	Этот угол будет слишком узким.	A figure formed by two rays which start from a common point (a plane angle) or by three planes that intersect (a solid angle).		категория не определилась (не определилась)
ecstasy	C1	12956	Noun	экстаз		They're in ecstasy.	Они в экстазе.	Intense pleasure.		категория не определилась (не определилась)
sam	A1	1357	Verb			Sam had to prove that.	Сэму пришлось это доказывать.	To assemble.	actions	нет русского перевода в Wiktionary
flame	B2	5402	Noun	пламя	полымя; полымя; пламень	The flame went out.	Пламя погасло.	The visible part of fire; a stream of burning vapour or gas, emitting light and heat.		категория не определилась (не определилась)
sudden	B1	3554	Adjective	неожиданный	внезапный	The sudden drop in temperature left everyone cold and confused.		Occurring quickly with little or no warning or expectation; instantly.	qualities	пример: слова нет в предложении; многозначное слово, подтвердить перевод нечем (части речи: Adjective/Adverb/Noun)
sterling	B2	5404	Noun	стерлинг	фунт	Is this sterling silver?	Это чистое серебро?	An English silver penny first introduced by the Normans.		многозначное слово, подтвердить перевод нечем (3 разных этимологий); категория не определилась (не определилась)
cor	C1	12959	Noun			Cor blimey!	Ничего себе!	Any of various former units of volume, particularly: A Hebrew unit of liquid volume, about equal to 230 L or 60 gallons.	objects	нет русского перевода в Wiktionary
prerogative	C2	32811	Noun	прерогатива	привилегия	Talent is the prerogative of a few.	Талант - это удел немногих.	An exclusive hereditary or official right or privilege.		категория не определилась (не определилась)
universal	B1	3555	Adjective	вселенский	космический	Human rights are universal.	Права человека всеобщи.	Of or pertaining to the universe.	qualities	перевод примера относится к другому значению
customization	C1	12960	Noun					The act of customizing something.	actions	нет русского перевода в Wiktionary; пример: слова нет в предложении
restaurant	A1	1367	Noun	ресторан		That Italian restaurant serves some of the best food I've ever had in my life.		An eating establishment in which diners are served food, usually by waiters at their tables but sometimes.	food	пример: не для детей (в переводе): тора
existence	B1	3558	Noun	существование	бытие; экзистенция	In order to destroy evil, we must first acknowledge its existence.		The state of being, existing, or occurring; beinghood.		пример: слова нет в предложении; категория не определилась (не определилась)
syndrome	B2	5411	Noun	синдром		Down syndrome; acquired immune deficiency syndrome; restless-leg syndrome; battered-wife syndrome		A recognizable pattern of signs, symptoms and/or behaviours, especially of a disease or medical or psychological condition.	health	пример: длина английского предложения
smooch	C2	32816	Noun	чмок				A kiss, especially that which is on the cheek.		пример: нет предложений в Tatoeba; многозначное слово, подтвердить перевод нечем (2 разных этимологий); категория не определилась (не определилась)
reach	A1	1369	Verb	тянуться	потянуться	Can you reach those?	Ты можешь их достать?	To extend, stretch, or thrust out (for example a limb or object held in the hand).	body	пример иллюстрирует другое значение (3 разных этимологий)
catholic	B1	3560	Adjective					Universal; all-encompassing.	qualities	нет русского перевода в Wiktionary; пример: слово в примере — имя собственное
bracelet	B2	5412	Noun	браслет		This is a bracelet.	Это браслет.	A band or chain worn around the wrist as jewelry/jewellery or an ornament.		категория не определилась (не определилась)
unopened	C2	32817	Adjective			He sent the letter back unopened.	Он послал письмо обратно, не открыв конверта.	Not yet opened; still closed.	qualities	нет русского перевода в Wiktionary
union	A1	1370	Noun	союз	соединение; объединение; слияние	Union gives strength.	Единство даёт силу.	The act of uniting or joining two or more things into one.	actions	многозначное слово, подтвердить перевод нечем (части речи: Noun/Verb/Adjective)
slideshow	B2	5415	Noun	слайд-шоу				A presentation of a series of photographic slides, usually with a spoken or recorded explanation.		пример: нет предложений в Tatoeba; категория не определилась (не определилась)
penalties	C1	12967	Noun					A penalty shootout.		нет русского перевода в Wiktionary; пример: слова нет в предложении; категория не определилась (не определилась)
disclaimer	A1	1373	Noun					One who disclaims, disowns, or renounces.	people	нет русского перевода в Wiktionary; пример: нет предложений в Tatoeba
membership	B1	3564	Noun	членство		Here's my membership card.	Вот моя членская карта.	The state of being a member of a group or organization.		категория не определилась (не определилась)
accountable	C1	12968	Adjective	ответственный		Everyone is accountable to God for their conduct.		Obliged, when called upon, to answer (for one's deeds); answerable.	qualities	пример: слова нет в предложении
soot	C2	32821	Noun	сажа	копоть	It's carbon or soot.	Это углерод или сажа.	Fine black or dull brown particles of amorphous carbon and tar, produced by the incomplete combustion of coal, oil etc.		категория не определилась (не определилась)
character	A1	1375	Noun	персонаж	герой; героиня; действующее лицо	Select a character class.	Выбери класс персонажа.	A being involved in the action of a story; a persona.		категория не определилась (не определилась)
thy	B1	3566	Determiner	твой		Thy kingdom come!	Да приидет Царствие Твоё!	Possessive form of thou: that which belongs to thee; which belongs to you.	linkers	многозначное слово, подтвердить перевод нечем (2 разных этимологий)
hof	C2	32822	Noun					An enclosure, court, dwelling, building, or house.	home	нет русского перевода в Wiktionary; пример: нет предложений в Tatoeba
lee	A1	1377	Noun	подветренная сторона		Lee Sedol is the world's best Go player.	Ли Седоль — лучший в мире игрок в го.	A protected cove or harbor, out of the wind.	weather	многозначное слово, подтвердить перевод нечем (3 разных этимологий)
opera	B1	3568	Noun	опера		I love opera.	Я обожаю оперу.	A theatrical work, combining drama, music, song and sometimes dance; usually, one sung-through.	art	многозначное слово, подтвердить перевод нечем (2 разных этимологий)
provider	B2	5422	Noun	провайдер	поставщик; поставщица			One who, or that which, provides a service, commodity, or the means for subsistence.	people	пример: слова нет в предложении
baseline	C1	12973	Noun	базовая линия	линия шрифта	A laser level generates a convenient baseline for interior work.		A line that is a base for measurement or for construction.		пример: не для детей (в переводе): ад; категория не определилась (не определилась)
producer	B1	3569	Noun		in economics → производитель/производительница; in arts → продюсер			An individual or organization that creates goods and services.	people	перевод не привязывается к значению — риск взять чужое; пример: слова нет в предложении
target	A1	1381	Noun	цель	мишень	I hit the target.	Я попал в цель.	A butt or mark to shoot at, as for practice, or to test the accuracy of a firearm, or the force of a projectile.		категория не определилась (не определилась)
chart	B1	3570	Noun	морская карта		I'd like to look at that chart.	Я хотел бы посмотреть на этот график.	A map. A map illustrating the geography of a specific phenomenon. A navigator's map.		перевод примера относится к другому значению; категория не определилась (не определилась)
tiffany	B2	5425	Noun					A kind of gauze, or very thin silk.		нет русского перевода в Wiktionary; пример: нет предложений в Tatoeba; категория не определилась (не определилась)
liturgical	C2	32826	Adjective	литургический				Pertaining to liturgy.	qualities	пример: нет предложений в Tatoeba
martin	A1	1382	Noun	городская ласточка	стриж	Martin Scorsese is my favorite director.	Мартин Скорсезе - мой любимый режиссёр.	Many of the various passerine birds of the family Hirundinidae, which also includes swallows, that catch insects whilst flying.	family	многозначное слово, подтвердить перевод нечем (2 разных этимологий)
shady	C1	12976	Adjective		overspread with shade → тенистый; not trustworthy; unfit to be seen or kno → подозрительный/тёмный	That's shady.	Это подозрительно.	Abounding in shades.	qualities	перевод не привязывается к значению — риск взять чужое
steve	A1	1383	Verb			Steve looked very happy.	Стив выглядел очень счастливым.	To pack or stow, as cargo in a ship's hold.	actions	нет русского перевода в Wiktionary
helicopter	B2	5430	Noun	вертолёт	геликоптер; геликоптер	The helicopter took off.	Вертолёт взлетел.	An aircraft that is borne along by one or more sets of long rotating blades which allow it to hover.		категория не определилась (не определилась)
queen	A1	1385	Noun	королева	царица	Be my queen.	Будь моей королевой.	The wife, consort, or widow of a king.		категория не определилась (не определилась)
booster	C1	12978	Noun	усилитель				Something that boosts.		пример: нет предложений в Tatoeba; категория не определилась (не определилась)
pilar	C2	32830	Adjective			pilar muscle; pilar cyst		Relating to hair.	qualities	нет русского перевода в Wiktionary; пример: нет предложений в Tatoeba
bottom	A1	1386	Noun	дно	низ; нижняя часть	Grab the bottom.	Хватайся за низ.	The lowest part of anything.		многозначное слово, подтвердить перевод нечем (части речи: Noun/Verb/Adjective); категория не определилась (не определилась)
desperate	B1	3574	Adjective	безрассудный		He's desperate.	Он в отчаянии.	In dire need (of something); having a dire need or desire.	qualities	пример иллюстрирует другое значение (части речи: Adjective/Adverb/Noun)
nappy	C2	32831	Adjective	курчавый	косматый	I changed the baby's nappy.	Я поменял детскую пелёнку.	Having a nap (of cloth etc.); downy; shaggy.	qualities	многозначное слово, подтвердить перевод нечем (5 разных этимологий; части речи: Noun/Verb/Adjective)
kingdom	A1	1387	Noun	королевство	царство	He ruled his kingdom fairly.	Он правил своим королевством справедливо.	A realm having a king or queen as its actual or nominal sovereign.		категория не определилась (не определилась)
spencer	B2	5433	Noun					A short double-breasted men's overcoat worn in the 18th and 19th centuries.		нет русского перевода в Wiktionary; пример: слово в примере — имя собственное; категория не определилась (не определилась)
jumpy	C1	12982	Adjective			I'm not jumpy.	Я не нервный.	Nervous and excited.	feelings	нет русского перевода в Wiktionary
exchange	A1	1388	Noun	обмен		They exchanged blows.	Они обменялись ударами.	An act of exchanging or trading.	actions	многозначное слово, подтвердить перевод нечем (2 разных этимологий)
intel	B1	3577	Noun			Intel is important in espionage.		Intelligence (secret information).		нет русского перевода в Wiktionary (вынесен на отдельную страницу); пример: нет предложений в Tatoeba; категория не определилась (не определилась)
smith	A1	1390	Noun	кузнец		Smith demanded payment.	Кузнец требовал оплаты.	A craftsperson who works metal into desired forms using a hammer and other tools, sometimes heating the metal to make it more workable.		категория не определилась (не определилась)
bass	B1	3579	Adjective	басовый		He plays bass guitar.	Он играет на бас-гитаре.	Of sound, a voice or an instrument, low in pitch or frequency.	qualities	многозначное слово, подтвердить перевод нечем (3 разных этимологий; части речи: Adjective/Noun/Verb)
reputation	B1	3580	Noun	репутация	профиль; реноме	Reputation is money.	Репутация - это деньги.	What somebody or something is known for.		категория не определилась (не определилась)
stronger	B1	3581	Adjective			I'm stronger.	Я сильнее.	Said of one proposition with respect to another one: that the former entails the latter, but the latter does not entail the former.	qualities	нет русского перевода в Wiktionary
success	A1	1393	Noun	успех	удача	We anticipate success.	Мы предвкушаем успех.	The achievement of one's aim or goal.		категория не определилась (не определилась)
flu	B2	5441	Noun	грипп	инфлюэнца	I got the flu.	У меня грипп.	Stomach flu.		категория не определилась (не определилась)
marquis	C1	12989	Noun					A nobleman in England, France, and Germany, of a rank next below that of duke, but above a count. Originally.		нет русского перевода в Wiktionary (вынесен на отдельную страницу); пример: нет предложений в Tatoeba; категория не определилась (не определилась)
jim	A1	1394	Verb			Jim is a musher.	Джим - погонщик собак.	To jimmy (something); to mess up or mess with (something). (Can we add an example for this sense?).	actions	нет русского перевода в Wiktionary
troy	B2	5443	Adjective			One troy pound weighs twelve troy ounces.	В одном тройском фунте 12 унций.	Of, or relating to, troy weight.	qualities	нет русского перевода в Wiktionary
charcoal	C1	12994	Noun		substance → древесный уголь/уголь; stick used for drawing → уголь; charcoal drawing → рисунок углём; colour → угольный	Stock up on charcoal.	Запасись углём.	Impure carbon obtained by destructive distillation of wood or other organic matter, that is, heating it in the absence of oxygen.		перевод не привязывается к значению — риск взять чужое; категория не определилась (не определилась)
pleasurable	C2	32842	Adjective	приятный		The massage was a pleasurable experience.		That gives pleasure.	qualities	пример: предложение не целое
average	A1	1399	Noun	среднее		I'm average height.	Я среднего роста.	Any measure of central tendency, especially any mean, the median, or the mode.		категория не определилась (не определилась)
tina	B2	5448	Noun					The drug methamphetamine hydrochloride (crystal meth).		нет русского перевода в Wiktionary; пример: слово в примере — имя собственное; категория не определилась (не определилась)
fraternity	C1	12997	Noun	братство		He is a member of the fraternity.	Он член братства.	The quality of being brothers or brotherly; brotherhood.		категория не определилась (не определилась)
ruckus	C2	32843	Noun	суматоха	шум; гам; волнения	What's all the ruckus?	Из-за чего весь шум?	A raucous disturbance and/or commotion.		категория не определилась (не определилась)
responsibility	A1	1400	Noun	ответственность		Nobody claimed responsibility.	Никто не взял на себя ответственность.	The state of being responsible, accountable, or answerable.		категория не определилась (не определилась)
assigned	B1	3587	Adjective			This is your assigned seating.		Which has been assigned or designated for some purpose.	qualities	нет русского перевода в Wiktionary; пример: не для детей (в переводе): ад
ahem	C1	13000	Verb					To cough or clear one's throat so as to draw attention.	actions	нет русского перевода в Wiktionary; пример: нет предложений в Tatoeba
justice	A1	1401	Noun	справедливость		We need justice.	Нам нужна справедливость.	The state or characteristic of being just or fair.		категория не определилась (не определилась)
pour	B1	3589	Verb	лить	наливать; сыпать; насыпать	Pour me one, too.	Налей мне тоже.	To cause (liquid, or liquid-like substance) to flow in a stream, either out of a container or into it.	objects	многозначное слово, подтвердить перевод нечем (2 разных этимологий)
exogenous	C2	32845	Adjective	экзогенный				Having an external cause. Produced or originating outside of the referent organism.	qualities	пример: нет предложений в Tatoeba
specification	B1	3590	Noun	спецификация		The contractor followed the architect's specifications.		An explicit set of requirements to be satisfied by a material, product, or service.	objects	пример: слова нет в предложении
poker	A1	1404	Noun	кочерга		I enjoy poker.	Я обожаю покер.	A metal rod, generally of wrought iron, for adjusting the burning logs or coals in a fire; a firestick.	objects	пример иллюстрирует другое значение (3 разных этимологий)
ton	B2	5453	Noun	тонна		Ton, speak.	Рассказывай, Том.	Any of various units of mass, originally notionally equal to the contents of a tun, particularly: The short ton of 2000 pounds.		многозначное слово, подтвердить перевод нечем (3 разных этимологий); категория не определилась (не определилась)
opt	C1	13005	Verb	решать	выбирать	He opted not to go.		To choose; select.	actions	пример: нет предложений в Tatoeba
holmes	B2	5455	Noun			Hey, holmes! What's up?		An informal term of address, like man or dude.		нет русского перевода в Wiktionary; пример: предложение не целое; категория не определилась (не определилась)
rhea	C2	32849	Noun	нанду				A large flightless bird of the order Rheiformes, native to South America.	animals	пример: слово в примере — имя собственное; многозначное слово, подтвердить перевод нечем (2 разных этимологий)
loan	A1	1408	Noun		borrowed sum of money or other property → заём/ссуда/кредит; contract and array of legal or ethical o → заём	I need a loan.	Мне нужен кредит.	An act or instance of lending, an act or instance of granting something for temporary use.		перевод не привязывается к значению — риск взять чужое; категория не определилась (не определилась)
sault	C2	32850	Noun					A leap or jump, especially one made by a horse.		нет русского перевода в Wiktionary; пример: нет предложений в Tatoeba; категория не определилась (не определилась)
cotton	B1	3597	Noun		any plant yielding fiber like that of '' → хлопок/хлопчатник/хлопчатая бумага; fiber → хлопок/вата/хлопчатая бумага; fabric → хлопок/хлопчатобумажная ткань	It's cotton.	Это хлопок.	A fibrous substance: A soft, fibrous, usually white substance consisting of fine hairs.	objects	перевод не привязывается к значению — риск взять чужое
centre	A1	1411	Noun			We live in the town centre.	Мы живём в центре города.	Australia, UK, Canada, Ireland, New Zealand, and South Africa standard spelling of center.		нет русского перевода в Wiktionary (вынесен на отдельную страницу); категория не определилась (не определилась)
parker	B1	3599	Noun			Parker greeted him with a smile.	Паркер приветствовал его с улыбкой.	A parkkeeper.		нет русского перевода в Wiktionary; категория не определилась (не определилась)
observation	B2	5463	Noun	наблюдение				The act of observing, and the fact of being observed (see observance).	actions	пример: слова нет в предложении
cub	C1	13013	Noun	лисёнок		The bear cub is just learning to walk.	Медвежонок лишь учится ходить.	The young of certain animals, chiefly large carnivorous mammals, including the bear, wolf, fox, lion and tiger.	animals	пример иллюстрирует другое значение (2 разных этимологий)
alliance	B1	3603	Noun	союз	альянс	Where's my alliance?	Где моё обручальное кольцо?	The state of being allied.		категория не определилась (не определилась)
difficulty	B2	5467	Noun	трудность	сложность	He has difficulty learning.	У него трудности в обучении.	The state of being difficult, or hard to do.		категория не определилась (не определилась)
phentermine	A1	1416	Noun					An appetite suppressant of the amphetamine and phenethylamine classes.		нет русского перевода в Wiktionary; пример: нет предложений в Tatoeba; категория не определилась (не определилась)
non	A1	1417	Adverb			He eats non-stop.	Он ест без остановки.	Used to negate or invert the meaning of the following adjective. More properly written as the prefix non-.	qualities	нет русского перевода в Wiktionary
friendship	B1	3606	Noun	дружба	приятельство	Friendship is magic.	Дружба - это магия.	The condition of being friends.		категория не определилась (не определилась)
fluency	C2	32862	Noun	беглость				The quality of smoothness of flow.		пример: не для детей [страны и национальности]: english; категория не определилась (не определилась)
correct	A1	1419	Adjective	правильный	верный; корректный	Correct it.	Исправь её.	Free from error; true; accurate.	qualities	многозначное слово, подтвердить перевод нечем (2 разных этимологий; части речи: Adjective/Adverb/Noun/Verb)
spell	B1	3607	Noun	заклинание	заговор	Spell your name, please.	Пожалуйста, произнесите своё имя по буквам.	Words or a formula supposed to have magical powers.		многозначное слово, подтвердить перевод нечем (4 разных этимологий); категория не определилась (не определилась)
tragedy	B2	5470	Noun	трагедия		It was a tragedy.	Это была трагедия.	A drama or similar work.		категория не определилась (не определилась)
font	B1	3608	Noun	купель		I like this font.	Мне понравилась эта картинка.	A receptacle in a church for holy water, especially one used in baptism.		многозначное слово, подтвердить перевод нечем (3 разных этимологий); категория не определилась (не определилась)
net	A1	1421	Noun	сеть	сетка; мрежа; мерёжа	The net tore.	Сеть порвалась.	A mesh of string, cord or rope.		категория не определилась (не определилась)
coverage	B1	3609	Noun	зона действия	охват; покрытие	The subscriber's device is turned off, or is outside the network coverage area.	Аппарат абонента выключен или находится вне зоны действия сети.	An amount by which something or someone is covered.		категория не определилась (не определилась)
continuity	C1	13022	Noun	непрерывность		While troubleshooting the heating and cooling system, we found a lack of continuity in a circuit that is normally closed.		Lack of interruption or disconnection; the quality of being continuous in space or time.		пример: слова нет в предложении; категория не определилась (не определилась)
stealth	C1	13024	Noun	хитрость	скрытность; незаметность			The attribute or characteristic of acting in secrecy, or in such a way that the actions are unnoticed or difficult to detect by others.		пример: нет предложений в Tatoeba; многозначное слово, подтвердить перевод нечем (части речи: Noun/Verb/Adjective); категория не определилась (не определилась)
resync	C2	32869	Noun					Resynchronization.		нет русского перевода в Wiktionary; пример: нет предложений в Tatoeba; категория не определилась (не определилась)
paddy	C1	13025	Noun	рис-падди	необрушенный рис; рис-сырец			Rough or unhusked rice, either before it is milled or as a crop to be harvested.		пример: длина английского предложения; многозначное слово, подтвердить перевод нечем (4 разных этимологий); категория не определилась (не определилась)
bite	B1	3613	Verb	откусывать	откусить	Bite me.	Укуси меня.	To cut into something by clamping the teeth.	actions	перевод примера относится к другому значению
gringo	C2	32872	Noun	гринго		Tom is a gringo.	Том — американец.	A white person from an English-speaking country, particularly the United States.		категория не определилась (не определилась)
fifteen	B2	5479	Noun	пятнадцать				An Irish traybake made with crushed digestive biscuits, marshmallows and glacé cherries combined with condensed milk and desiccated coconut.		перевод есть только для другой части речи (Numeral вместо Noun); пример: Tatoeba недоступна (offline: нет в кэше); категория не определилась (не определилась)
agate	C2	32873	Noun	агат				A semitransparent, uncrystallized silicate mineral and semiprecious stone, presenting various tints in the same specimen.	nature	пример: нет предложений в Tatoeba; многозначное слово, подтвердить перевод нечем (2 разных этимологий)
squabble	C2	32874	Noun	ссора	перебранка	Let's not squabble.	Давай не будем ссориться.	A minor fight or argument.		категория не определилась (не определилась)
harry	A1	1432	Verb			Harry is only 40.	Гарри всего сорок.	To plunder, pillage, assault.	actions	нет русского перевода в Wiktionary
educational	B1	3619	Adjective	образовательный	учебный	A school is an educational establishment.		Of, or relating to education.	school	пример: слова нет в предложении
rio	B2	5484	Noun					A grade of Spanish saffron, in quality below mancha and coupé but above standard and sierra.		нет русского перевода в Wiktionary; пример: слова нет в предложении; категория не определилась (не определилась)
governance	C1	13031	Noun	управление				The process, or the power, of governing; government or administration.	society	пример: слова нет в предложении
truck	A1	1434	Noun	грузовик	грузовой автомобиль; грузовая машина; фура	Stop that truck.	Останови тот грузовик.	A small wheel or roller, specifically the wheel of a gun carriage.		категория не определилась (не определилась)
faculty	B1	3620	Noun	профессорско-преподавательский состав	профессура	He was at a loss as to which faculty to choose.	Он не мог решить, какой факультет выбрать.	The academic staff at schools, colleges, universities or not-for-profit research institutes, as opposed to the students or support staff.	money	перевод примера относится к другому значению
beaten	B2	5486	Adjective			I was beaten.	Меня побили.	Repeatedly struck, or formed or flattened by blows.	qualities	нет русского перевода в Wiktionary (вынесен на отдельную страницу)
agency	A1	1435	Noun	действие	воздействие	Anyone knows this travel agency?	Кто-нибудь знает это туристическое агентство?	The capacity, condition, or state of acting or of exerting power.		перевод примера относится к другому значению; категория не определилась (не определилась)
untoward	C2	32878	Adjective					Unfavourable, adverse, or disadvantageous.	qualities	нет русского перевода в Wiktionary; пример: нет предложений в Tatoeba
euro	B2	5488	Noun	евро		Euro crisis is affecting prices.	Кризис евро сказывается на ценах.	The currency unit of the European Monetary Union. Symbol: €.		категория не определилась (не определилась)
buddy	A1	1437	Noun	приятель	дружок	Tom was my buddy.	Том был мне приятелем.	A friend or casual acquaintance.		перевод есть только для другой части речи (Pronoun вместо Noun); категория не определилась (не определилась)
martial	B2	5492	Adjective	военный		Kendo is a martial art.	Кэндо — это боевое искусство.	Of, relating to, or suggestive of war; warlike.	qualities	перевод примера относится к другому значению
thoroughbred	C2	32880	Adjective	чистокровный	чистопородный			Bred from pure stock.	qualities	пример: нет предложений в Tatoeba
vincent	B1	3627	Noun			Vincent van Gogh sold only one painting during his lifetime.	Винсент ван Гог при жизни продал только одну картину.	The victim or dupe in a betting game, especially bowls.		нет русского перевода в Wiktionary; категория не определилась (не определилась)
addy	C2	32886	Noun			My e-mail addy is being spammed. I should've kept it private.		Address (especially e-mail address).		нет русского перевода в Wiktionary; пример: слова нет в предложении; категория не определилась (не определилась)
organisation	B2	5500	Noun			Fact-checking organisations are not implicitly trustworthy.	Организациям, занимающимся проверкой фактов, не стоит доверять по умолчанию.	Non-Oxford British English and Australian standard spelling of organization.		нет русского перевода в Wiktionary; категория не определилась (не определилась)
nucleotide	C1	13038	Noun	нуклеотид				The monomer constituting DNA or RNA biopolymer molecules. Each nucleotide consists of a nitrogenous heterocyclic base (or nucleobase).		пример: не для детей (в переводе): ад; категория не определилась (не определилась)
comptroller	C2	32887	Noun					The chief accountant of a company or government.	society	нет русского перевода в Wiktionary (вынесен на отдельную страницу); пример: нет предложений в Tatoeba
pee	B1	3629	Noun		urine → моча/пипи; name of the letter P, p → пи/пэ	Sami drank pee.	Сами выпил мочу.	An act of urination.	actions	перевод не привязывается к значению — риск взять чужое
gage	C1	13039	Verb					To bind (someone) by pledge or security; to engage.	actions	нет русского перевода в Wiktionary (вынесен на отдельную страницу); пример: нет предложений в Tatoeba
depressive	C2	32888	Adjective					Causing depression; dispiriting.	qualities	нет русского перевода в Wiktionary; пример: слова нет в предложении
pawnee	C2	32890	Noun					One or to whom a pledge is delivered as security one who takes anything in pawn.	people	нет русского перевода в Wiktionary; пример: нет предложений в Tatoeba
psych	C1	13041	Noun			I'm psyched.	Я балдею.	A psychiatric hospital or other treatment facility; also, a psychiatric department or ward in such a facility.	health	нет русского перевода в Wiktionary (вынесен на отдельную страницу)
recoverable	C2	32895	Adjective			recoverable data		Capable of being regained or recovered.	qualities	нет русского перевода в Wiktionary; пример: нет предложений в Tatoeba
studies	A1	1445	Noun	учение	исследование	My boyfriend is taking media studies.		An academic field of study concerning the given subject.	school	пример: слова нет в предложении
helen	B1	3632	Noun			Helen has won the prize.	Елена выиграла приз.	Either of a pair of curved, spine-like appendages on some hyoliths.		нет русского перевода в Wiktionary; категория не определилась (не определилась)
bull	B1	3634	Noun	самец		It's a bull.	Это бык.	An adult male, specifically: An adult male of domesticated cattle or oxen.		многозначное слово, подтвердить перевод нечем (4 разных этимологий; части речи: Noun/Adjective/Verb); категория не определилась (не определилась)
organ	B2	5507	Noun	орган		I play the organ.	Я играю на орга́не.	The larger part of an organism, composed of tissues that perform similar functions.		категория не определилась (не определилась)
traumatic	C1	13043	Adjective	травматический		I suffer from post-traumatic stress disorder.	У меня ПТСР.	Of, caused by, or causing trauma.	qualities	многозначное слово, подтвердить перевод нечем (2 разных этимологий)
cent	B1	3635	Noun	цент		Two 45-cent stamps, please.	Пожалуйста, две марки по сорок пять центов.	A subunit of currency equal to one-hundredth of the main unit of currency in many countries. Symbol: ¢.		категория не определилась (не определилась)
shout	B2	5508	Noun	крик	возглас	Tom shouted something.	Том что-то крикнул.	A loud burst of voice or voices; a violent and sudden outcry, especially that of a multitude expressing joy, triumph, exultation, anger.		категория не определилась (не определилась)
proceedings	B2	5509	Noun					The course of procedure in the prosecution of an action at law.	society	нет русского перевода в Wiktionary; пример: слова нет в предложении
influx	C2	32901	Noun	приток	наплыв	I'll buy a new computer when I get an influx of cash.		A flow inward or into something; a coming in.		пример: не для детей (в переводе): раб; категория не определилась (не определилась)
absolute	B1	3637	Adjective	абсолютный				Free of restrictions, limitations, qualifications or conditions; unconditional. Unrestricted by laws, a constitution.	qualities	пример: слова нет в предложении
intraday	C2	32902	Adjective					Occurring during a single day.	time	нет русского перевода в Wiktionary; пример: нет предложений в Tatoeba
entrance	B1	3638	Noun	вхождение	въезд	I'm at the entrance.	Я у входа.	The action of entering, or going in.	actions	пример иллюстрирует другое значение (2 разных этимологий)
oops	B2	5516	Noun	ой	упс; ох	Oops, I did it again.	Ой, я снова это сделала.	A minor mistake or unforeseen difficulty.		перевод есть только для другой части речи (Interjection вместо Noun); категория не определилась (не определилась)
pie	B1	3639	Noun	пирог	пирожок; беляш	I baked a pie.	Я испёк пирог.	A type of pastry that consists of an outer crust and a filling.		категория не определилась (не определилась)
upskirt	B1	3640	Adjective					Designating a voyeuristic image of the view up a woman's skirt.	qualities	нет русского перевода в Wiktionary; пример: нет предложений в Tatoeba
swordsman	C2	32905	Noun	фехтовальщик		He is a remarkable swordsman.		A person skilled at using swords in sport or combat; a fencer.	people	пример: нет предложений в Tatoeba
atmosphere	B1	3641	Noun	атмосфера		The atmosphere is tense.	Атмосфера напряжённая.	The gases surrounding the Earth or any astronomical body.		категория не определилась (не определилась)
administrator	B2	5520	Noun	администратор	руководитель; руководительница; управляющий			One who administers affairs; one who directs, manages, executes, or dispenses, whether in civil, judicial, political.	people	пример: слова нет в предложении
expectation	C1	13051	Noun	ожидание				The act or state of expecting or looking forward to an event as about to happen.		пример: слова нет в предложении; категория не определилась (не определилась)
dimension	B2	5521	Noun	аспект		I am trapped in another dimension.	Я застрял в другом измерении.	A single aspect of a given thing.		перевод примера относится к другому значению; категория не определилась (не определилась)
trusty	C2	32907	Adjective			She's been using the same trusty sewing machine since she started out, thirty long years ago.		Reliable or trustworthy.	qualities	нет русского перевода в Wiktionary; пример: нет предложений в Tatoeba
stereo	B2	5522	Noun	стереосистема		I got a new stereo at that store.	Я купил себе в этом магазине новую стереосистему.	A system of recording or reproducing sound that uses two or more channels.		категория не определилась (не определилась)
gurgling	C1	13053	Noun			My stomach is already gurgling.	У меня уже в животе урчит.	A gurgling sound.		нет русского перевода в Wiktionary; категория не определилась (не определилась)
dancin	C2	32908	Verb					Pronunciation spelling of dancing.	actions	нет русского перевода в Wiktionary; пример: нет предложений в Tatoeba
announced	B1	3645	Adjective			Our flight has been announced.	Объявили наш рейс.	Having been preceded by an announcement; declared.	qualities	нет русского перевода в Wiktionary
gruff	C2	32909	Adjective	грубый	неприветливый; сердитый	Tom shouted at us in a gruff voice.	Том на нас грубо прикрикнул.	Having a rough, surly, and harsh demeanor and nature.	qualities	многозначное слово, подтвердить перевод нечем (3 разных этимологий; части речи: Adjective/Verb/Noun)
granny	B2	5526	Noun	бабушка	бабуся; бабуля; баба	Granny adored me.	Бабушка во мне души не чаяла.	A grandmother.		категория не определилась (не определилась)
majority	B1	3649	Noun	большинство		The majority is against.	Большинство против.	More than half (50%) of some group.		категория не определилась (не определилась)
terrorism	B2	5530	Noun	терроризм	теракт; террор			The system of fear and intimidation put into place during the Reign of Terror in Revolutionary France around 1793-94.		пример: слова нет в предложении; категория не определилась (не определилась)
demo	B2	5533	Noun	демонстрация	показ	The professor prepared a demo to help her class understand the topic.		A demonstration or visual explanation.		пример: слова нет в предложении; многозначное слово, подтвердить перевод нечем (3 разных этимологий; части речи: Noun/Adjective/Verb); категория не определилась (не определилась)
deputy	B1	3654	Noun		representative → заместитель/заместительница/представитель; member of parliament → депутат	I'm your deputy.	Я ваш заместитель.	One appointed as the substitute of others, and empowered to act for them, in their name or their behalf; a substitute in office.		перевод не привязывается к значению — риск взять чужое; категория не определилась (не определилась)
ingrate	C2	32917	Noun	неблагодарный		I always knew you were ingrates.	Я всегда знал, что вы неблагодарные.	An ungrateful or unpleasant person.		категория не определилась (не определилась)
rotten	B2	5537	Adjective		decayed, gone bad → гнилой/тухлый; cruel, mean or immoral → гадкий	The wood is rotten.	Эта древесина гнилая.	Of perishable items, overridden with bacteria and other infectious agents.	qualities	перевод не привязывается к значению — риск взять чужое
metamorphosis	C2	32918	Noun	превращение	метаморфоза			A transformation, such as one performed by magic.		пример: нет предложений в Tatoeba; категория не определилась (не определилась)
liberty	B1	3656	Noun	свобода		We stand for liberty.	Мы стоим за свободу.	The condition of being free.		категория не определилась (не определилась)
cab	B1	3657	Noun	кабина		Call a cab.	Вызови такси.	A compartment at the front of a truck or train for the driver.		многозначное слово, подтвердить перевод нечем (5 разных этимологий); категория не определилась (не определилась)
commitment	B1	3659	Noun	вручение				The act or an instance of committing, putting in charge, keeping, or trust, especially.		пример: слова нет в предложении; категория не определилась (не определилась)
gangbang	B2	5542	Noun					An act of two or more people having sex with one person who is the focus of the sexual activity.	people	нет русского перевода в Wiktionary; пример: нет предложений в Tatoeba
smithereens	C2	32925	Noun	черепки	осколки	The cup broke into smithereens.	Чашка разбилась вдребезги.	Fragments or splintered pieces; numerous tiny disconnected items.		категория не определилась (не определилась)
chill	B2	5544	Noun	мороз		Chill-out.	Успокойся.	A moderate, but uncomfortable and penetrating coldness.		многозначное слово, подтвердить перевод нечем (4 разных этимологий; части речи: Noun/Adjective/Verb); категория не определилась (не определилась)
mime	C1	13075	Noun	пантомима		Tom is a mime.	Том - мим.	A form of acting without words; pantomime.		категория не определилась (не определилась)
noble	B1	3666	Noun	аристократ	аристократка; дворянин; дворянка	Neon is a noble gas.	Неон - благородный газ.	An aristocrat; one of aristocratic blood.		категория не определилась (не определилась)
assembly	B1	3667	Noun	механизм	агрегат; комплект	Read the assembly instructions carefully.	Внимательно прочитайте инструкцию по сборке.	A set of pieces that work together in unison as a mechanism or device.	tech	перевод примера относится к другому значению
payable	C1	13081	Adjective			Is value-added tax payable on planning application fees?		Due to be paid.	qualities	нет русского перевода в Wiktionary; пример: нет предложений в Tatoeba
caroline	B2	5548	Noun			Caroline Herschel was the first woman to discover a comet.	Каролина Гершель была первой женщиной, открывшей комету.	An old silver coin of Italy.		нет русского перевода в Wiktionary; категория не определилась (не определилась)
syne	C2	32931	Adverb					Subsequently; then.	qualities	нет русского перевода в Wiktionary; пример: нет предложений в Tatoeba
lamb	B2	5549	Noun	ягнёнок	агнец; барашек	A lamb is a young sheep.	Ягнёнок - детёныш овцы.	A young sheep; especially, one younger than nine months.		категория не определилась (не определилась)
webring	C1	13084	Noun					A collection of related websites which are interlinked in a circular structure.	objects	нет русского перевода в Wiktionary; пример: Tatoeba недоступна (offline: нет в кэше)
mallet	C2	32933	Noun		small maul → киянка/колотушка/деревянный молоток; instrument for playing croquet → молоток	Carpenters use mallets for assembling.		A type of hammer with a larger-than-usual head made of wood, rubber or similar non-iron material, used by woodworkers for driving a tool.	objects	перевод не привязывается к значению — риск взять чужое; пример: нет предложений в Tatoeba
surrender	B2	5551	Verb	сдавать	сдать	I surrender.	Я сдаюсь.	To give up into the power, control, or possession of another.	actions	многозначное слово, подтвердить перевод нечем (2 разных этимологий)
exploratory	C2	32935	Adjective					Serving to explore or investigate.	qualities	нет русского перевода в Wiktionary; пример: нет предложений в Tatoeba
encouragement	C1	13087	Noun	ободрение	поощрение			The act of encouraging.	actions	пример: слова нет в предложении
supreme	B1	3675	Adjective	верховный	высший; высочайший; наивысший	Knowledge is the supreme goal.	Знание - высшая цель.	Dominant, having power over all others.	qualities	многозначное слово, подтвердить перевод нечем (части речи: Adjective/Verb/Noun)
dodge	B2	5554	Verb	увёртываться	изворачиваться; увернуться; извернуться	It's a tax dodge.	Это уклонение от уплаты налогов.	To avoid (something) by moving suddenly out of the way.	actions	многозначное слово, подтвердить перевод нечем (части речи: Verb/Noun/Adjective)
ringgit	C2	32938	Noun	ринггит				The currency of Malaysia.		пример: нет предложений в Tatoeba; категория не определилась (не определилась)
victor	B1	3676	Noun			You are the victor.	Ты победитель.	The winner in a fight or contest.		нет русского перевода в Wiktionary (вынесен на отдельную страницу); категория не определилась (не определилась)
ease	B1	3677	Noun	лёгкость	непринуждённость	Tom did that with ease.	Том с лёгкостью это сделал.	Lack of difficulty; the ability to do something easily.		категория не определилась (не определилась)
raid	B2	5557	Noun	рейд	налёт; облава	The house was raided by the police.	Дом подвергся набегу полиции.	A quick hostile or predatory incursion or invasion in a battle.		категория не определилась (не определилась)
revenge	B1	3678	Noun	реванш	месть; мщение; отмщение	He took revenge.	Он взял реванш.	Any form of personal, retaliatory action against an individual, institution, or group for some alleged or perceived harm or injustice.		категория не определилась (не определилась)
aforesaid	C2	32942	Adjective	вышеупомянутый	вышеуказанный; вышесказанный			Previously stated; said or named before.	qualities	пример: нет предложений в Tatoeba
plasma	B2	5559	Noun	плазма		Plasma is the fourth state of matter.	Плазма - четвёртое состояние вещества.	A clear component of blood or lymph containing fibrin.		категория не определилась (не определилась)
drag	B1	3680	Noun	сопротивление		There are no drag marks.	Следов волочения нет.	Resistance of a fluid to something moving through it.	actions	многозначное слово, подтвердить перевод нечем (3 разных этимологий; части речи: Noun/Verb/Adjective)
wail	C2	32944	Verb	вопить		She does nothing but wail all day.	Она только и делает, что весь день плачет.	To cry out, as in sorrow or anguish.	actions	многозначное слово, подтвердить перевод нечем (2 разных этимологий)
faraway	C2	32945	Adjective			He and I are from a faraway country.	Мы с ним из далёкой страны.	Not mentally present, as when daydreaming.	qualities	нет русского перевода в Wiktionary
translation	B1	3683	Noun	перевод		This old text needs translation into modern English before it is published.		The act of translating, in its various senses: The conversion of text from one language to another.	actions	пример: слова нет в предложении
porcupine	C2	32946	Noun	дикобраз		No, it's not a big hedgehog, it's a porcupine.	Нет, это не большой ёж, это дикобраз.	Any of several rodents of either of the taxonomic families Hystricidae (Old World porcupines) or Erethizontidae (New World porcupines).		категория не определилась (не определилась)
summit	B2	5564	Noun	вершина	пик; верхушка	We didn't reach the summit.	Мы не достигли вершины.	The topmost point or surface of a thing; the apex, the peak.		категория не определилась (не определилась)
rendezvous	C1	13101	Noun	встреча	свидание; рандеву	We're approaching the rendezvous point.	Мы приближаемся к месту встречи.	A meeting or date.		категория не определилась (не определилась)
jonathan	B1	3688	Noun			Jonathan Swift would defend me.	Джонатан Свифт меня бы защитил.	An instrument used by smokers to light pipes.	objects	нет русского перевода в Wiktionary
lap	B2	5566	Noun	подол	пола	Come, sit on my lap.	Иди сядь ко мне на колени.	The loose part of a coat; the lower part of a garment that plays loosely; a skirt; an apron.	clothes	многозначное слово, подтвердить перевод нечем (4 разных этимологий; части речи: Noun/Verb/Adjective)
pat	B1	3689	Noun	похлопывание		Pat is very talkative.	Пэт очень болтлива.	The sound of a light slap or tap with a soft flat object, especially of a footstep.	objects	многозначное слово, подтвердить перевод нечем (4 разных этимологий; части речи: Noun/Verb/Adjective/Adverb)
ambassador	B2	5568	Noun	посол		I am an ambassador.	Я посол.	A diplomat of the highest rank sent to a foreign court to represent there their sovereign or country.		категория не определилась (не определилась)
tan	B2	5570	Noun	светло-коричневый		Nice tan.	Красивый загар.	A light, brown-like colour.	qualities	пример иллюстрирует другое значение (7 разных этимологий; части речи: Noun/Adjective/Verb)
carol	B1	3694	Noun		song of joy → весёлая песня/кэрол; religious or secular song sung at Christ → колядка/коляда/хорал	Carol has a headache.	У Кэрол болит голова.	A round dance accompanied by singing.		перевод не привязывается к значению — риск взять чужое; категория не определилась (не определилась)
import	B2	5572	Noun	импорт		Imports exceeded exports.	Импорт превысил экспорт.	Something brought in from an exterior source, especially for sale or trade.		категория не определилась (не определилась)
virtual	B1	3695	Adjective	словно	будто бы	This is an example of virtual reality.	Это пример виртуальной реальности.	In effect or essence, rather than in fact or reality; also, imitated, simulated.	qualities	перевод примера относится к другому значению
comparable	C1	13110	Adjective	сравнимый	сопоставимый	An elephant is comparable in size to a double-decker bus.		Able to be compared (to).	qualities	пример: слова нет в предложении
linux	B2	5576	Noun					Any unix-like operating system that uses the Linux kernel.		нет русского перевода в Wiktionary; пример: латиница в переводе; категория не определилась (не определилась)
flay	C2	32956	Verb	свежевать	сдирать шкуру	The bodies were found decapitated and with the skin flayed.	Обнаруженные тела были обезглавлены, и с них была содрана кожа.	To cause to fly; put to flight; drive off (by frightening).	travel	многозначное слово, подтвердить перевод нечем (2 разных этимологий)
medicare	C1	13117	Noun					The Canadian public health insurance system.	society	нет русского перевода в Wiktionary; пример: нет предложений в Tatoeba
convention	B1	3699	Noun	собрание	съезд; конвент; конгресс	The convention voted.	Собрание проголосовало.	A meeting or gathering.		категория не определилась (не определилась)
encoding	B2	5579	Noun	кодировка	набор символов; кодирование			The way in which symbols are mapped onto bytes, e.g. in the rendering of a particular font.		пример: длина английского предложения; категория не определилась (не определилась)
plot	B1	3700	Noun	сюжет	фабула	Your story has no plot.	В вашей истории нет сюжета.	The course of a story, comprising a series of incidents which are gradually unfolded, sometimes by unexpected means.		категория не определилась (не определилась)
unbelievable	B2	5580	Adjective		incredible → невероятный; implausible → неправдоподобный	She is unbelievable.	Она невероятная.	Not to be believed.	qualities	перевод не привязывается к значению — риск взять чужое
vow	C1	13123	Noun	обет	клятва; присяга; зарок	Tom took a vow of silence.	Том дал обет молчания.	A solemn promise to perform some act, or behave in a specified manner.		категория не определилась (не определилась)
laminate	C2	32961	Verb	ламинировать		Laminate is cheaper than parquet flooring.	Ламинат дешевле паркета.	To assemble from thin sheets glued together to make a thicker sheet.	actions	многозначное слово, подтвердить перевод нечем (части речи: Verb/Noun/Adjective)
bender	C1	13124	Noun		device to help bending → трубогиб/трубогибочный станок; slang: bout of heavy drinking → попойка/пьянка	Tom is on a bender.	Том в запое.	One who, or that which, bends.	people	перевод не привязывается к значению — риск взять чужое
removal	B2	5583	Noun	удаление				The process of removing or the fact of being removed.	actions	пример: слова нет в предложении
leone	C1	13127	Noun					A unit of currency of Sierra Leone, divided into 100 cents.		нет русского перевода в Wiktionary; пример: слова нет в предложении; категория не определилась (не определилась)
cam	B1	3705	Noun	эксцентрик	кулачок	She asked me if I have a web cam.	Она спросила, есть ли у меня веб-камера.	A turning or sliding piece which imparts motion to a rod, lever or block brought into sliding or rolling contact with it. A curved wedge.	objects	многозначное слово, подтвердить перевод нечем (3 разных этимологий; части речи: Noun/Verb/Adverb)
replacement	B1	3706	Noun	замена	замещение			A person or thing that takes the place of another; a substitute.	people	пример: слова нет в предложении
salvage	C1	13129	Noun	спасение	спасание	The only way to salvage the situation, he said, was to reduce the birth rate.	Единственный путь к спасению, по его словам, состоит в уменьшении рождаемости.	The rescue of a ship, its crew and passengers or its cargo from a hazardous situation.		категория не определилась (не определилась)
cape	B1	3708	Noun	мыс	нос	Who is the woman in the brown cape?	Кто та женщина в коричневой накидке?	A piece or point of land, extending beyond the adjacent coast into a sea or lake; a promontory; a headland.	nature	пример иллюстрирует другое значение (2 разных этимологий)
domination	C1	13131	Noun	господство	преобладание			Control by means of superior ability, influence, position, or resources; prevailing force.		пример: слова нет в предложении; категория не определилась (не определилась)
transaction	B2	5587	Noun	сделка		Do you wish to make any other transaction?	Желаете совершить другую транзакцию?	The act of conducting or carrying out (business, negotiations, plans).	actions	перевод примера относится к другому значению
dixie	C1	13132	Noun	котелок				A large iron pot, used in the army.		пример: нет предложений в Tatoeba; категория не определилась (не определилась)
multiplicity	C2	32968	Noun					The state of being made of multiple diverse elements.	objects	нет русского перевода в Wiktionary; пример: слова нет в предложении
leo	B1	3711	Noun					A fairy chess piece which moves analogously to the xiangqi cannon and queen.	objects	нет русского перевода в Wiktionary; пример: Tatoeba недоступна (offline: нет в кэше)
thigh	C1	13133	Noun	бедро	ляжка	She has a tattoo of a lizard on her thigh.	У неё есть татуировка в виде ящерицы на бедре.	The upper leg of a human, between the hip and the knee.		категория не определилась (не определилась)
billabong	C2	32972	Noun					An anabranch, backwater or oxbow lake that is temporarily cut off from the main river.	nature	нет русского перевода в Wiktionary; пример: Tatoeba недоступна (offline: нет в кэше)
clip	B1	3713	Verb	зажимать	закреплять; зажать; закрепить	Clip your nails.	Остриги ногти.	To grip tightly.	actions	многозначное слово, подтвердить перевод нечем (2 разных этимологий)
aspect	B2	5592	Noun	аспект	вид	We must consider every aspect of the problem.	Мы должны рассмотреть все аспекты проблемы.	Any specific feature, part, or element of something.		категория не определилась (не определилась)
heartbroken	C1	13135	Adjective			I'm heartbroken.	У меня разбито сердце.	Suffering from grief, especially after a failed romance.	qualities	нет русского перевода в Wiktionary
context	B1	3716	Noun	контекст	обстановка; ситуация	Context is king.	Контекст решает всё.	The surroundings, circumstances, environment, background or settings that determine, specify.		категория не определилась (не определилась)
lip	B2	5595	Noun	губа	уста	I read lips.	Я читаю по губам.	Either of the two fleshy protrusions around the opening of the mouth.		категория не определилась (не определилась)
informational	B2	5596	Adjective	информационный		The subway map was quite informational, allowing us to determine the most efficient route to our destination.		Designed to or able to impart information; possessing information.	qualities	пример: слова нет в предложении
cookies	B1	3718	Noun			I love cookies.	Я обожаю печенье.	Referring to a steal in basketball. Rarely used in the singular (most commonly, even when referring to a single steal, one simply exclaims.		нет русского перевода в Wiktionary; категория не определилась (не определилась)
elderman	B2	5598	Noun					A male elder (leader of tribe or community).	society	нет русского перевода в Wiktionary; пример: нет предложений в Tatoeba
prepayment	C2	32976	Noun	предоплата	аванс			A payment in advance.	money	пример: слова нет в предложении
crescent	C1	13142	Noun	полумесяц		There are some interesting coconut trees around the crescent-shaped lake.	Вокруг серповидного озера растут интересные кокосовые пальмы.	The figure of the moon as it appears between its first or last quarter and the new moon.		многозначное слово, подтвердить перевод нечем (части речи: Noun/Adjective/Verb); категория не определилась (не определилась)
lion	B1	3720	Noun	лев	львица	I'm a lion.	Я лев.	A big cat, Panthera leo, native to Africa, India and formerly much of Europe.		категория не определилась (не определилась)
kinda	B1	3721	Adverb			He's kinda cute.	А он ничего так.	Kind of; somewhat.	qualities	нет русского перевода в Wiktionary
panties	B2	5604	Noun	трусики	трусы	Take your panties off.	Сними свои трусики.	Underpants for women and girls.		категория не определилась (не определилась)
stagger	C2	32980	Noun	шатание		He’s staggering.	Он идёт шатаясь.	An unsteady movement of the body in walking or standing as if one were about to fall; a reeling motion.	actions	многозначное слово, подтвердить перевод нечем (2 разных этимологий)
medal	B2	5605	Noun	медаль		He won a medal.	Он завоевал медаль.	A stamped metal disc used as a personal ornament, a charm, or a religious object.		категория не определилась (не определилась)
flux	C1	13146	Noun		state of ongoing change → изменчивость/постоянное движение/разнообразие; chemical agent for cleaning metal prior  → флюс; rate of transfer of energy (''electric f → поток	Everything is in flux.	Всё течёт.	The act of flowing; a continuous moving on or passing by, as of a flowing stream.	actions	перевод не привязывается к значению — риск взять чужое
sucky	C2	32981	Adjective			What a sucky day!	Какой скверный день!	Suitable for sucking.	qualities	нет русского перевода в Wiktionary
keychain	C2	32982	Noun	брелок	цепочка			A chain or ring to which a key may be attached.		пример: нет предложений в Tatoeba; категория не определилась (не определилась)
robot	B1	3725	Noun		intelligent mechanical being → робот; person who does not seem to have any emo → робот; machine to perform complex tasks → робот	It's a robot.	Это робот.	A system of serfdom used in Central Europe, under which a tenant's rent was paid in forced labour.		перевод не привязывается к значению — риск взять чужое; категория не определилась (не определилась)
adopted	B1	3726	Adjective			I was adopted.	Меня усыновили.	Having been received into a relationship (especially a filial relationship) through adoption; adoptive.	qualities	нет русского перевода в Wiktionary
generator	B2	5612	Noun		apparatus: electrical generator → генератор; in programming → генератор	Do you have a generator?	У вас есть генератор?	One who, or that which, generates, begets, causes, or produces.	people	перевод не привязывается к значению — риск взять чужое
exorcist	C2	32984	Noun	экзорцист				A person, especially a priest or priestess, who is a practitioner in exorcism to force out evil spirits or demons from a living being.	people	пример: Tatoeba недоступна (offline: нет в кэше)
darkness	B1	3728	Noun	темнота	тьма; мрак; потёмки	Darkness is falling.	Опускается темнота.	The state of being dark; lack of light; the absolute or comparative absence of light.		категория не определилась (не определилась)
mandate	C1	13151	Noun	мандат	полномочие; поручение; распоряжение			An official or authoritative command; an order or injunction; a commission; a judicial precept; an authorization.		пример: не для детей [страны и национальности]: algeria; многозначное слово, подтвердить перевод нечем (3 разных этимологий); категория не определилась (не определилась)
tradition	B1	3732	Noun	традиция	предание			A part of culture that is passed from person to person or generation to generation, possibly differing in detail from family to family.		пример: не для детей (в переводе): ад; категория не определилась (не определилась)
transit	B2	5617	Noun	транзит	переход			The act of passing over, across, or through something.	actions	пример: не для детей (в переводе): ад
sapphire	C1	13155	Noun	сапфир		His eyes are like sapphires.	Его глаза словно сапфиры.	A clear deep blue variety of corundum, valued as a precious stone.		категория не определилась (не определилась)
westward	C2	32989	Adverb	к западу	на запад	ride westward.		Toward the west.	qualities	пример: не для детей (в переводе): ад; многозначное слово, подтвердить перевод нечем (части речи: Adjective/Adverb/Noun)
nancy	B1	3735	Noun			Nancy looks tired.	Нэнси выглядит уставшей.	An effeminate man, especially a homosexual.		нет русского перевода в Wiktionary (вынесен на отдельную страницу); категория не определилась (не определилась)
methyl	C1	13156	Noun	метил				The univalent hydrocarbon radical, CH3-, formally derived from methane by the loss of a hydrogen atom.		пример: нет предложений в Tatoeba; категория не определилась (не определилась)
siemens	B1	3736	Noun	сименс		Siemens. No family can do without us.	Сименс. Мы нужны каждой семье.	In the International System of Units, the derived unit of electrical conductance.		категория не определилась (не определилась)
orchestra	B2	5623	Noun	оркестр		The orchestra is playing.	Оркестр играет.	A large group of musicians who play together on various instruments, usually including some from strings, woodwind, brass and/or percussion.		категория не определилась (не определилась)
violent	B1	3737	Adjective	неистовый		Men are sometimes violent.	Мужчины иногда ведут себя агрессивно.	Involving extreme force or motion.	qualities	многозначное слово, подтвердить перевод нечем (части речи: Adjective/Verb/Noun)
bare	B2	5624	Adjective	едва достаточный		a bare majority		Minimal; that is or are just sufficient.	qualities	пример: слова нет в предложении; многозначное слово, подтвердить перевод нечем (3 разных этимологий; части речи: Adjective/Adverb/Noun/Verb)
broad	B1	3738	Adjective	в ширину		He has broad views.	У него широкий кругозор.	Wide in extent or scope.	qualities	многозначное слово, подтвердить перевод нечем (2 разных этимологий)
inspiration	B2	5626	Noun	вдыхание	вдох	I need inspiration.	Мне нужно вдохновение.	The drawing of air into the lungs, accomplished in mammals by elevation of the chest walls and flattening of the diaphragm.	home	перевод примера относится к другому значению
shaved	B2	5627	Adjective			I shaved.	Я побрился.	Having had a shave.	qualities	нет русского перевода в Wiktionary
ser	C1	13163	Noun					An old Indian unit of weight, equal to 80 tolas, or one fortieth of a maund.		нет русского перевода в Wiktionary; пример: латиница в переводе; категория не определилась (не определилась)
dev	B1	3742	Noun					A monster, dragon, serpent, or giant.		нет русского перевода в Wiktionary; пример: нет предложений в Tatoeba; категория не определилась (не определилась)
nina	B2	5628	Noun			Nina lives in Berlin.	Нина живёт в Берлине.	A hidden message revealed in the completed grid of a crossword.	communication	нет русского перевода в Wiktionary
dba	C1	13164	Noun			His company has done business under a succession of dbas because he can't settle on a good name.		An alias of a business entity.		нет русского перевода в Wiktionary; пример: нет предложений в Tatoeba; категория не определилась (не определилась)
bondage	B2	5629	Noun	рабство	неволя	He liberated the people from bondage.	Он освободил народ от оков.	The state of being enslaved or the practice of slavery.		категория не определилась (не определилась)
mitochondria	C2	32999	Noun			The mitochondria is the powerhouse of the cell.		Mitochondrion.		нет русского перевода в Wiktionary; пример: нет предложений в Tatoeba; категория не определилась (не определилась)
cousin	B1	3744	Noun	родственник	родственница	She's my cousin.	Это моя двоюродная сестра.	Chiefly with a qualifying word: Any relation.		перевод примера относится к другому значению; категория не определилась (не определилась)
rage	B2	5631	Noun	ярость	бешенство; гнев; неистовство	His rage was genuine.	Его ярость была неподдельной.	Violent uncontrolled anger.		категория не определилась (не определилась)
methodology	C1	13171	Noun	методология	методика	research methodology		The study of methods used in a field.	school	пример: длина английского предложения
origin	B1	3751	Noun	начало	источник; происхождение	place of origin		The beginning of something.		пример: слова нет в предложении; категория не определилась (не определилась)
didi	C1	13173	Noun					A respectful term of address to any familiar older woman.		нет русского перевода в Wiktionary; пример: нет предложений в Tatoeba; категория не определилась (не определилась)
toolbox	C1	13175	Noun	ящик для инструментов		This is my toolbox.	Это мой ящик с инструментами.	A storage case for tools.		категория не определилась (не определилась)
bethel	C2	33006	Noun					A holy place.		нет русского перевода в Wiktionary; пример: нет предложений в Tatoeba; категория не определилась (не определилась)
humor	B1	3759	Noun			Humor me.	Рассмеши меня.	US spelling of humour.		нет русского перевода в Wiktionary (вынесен на отдельную страницу); категория не определилась (не определилась)
flies	B2	5635	Noun			Flies fly.	Мухи летают.	The open area above a stage where scenery and equipment may be hung.	places	нет русского перевода в Wiktionary
frog	B2	5637	Noun		amphibian → лягушка/жаба; organ in a horse’s foot → стрелка; part of a railway → крестовина; derogatory: French person → лягушатник/жабоед; a fastener for clothing consisting of a  → петля	I'm a frog.	Я лягушка.	Any of a class of small tailless amphibians of the order Anura that typically hop.		перевод не привязывается к значению — риск взять чужое; категория не определилась (не определилась)
cdr	C1	13178	Noun					The second part of a cons in Lisp. The remainder of a list when the first element is removed.		нет русского перевода в Wiktionary; пример: нет предложений в Tatoeba; категория не определилась (не определилась)
amicus	C2	33009	Noun					Someone not a party to a case who submits a brief and/or presents oral argument in that case.	people	нет русского перевода в Wiktionary; пример: нет предложений в Tatoeba
pork	B2	5641	Noun	свинина		I eat pork.	Я ем свинину.	The meat of a pig.		категория не определилась (не определилась)
struggle	B1	3769	Noun	борьба	бой; битва	Life is struggle.	Жизнь — это борьба.	A contortion of the body in an attempt to escape or to perform a difficult task.		категория не определилась (не определилась)
default	B1	3772	Noun	дефолт	неплатёж	The default value is zero.	Значение по умолчанию - ноль.	The condition of failing to meet an obligation.		перевод примера относится к другому значению; категория не определилась (не определилась)
norma	C1	13187	Noun					A square for measuring right angles.		нет русского перевода в Wiktionary; пример: нет предложений в Tatoeba; категория не определилась (не определилась)
reptilian	C2	33015	Adjective					Of or relating to the members of the class Reptilia (reptiles).	qualities	нет русского перевода в Wiktionary (вынесен на отдельную страницу); пример: не для детей [страны и национальности]: russia
engage	B2	5645	Verb			I'm engaged.	Я помолвлена.	To interact socially. To engross or hold the attention of; to keep busy or occupied.	actions	нет русского перевода в Wiktionary
intriguing	C1	13188	Adjective	интригующий	увлекательный; занимательный; пленительный	That's intriguing.	Это интересно.	Causing a desire to know more; mysterious.	qualities	многозначное слово, подтвердить перевод нечем (части речи: Adjective/Verb/Noun)
warrant	B1	3777	Noun	ордер	полномочие; правомочие; мандат	We have a warrant.	У нас есть ордер.	Authorization or certification; a sanction, as given by a superior.		категория не определилась (не определилась)
trauma	B2	5647	Noun	травма	рана	mild trauma		Any injury to the body of a living thing.	health	пример: длина английского предложения
sergeant	B1	3778	Noun	сержант		Hold up there, sergeant.	Отставить, сержант.	A UK army rank with NATO code OR-6, senior to corporal and junior to warrant officer ranks.		категория не определилась (не определилась)
byte	B2	5648	Noun	байт	октет			A short sequence of bits (binary digits) that can be operated on as a unit by a computer; the smallest usable machine word.	tech	пример: длина английского предложения
ftp	B1	3779	Adjective					Free-to-play.	qualities	нет русского перевода в Wiktionary; пример: латиница в переводе
depiction	C2	33021	Noun	изображение				A lifelike image of something, either verbal or visual.		пример: слова нет в предложении; категория не определилась (не определилась)
embassy	B2	5650	Noun	посольство		This is the Tunisian embassy.	Это тунисское посольство.	The function or duty of an ambassador.		категория не определилась (не определилась)
purchaser	C1	13196	Noun	покупатель	покупательница			One who purchases.	people	пример: латиница в переводе
involvement	B2	5651	Noun	причастность	участие; замешанность			The act of involving, or the state of being involved.	actions	пример: слова нет в предложении
decent	B1	3782	Adjective	подходящий	приемлемый	The food was decent.	Еда была приличной.	Appropriate; suitable for the circumstances.	qualities	пример иллюстрирует другое значение (2 разных этимологий)
boogie	C1	13198	Noun	буги-вуги		Which are you better at, boogie-boarding or surfing?	Что ты умеешь лучше: бодибординг или сёрфинг?	A piece of solid or semisolid mucus in or removed from the nostril cavity.	objects	многозначное слово, подтвердить перевод нечем (2 разных этимологий)
operate	B1	3783	Verb	работать		We must operate immediately.	Мы должны срочно оперировать.	To perform a work or labour; to exert power or strength, physical or mechanical; to act.	actions	перевод примера относится к другому значению
armour	C1	13200	Noun			The knight's armour gleamed in the sun.	Доспехи рыцаря блестели на солнце.	British standard spelling of armor.		нет русского перевода в Wiktionary (вынесен на отдельную страницу); категория не определилась (не определилась)
unhinged	C2	33026	Adjective	свихнувшийся				Mentally ill or unstable; deranged; insane.	qualities	пример: нет предложений в Tatoeba; многозначное слово, подтвердить перевод нечем (2 разных этимологий)
cade	C2	33028	Adjective					Abandoned by its mother and reared by hand.	family	нет русского перевода в Wiktionary; пример: нет предложений в Tatoeba
threatening	B2	5657	Adjective	угрожающий		Never turn your back to someone who is displaying threatening behavior.		Presenting a threat, posing a likely risk of harm.	qualities	пример: слова нет в предложении; многозначное слово, подтвердить перевод нечем (2 разных этимологий; части речи: Verb/Adjective/Noun)
routine	B1	3789	Noun	рутина	распорядок; порядок; практика	It's routine procedure.	Это рутинная процедура.	A course of action to be followed regularly; a standard procedure.		категория не определилась (не определилась)
ratio	B2	5658	Noun	соотношение	отношение	The like to dislike ratio is about 4:1.	Соотношение лайков к дизлайкам примерно 4:1.	A number representing a comparison between two named things.		категория не определилась (не определилась)
hark	C2	33031	Verb	слушать	внимать			To listen attentively.	actions	пример: длина английского предложения
handicapped	C1	13206	Adjective	инвалид		He is mentally handicapped.	Он психически больной.	Having a handicap.	qualities	многозначное слово, подтвердить перевод нечем (части речи: Verb/Adjective/Noun)
geezer	C2	33033	Noun	мужик	парень; малый; чувак			A male person.		пример: нет предложений в Tatoeba; многозначное слово, подтвердить перевод нечем (2 разных этимологий); категория не определилась (не определилась)
array	B2	5663	Noun	убор	наряд; одеяние	She dated an endless array of bad boys.	Она встречалась с бесконечным множеством плохих парней.	Clothing and ornamentation; raiment.	clothes	перевод примера относится к другому значению
albie	C2	33035	Noun					A false albacore.		нет русского перевода в Wiktionary; пример: нет предложений в Tatoeba; категория не определилась (не определилась)
sighing	B1	3794	Adjective			Mary's sighing.	Мэри вздыхает.	Accompanied by or uttered with a sigh.	qualities	нет русского перевода в Wiktionary
hydraulic	C1	13212	Adjective	гидравлический				Pertaining to water.	qualities	пример: нет предложений в Tatoeba
sewerage	C2	33037	Noun	канализация				A network of sewer pipes that geographically transfers wastewater; a sewer system.		пример: нет предложений в Tatoeba; категория не определилась (не определилась)
attractive	B1	3796	Adjective	притягательный		I’m attractive.	Я привлекательный.	Causing attraction; having the quality of attracting by inherent force.	qualities	перевод примера относится к другому значению
accuracy	B2	5669	Noun	точность		Accuracy is important in arithmetic.	В арифметике важна точность.	The state of being accurate; being free from error; exactness; correctness.		категория не определилась (не определилась)
ber	C2	33038	Noun					A fruit-bearing tree (Ziziphus mauritiana); Indian jujube.	nature	нет русского перевода в Wiktionary; пример: нет предложений в Tatoeba
temperate	C2	33041	Adjective	умеренный		temperate heat		Moderate; not excessive.	qualities	пример: слова нет в предложении
boom	B1	3803	Verb	рокотать	грохотать; громыхать; гудеть	The small car boom is ending.	Мода на маленькие машины проходит.	To make a loud, hollow, resonant sound.	actions	многозначное слово, подтвердить перевод нечем (2 разных этимологий)
nut	B2	5677	Noun	орех		He eats nuts.	Он ест орехи.	Any of various hard-shelled seeds or hard, dry fruits from various families of plants.		категория не определилась (не определилась)
bittersweet	C2	33043	Adjective	горько-сладкий		bittersweet chocolate		Both bitter and sweet.	qualities	пример: длина английского предложения
appearance	B1	3804	Noun	появление		Appearances deceive.	Внешность обманчива.	The act of appearing or coming into sight; the act of becoming visible to the eye.	actions	перевод примера относится к другому значению
cord	B2	5680	Noun	шнур	верёвка	He caught the cord.	Он поймал шнур.	A long, thin, flexible length of twisted yarns (strands) of fibre (a rope, for example).		категория не определилась (не определилась)
intron	C2	33046	Noun	интрон				A portion of a split gene that is included in pre-RNA transcripts but is removed during RNA processing and rapidly degraded.		пример: нет предложений в Tatoeba; категория не определилась (не определилась)
establishment	B2	5687	Noun	основание	установление; истеблишмент	Since their establishment of the company in 1984, they have grown into a global business.		The act or process of establishing; a ratifying or ordaining; settlement; confirmation.		пример: слова нет в предложении; категория не определилась (не определилась)
strict	B2	5688	Adjective	напряжённый		I'm strict.	Я строг.	Strained; drawn close; tight.	qualities	перевод примера относится к другому значению
nirvana	C1	13225	Noun	нирвана				Complete cessation of dukkha; a blissful state attained through realization of sunyata; enlightened experience.		пример: нет предложений в Tatoeba; категория не определилась (не определилась)
uncovered	C1	13226	Adjective	неприкрытый		The police have uncovered new evidence related to the case.	Полиция обнаружила новые улики, имеющие отношение к делу.	Not covered or protected from the weather, etc.	weather	многозначное слово, подтвердить перевод нечем (2 разных этимологий)
impregnable	C2	33051	Adjective	неприступный				Of a fortress or other fortified place: able to withstand all attacks; impenetrable, inconquerable, unvanquishable.	qualities	пример: нет предложений в Tatoeba; многозначное слово, подтвердить перевод нечем (2 разных этимологий)
celebrity	B1	3815	Noun		famous person → знаменитость/селебрити/селеба; fame → знаменитость/известность/слава	Celebrities are everywhere.	Знаменитости повсюду.	A rite or ceremony.		перевод не привязывается к значению — риск взять чужое; категория не определилась (не определилась)
lifespan	C2	33052	Noun	продолжительность жизни		The lifespan of a butterfly is three days.	Продолжительность жизни бабочки составляет три дня.	The length of time for which an organism lives.		категория не определилась (не определилась)
refuse	B1	3816	Noun	отбросы	отходы; мусор	I refuse.	Я отказываюсь.	Collectively, items or material that have been discarded; rubbish, garbage.	objects	многозначное слово, подтвердить перевод нечем (3 разных этимологий; части речи: Adjective/Noun/Verb)
thanksgiving	B2	5694	Noun	благодарение				The expression of gratitude.		пример: слово в примере — имя собственное; категория не определилась (не определилась)
unlike	B1	3818	Adjective	в отличие от		The brothers are quite unlike each other.		Not like; dissimilar (to); having no resemblance; unalike.	qualities	перевод есть только для другой части речи (Preposition вместо Adjective); пример: слова нет в предложении; многозначное слово, подтвердить перевод нечем (2 разных этимологий; части речи: Adjective/Noun/Verb)
shi	C1	13229	Noun					Apocopic form of shit.		нет русского перевода в Wiktionary; пример: длина английского предложения; категория не определилась (не определилась)
livecam	B1	3820	Noun					A webcam used for livestreaming.	objects	нет русского перевода в Wiktionary; пример: нет предложений в Tatoeba
kudo	C2	33055	Noun					A compliment or praise.		нет русского перевода в Wiktionary (вынесен на отдельную страницу); пример: слово в примере — имя собственное; категория не определилась (не определилась)
booty	B2	5698	Noun		plunder → трофей/добыча/награбленное; The buttocks → задница/попа			A form of prize which, when a ship was captured at sea, could be distributed at once.	nature	перевод не привязывается к значению — риск взять чужое; пример: не для детей (в переводе): вор
hereto	C2	33056	Adverb					To here; to this.	qualities	нет русского перевода в Wiktionary (вынесен на отдельную страницу); пример: нет предложений в Tatoeba
pearl	B1	3823	Noun	жемчуг	жемчужина; перл; бисер	Mary's brother found a pearl.	Брат Мэри нашёл жемчужину.	A shelly concretion, usually rounded, and having a brilliant luster, with varying tints, found in the mantle.		категория не определилась (не определилась)
pneumonia	C1	13233	Noun	пневмония	воспаление лёгких; лёгочное заболевание	I have pneumonia.	У меня пневмония.	Inflammation of the lungs caused by viruses, bacteria or other infectious microorganisms.		категория не определилась (не определилась)
medevac	C2	33058	Noun					The emergency transportation, usually by air, of patients to a medical facility.	health	нет русского перевода в Wiktionary; пример: нет предложений в Tatoeba
sweetie	B2	5705	Noun			I want a sweetie.	Хочу конфету.	A person who is much loved.	people	нет русского перевода в Wiktionary (вынесен на отдельную страницу)
roost	C2	33062	Noun	насест		The chickens have come home to roost.	Как аукнулось, так и откликнулось.	The place where a bird sleeps (usually its nest or a branch).	places	многозначное слово, подтвердить перевод нечем (3 разных этимологий)
untitled	B2	5709	Adjective	безымянный	неозаглавленный	an untitled book		Having no title.	qualities	пример: нет предложений в Tatoeba
expansion	B2	5712	Noun	расширение	экспансия	The expansion of the universe is speeding up.	Расширение Вселенной ускоряется.	An act, process, or instance of expanding.		категория не определилась (не определилась)
literacy	C1	13242	Noun	грамотность		Many new teachers feel ill-prepared to teach basic literacy and numeracy.	Многие новые учителя ощущают себя слабо подготовленными к преподаванию основ грамоты и счёта.	The ability to read and write.		категория не определилась (не определилась)
hopefully	B1	3836	Adverb	надежда				In a hopeful manner.	qualities	пример: слова нет в предложении
betrayal	C1	13244	Noun					The act of betraying.	actions	нет русского перевода в Wiktionary (вынесен на отдельную страницу); пример: слова нет в предложении
koji	C2	33068	Noun			Koji was caught in a shower on his way home.	По пути домой Кодзи попал под дождь.	A substance that is produced by letting a mold, especially Aspergillus oryzae, grow on rice, barley, soybeans, etc.	objects	нет русского перевода в Wiktionary
collar	B2	5717	Noun	воротник	ворот	That's a collar.	Это ошейник.	Clothes that encircle the neck. The part of an upper garment (shirt, jacket, etc.) that fits around the neck and throat.	clothes	перевод примера относится к другому значению
gala	C1	13245	Adjective	праздничный	торжественный; парадный			Celebratory; festive.	qualities	пример: нет предложений в Tatoeba; многозначное слово, подтвердить перевод нечем (2 разных этимологий)
harper	B2	5718	Noun					A harpist, especially one who plays a traditional harp without pedals.	people	нет русского перевода в Wiktionary; пример: нет предложений в Tatoeba
gentleman	B1	3843	Noun	господин	сударь; уважаемый	I know the gentleman.	Я знаю этого господина.	Any well-bred, well-mannered, or charming man.		категория не определилась (не определилась)
subsection	C1	13248	Noun	подсекция	подраздел			A defined part of a section.		пример: нет предложений в Tatoeba; категория не определилась (не определилась)
insistence	C2	33071	Noun	настойчивость				The state of being insistent.		пример: слова нет в предложении; категория не определилась (не определилась)
mercy	B1	3844	Noun	милосердие	пощада; милость	Be mercy.	Будьте снисходительны.	Relenting; forbearance to cause or allow harm to another.		категория не определилась (не определилась)
swerve	C2	33072	Verb	блуждать				To stray; to wander; to rove.	actions	пример: не для детей [болезни и травмы]: crash
dozen	B1	3850	Noun	дюжина		I have a dozen cats.	У меня дюжина кошек.	A set of twelve.		категория не определилась (не определилась)
jill	B2	5723	Verb			Jill is smart as well as pretty.	Джилл умна, а также красива.	To masturbate.	actions	нет русского перевода в Wiktionary
intrusion	C1	13253	Noun	вторжение		Forgive the intrusion.	Извините за вторжение.	The forcible inclusion or entry of an external group or individual; the act of intruding.		категория не определилась (не определилась)
bow	B1	3852	Noun	лук		This is a bow.	Это лук.	A weapon made of a curved piece of wood or other flexible material whose ends are connected by a string, used for shooting arrows.	objects	многозначное слово, подтвердить перевод нечем (7 разных этимологий)
circuit	B1	3853	Noun	кругооборот	цикл; вращение; объект	The short circuit blew a fuse.	От короткого замыкания перегорел предохранитель.	The act of moving or revolving around, or as in a circle or orbit; a revolution.	actions	многозначное слово, подтвердить перевод нечем (2 разных этимологий)
squad	B1	3855	Noun	группа	команда; бригада	He assembled a squad of ten to take on the assassin.		A group of people organized for some common purpose, usually of about ten members.	society	пример: длина английского предложения; многозначное слово, подтвердить перевод нечем (2 разных этимологий)
detonate	C1	13259	Verb	взрываться	взорваться			To explode, blow up.	actions	пример: не для детей [насилие и смерть]: suicide
leisure	B2	5729	Noun	досуг		He did it at his leisure.	Он делал это на досуге.	Freedom provided by the cessation of activities.		категория не определилась (не определилась)
topology	C1	13263	Noun	топология				The branch of mathematics dealing with those properties of a geometrical object.		пример: нет предложений в Tatoeba; категория не определилась (не определилась)
waugh	C2	33080	Adjective					Insipid; tasteless.	qualities	нет русского перевода в Wiktionary; пример: нет предложений в Tatoeba
admission	B2	5732	Noun	приём		Admission is free.	Вход свободный.	The act or practice of admitting.		категория не определилась (не определилась)
barret	C2	33081	Noun					A kind of fitted cap worn by medieval soldiers.		нет русского перевода в Wiktionary; пример: нет предложений в Tatoeba; категория не определилась (не определилась)
publishing	B1	3862	Noun			Publishing houses publish books.	Издательства публикуют книги.	The industry of publishing, including the production and distribution of books, magazines, web sites, newspapers, etc.		нет русского перевода в Wiktionary; категория не определилась (не определилась)
intent	B2	5734	Noun	намерение				Something that is intended.		пример: слова нет в предложении; категория не определилась (не определилась)
complicit	C2	33082	Adjective	замешанный	соучастник; причастный			Associated with or participating in an activity, especially one of a questionable nature.	qualities	пример: нет предложений в Tatoeba
perspective	B1	3863	Noun	перспектива	вид; обзор; ракурс	Tom has no perspective.	У Тома нет никаких перспектив.	A view, vista or outlook.		категория не определилась (не определилась)
respective	B2	5735	Adjective	соответствующий		They returned to their respective places of abode.		Relating to particular persons or things, each to each; particular; own.	qualities	пример: слова нет в предложении
hao	C2	33083	Noun					A former currency unit of Vietnam, worth one tenth of a dong.		нет русского перевода в Wiktionary; пример: нет предложений в Tatoeba; категория не определилась (не определилась)
jewellery	B2	5739	Noun	украшения	ювелирные изделия; драгоценности; бижутерия	She wears a lot of jewellery.	Она носит много украшений.	Collectively, personal ornamentation such as rings, necklaces, brooches and bracelets.		категория не определилась (не определилась)
opener	C1	13269	Noun	открывалка	открывашка			A person who opens something.	people	пример: слова нет в предложении; многозначное слово, подтвердить перевод нечем (2 разных этимологий)
sum	B1	3869	Noun	сумма		A thousand dollars is a large sum.	Тысяча долларов — это большая сумма.	A quantity obtained by addition or aggregation.		категория не определилась (не определилась)
petite	C1	13270	Adjective	миниатюрный				Fairly short and of slim build.	qualities	пример: слова нет в предложении
atonement	C2	33086	Noun	примирение				Making amends to restore a damaged relationship; expiation.		пример: длина английского предложения; категория не определилась (не определилась)
needham	C2	33087	Noun					A dessert bar made from sugar, chocolate, coconut, and potato, chiefly made and consumed in Maine in the US.	objects	нет русского перевода в Wiktionary; пример: нет предложений в Tatoeba
execution	B1	3872	Noun	исполнение	техника			The act, manner or style of executing (actions, maneuvers, performances).		пример: слова нет в предложении; категория не определилась (не определилась)
gump	C2	33088	Noun					A foolish person.		нет русского перевода в Wiktionary; пример: нет предложений в Tatoeba; категория не определилась (не определилась)
frequency	B1	3873	Noun	частота		We can finetune the frequency.	Мы можем подстроить частоту.	The rate of occurrence of anything; the relationship between incidence and time period.		категория не определилась (не определилась)
dot	B1	3874	Noun	точка		The remains of human cities dot the Earth.	Остатки человеческих городов усеивают Землю.	A small, round spot.		многозначное слово, подтвердить перевод нечем (2 разных этимологий); категория не определилась (не определилась)
lit	B2	5747	Adjective	освещённый		She lit a fire.	Она разожгла огонь.	Illuminated.	qualities	многозначное слово, подтвердить перевод нечем (5 разных этимологий; части речи: Verb/Adjective/Noun)
wordnet	C2	33093	Noun					A semantically structured lexical database.		нет русского перевода в Wiktionary; пример: нет предложений в Tatoeba; категория не определилась (не определилась)
scoundrel	B2	5749	Noun	негодяй	негодяйка; мерзавец; мерзавка	He is a scoundrel.	Он негодяй.	A mean, worthless fellow; a rascal; a villain; a person without honor or virtue.		категория не определилась (не определилась)
pepperoni	C2	33095	Noun			My favorite pizza is pepperoni pizza.	Пепперони — моя любимая пицца.	A spicy salami-style Italian-American sausage made from cured pork and beef seasoned with pepper.	objects	нет русского перевода в Wiktionary
goat	B2	5751	Noun	коза	козёл	I'm a goat.	Я коза.	Any ruminant of the genus Capra. The meat of these animals.		категория не определилась (не определилась)
retail	B1	3886	Noun	розница	розничная продажа; розничная торговля	The new model will retail for 30,000 yen.	Новая модель будет продаваться по розничной цене в 30 000 иен.	The sale of goods directly to the consumer, encompassing the storefronts, mail-order, websites, etc., and the corporate mechanisms.		категория не определилась (не определилась)
scenario	B2	5752	Noun	сценарий		That scenario is unlikely.	Такой сценарий маловероятен.	An outline or model of an expected or supposed sequence of events.		категория не определилась (не определилась)
pawn	C1	13284	Noun		(rare) type of shop → ломбард; chess piece → пешка; someone who is being manipulated → пешка	He had to pawn his watch.	Ему пришлось заложить свои часы.	The state of being held as security for a loan, or as a pledge.		перевод не привязывается к значению — риск взять чужое; категория не определилась (не определилась)
magnate	C2	33099	Noun			I have decided to become an oil magnate, after spending quite some time reading the dictionary definition of the word magnate.		Powerful industrialist; captain of industry.		нет русского перевода в Wiktionary; пример: нет предложений в Tatoeba; категория не определилась (не определилась)
retreat	B2	5753	Noun	отступление	вывод	We must retreat.	Мы должны отступить.	The act of pulling back or withdrawing, as from something dangerous, or unpleasant.	actions	многозначное слово, подтвердить перевод нечем (2 разных этимологий)
captive	C1	13285	Noun	пленный	пленный; пленник; пленница			One who has been captured or is otherwise confined.	people	пример: слова нет в предложении; многозначное слово, подтвердить перевод нечем (части речи: Noun/Adjective/Verb)
conquest	C1	13286	Noun	завоевание		They extended their territory by conquest.	Они расширили свою территорию путём завоеваний.	An act or instance of achieving victory through combat; the subjugation of an enemy.		категория не определилась (не определилась)
retirement	B1	3891	Noun	отставка	уход на пенсию			An act of retiring; withdrawal.	actions	пример: слова нет в предложении
deli	C1	13287	Noun	гастроном	деликатес	Delis usually offer a broader, fresher menu than fast food chains.		A shop that sells cooked or prepared food ready for serving.	food	пример: нет предложений в Tatoeba
blown	B2	5757	Adjective			A fuse has blown.	Взорвался запал.	Distended, swollen, or inflated.	qualities	нет русского перевода в Wiktionary
reggae	C1	13289	Noun	регги	рэгги			A music genre that originated in Jamaica in the late 1960s and is heavily associated with Rastafarianism.	art	пример: Tatoeba недоступна (offline: нет в кэше)
mongo	C2	33104	Noun					Still-usable things salvaged (by sanmen) from garbage.		нет русского перевода в Wiktionary; пример: нет предложений в Tatoeba; категория не определилась (не определилась)
deposit	B1	3894	Noun	месторождение	залежь; осадок; отложение	A deposit has been paid.	Первый взнос уже внесён.	Sediment or rock that is not native to its present location or is different from the surrounding material. Sometimes refers to ore or gems.	nature	перевод примера относится к другому значению
criteria	B2	5758	Noun			What criteria do you use in deciding who to vote for?	По каким критериям вы определяете, за кого голосовать?	A single criterion.		нет русского перевода в Wiktionary; категория не определилась (не определилась)
knight	B1	3895	Noun		warrior, especially of the Middle Ages → рыцарь/витязь/богатырь; person on whom a knighthood has been con → рыцарь; chess piece → конь/лошадь	The knight woke up and saw her.	Рыцарь проснулся и увидел её.	A young servant or follower; a trained military attendant in service of a lord.		перевод не привязывается к значению — риск взять чужое; категория не определилась (не определилась)
stats	B2	5760	Noun			Check out these stats.	Взгляните на эту статистику.	Attributes of a unit in a game.		нет русского перевода в Wiktionary; категория не определилась (не определилась)
likelihood	C1	13291	Noun	вероятность		In all likelihood it won't snow today.	По всей вероятности, снега сегодня не будет.	The probability of a specified outcome; the chance of something happening; probability; the state or degree of being probable.		категория не определилась (не определилась)
les	B1	3896	Verb					Pronunciation spelling of let's.	actions	нет русского перевода в Wiktionary; пример: длина английского предложения
canyon	B2	5763	Noun	каньон				A valley, especially a long, narrow, steep valley, cut in rock by a river.	nature	пример: длина английского предложения
harris	B1	3898	Noun			I'd rather stay in with some harris than go to the pub after work tonight.		A dried preparation of the flowering tops or other parts of the cannabis plant used as a psychotropic drug.	nature	нет русского перевода в Wiktionary; пример: слова нет в предложении
pond	B2	5765	Noun	пруд	водоём; озерцо	The pond is frozen.	Пруд замёрз.	An inland body of standing water, either natural or man-made, that is smaller than a lake.		категория не определилась (не определилась)
secretion	C2	33110	Noun	выделение	секреция			Any substance that is secreted by an organism.	objects	пример: слова нет в предложении; многозначное слово, подтвердить перевод нечем (2 разных этимологий)
beef	B1	3899	Noun	говядина	телятина	I love beef.	Я люблю говядину.	The meat from cattle or other bovines; especially, that from adults.		категория не определилась (не определилась)
zipper	C1	13296	Noun			My zipper got stuck.	У меня молнию заело.	A zip fastener.		нет русского перевода в Wiktionary (вынесен на отдельную страницу); категория не определилась (не определилась)
topography	C2	33111	Noun	топография	рельеф			A precise description of a place.		пример: не для детей (в переводе): рай; категория не определилась (не определилась)
detained	C1	13297	Adjective			The detained train finally arrived hours late.		Delayed or held back; kept from proceeding.	qualities	нет русского перевода в Wiktionary; пример: не для детей (в переводе): ад
dressage	C2	33112	Noun	объездка	дрессура			The schooling of a horse.		пример: нет предложений в Tatoeba; категория не определилась (не определилась)
spa	B1	3901	Noun	спа	онсэн; лечебный источник; баня			A health resort near a mineral spring or hot spring.	nature	пример: нет предложений в Tatoeba; многозначное слово, подтвердить перевод нечем (2 разных этимологий)
crush	B2	5771	Noun	раздавливание		I crushed the can.	Я раздавил банку.	A violent collision or compression; a crash; destruction; ruin.		категория не определилась (не определилась)
maxim	C1	13298	Noun	максима	изречение; сентенция			A self-evident axiom or premise; a pithy expression of a general principle or rule.		пример: длина английского предложения; многозначное слово, подтвердить перевод нечем (2 разных этимологий); категория не определилась (не определилась)
valentine	B1	3902	Noun	валентинка		Such an extravagant valentine was unexpected.		An expression of affection, especially romantic affection, usually in the form of greeting card, gift.	communication	пример: слова нет в предложении
profitability	C1	13299	Noun	прибыльность	рентабельность; доходность	improve profitability		The state or quality of being profitable; capacity to make a profit.	money	пример: слова нет в предложении
emma	B1	3904	Noun			Emma is a Belgian citizen.	Эмма - гражданка Бельгии.	M in RAF phonetic alphabet.		нет русского перевода в Wiktionary; категория не определилась (не определилась)
wendy	B2	5773	Noun			Wendy, I'd like you to meet my brother Sam.	Венди, я бы хотел познакомить тебя с моим братом Сэмом.	A wuss; someone who is particularly cowardly.	people	нет русского перевода в Wiktionary
gunfire	C1	13300	Noun	стрельба	огонь	We heard gunfire.	Мы слышали стрельбу.	Shots from a gun or guns, typically creating loud report.		категория не определилась (не определилась)
severe	B1	3905	Adjective	суровый	тяжёлый			Very bad or intense.	qualities	пример: слова нет в предложении
phylogenetic	C2	33116	Adjective					Of, or relating to phylogeny or phylogenetics.	qualities	нет русского перевода в Wiktionary; пример: нет предложений в Tatoeba
asp	B1	3906	Noun		''Vipera aspis'' → асписовая гадюка; fish ''Aspius aspius'' → жерех			A water snake.		перевод не привязывается к значению — риск взять чужое; пример: нет предложений в Tatoeba; категория не определилась (не определилась)
ham	B2	5776	Noun	бедро	ляжка	I like ham.	Я люблю ветчину.	The region back of the knee joint; the popliteal space; the hock.	places	пример иллюстрирует другое значение (3 разных этимологий)
northwest	B2	5777	Noun	северо-запад	норд-вест			The intercardinal compass point halfway between west and north; specifically at a bearing of 315°.		пример: не для детей (в переводе): ад; многозначное слово, подтвердить перевод нечем (части речи: Noun/Adjective/Adverb); категория не определилась (не определилась)
avatar	B2	5778	Noun	аватара	аватар; воплощение	Change your avatar.	Поменяй аватарку.	An incarnation of a deity, particularly Vishnu.		категория не определилась (не определилась)
sharky	C2	33120	Adjective					Resembling or characteristic of a shark.	qualities	нет русского перевода в Wiktionary; пример: нет предложений в Tatoeba
defendant	B1	3910	Noun	обвиняемый	обвиняемая; ответчик; ответчица			In civil proceedings, the party responding to the complaint.		пример: слова нет в предложении; многозначное слово, подтвердить перевод нечем (2 разных этимологий); категория не определилась (не определилась)
nah	B2	5781	Interjection	нет		Nah, take this.		Here! (when giving something).	communication	пример: длина английского предложения; многозначное слово, подтвердить перевод нечем (2 разных этимологий)
borough	C1	13306	Noun	город	имеющий самоуправление			A town having a municipal corporation and certain traditional rights.	city	пример: не для детей (в переводе): рай
atlantic	B1	3911	Adjective					Of or pertaining to the atlas, the uppermost vertebra in the spinal columns of humans and some other animals.	animals	нет русского перевода в Wiktionary; пример: слово в примере — имя собственное
mickey	B2	5784	Noun			Mickey Mouse is a mouse.	Микки Маус – мышь.	The smallest distance that a computer mouse can move a cursor on a screen, which is used to measure the device's resolution or sensitivity.	tech	нет русского перевода в Wiktionary (вынесен на отдельную страницу)
sycamore	C2	33122	Noun	платан	чинар	The road was flanked by century-old sycamore trees.	Дорога была окаймлена столетними платанами.	Any of several North American plane trees, of the genus Platanus, especially Platanus occidentalis (American sycamore).		категория не определилась (не определилась)
cooper	B1	3912	Noun	бондарь	бондарь; бочар			A craftsman who makes and repairs barrels and similar wooden vessels such as casks, buckets and tubs.		пример: слова нет в предложении; многозначное слово, подтвердить перевод нечем (2 разных этимологий); категория не определилась (не определилась)
stockade	C2	33123	Noun	частокол	палисад			An enclosure protected by a wall of wooden posts.	home	пример: нет предложений в Tatoeba
partial	B2	5788	Adjective	частичный		I was partial.	Я была предвзята.	Existing as a part or portion; incomplete.	qualities	пример иллюстрирует другое значение (части речи: Adjective/Noun/Verb)
claire	B1	3915	Noun					A small enclosed pond used for gathering and greening oysters.	objects	нет русского перевода в Wiktionary; пример: не для детей (в переводе): раб
papa	B1	3916	Noun			My papa said no.	Папа сказал нет.	Dad, daddy, father; a familiar or old-fashioned term of address to one's father.	family	нет русского перевода в Wiktionary (вынесен на отдельную страницу)
sponsor	B1	3917	Noun	поручитель	поручительница; покровитель; покровительница	And now a word from our sponsor.	А теперь слово от нашего спонсора.	A person or organization with some sort of responsibility for another person or organization.	people	перевод примера относится к другому значению
newsgroup	C1	13314	Noun	группа новостей	ньюсгруп; ньюсгруппа			A repository on a computer network where people can post messages, usually about a single subject.	tech	пример: нет предложений в Tatoeba
assault	B1	3918	Noun	штурм	нападение; атака	The assault will start tomorrow.	Штурм начнётся завтра.	A violent onset or attack with physical means, for example blows, weapons, etc.		категория не определилась (не определилась)
drifter	C2	33128	Noun			Tom is a drifter.	Том бродяга.	A person who moves from place to place or job to job.	people	нет русского перевода в Wiktionary
headquarters	B1	3920	Noun	штаб	штаб-квартира	We have a secret headquarters.	У нас есть секретный штаб.	The military installation from which troops are commanded and orders are issued.		категория не определилась (не определилась)
psi	C1	13318	Noun	пси				The twenty-third letter of Classical and Modern Greek and the twenty-fifth letter of Old and Ancient Greek.		пример: нет предложений в Tatoeba; многозначное слово, подтвердить перевод нечем (2 разных этимологий); категория не определилась (не определилась)
chad	B2	5800	Noun					Small pieces of paper punched out from the edges of continuous stationery, or from ballot papers, paper tape, punched cards, etc.		нет русского перевода в Wiktionary; пример: слово в примере — имя собственное; категория не определилась (не определилась)
outgoing	C1	13319	Adjective			He is outgoing.	Он общительный.	Extroverted: talkative, friendly, and social, especially with respect to meeting new people easily and comfortably; outgiving.	society	нет русского перевода в Wiktionary
arco	C2	33131	Adverb					A note in string instrument musical notation indicating that the bow is to be used in the usual way.	qualities	нет русского перевода в Wiktionary; пример: Tatoeba недоступна (offline: нет в кэше)
determination	B2	5802	Noun	определение	установление	I admire your determination.	Я восхищаюсь твоей решимостью.	The act of determining, or the state of being determined. The act, process, or result of any accurate measurement, as of length, volume.	actions	перевод примера относится к другому значению
lucy	B1	3923	Noun			Lucy will certainly come.	Люси обязательно придёт.	The northern pike (a kind of fish).	animals	нет русского перевода в Wiktionary
dell	B2	5803	Noun					A small, deep, and wooded valley or sunken area of ground, especially in the form of a natural hollow.	places	нет русского перевода в Wiktionary; пример: нет предложений в Tatoeba
fugitive	C1	13324	Noun	беглец	беглянка			A person who flees or escapes and travels secretly from place to place, and sometimes using disguises and aliases to conceal their identity.	people	пример: Tatoeba недоступна (offline: нет в кэше); многозначное слово, подтвердить перевод нечем (части речи: Noun/Adjective/Verb)
proponent	C2	33134	Noun	пропонент	защитник			One who supports something; an advocate.	people	пример: длина английского предложения
harvest	B2	5805	Noun	жатва	страда; уборка; сбор	The rains ruined the harvest.	Дожди испортили урожай.	The process of gathering the ripened crop; harvesting.	actions	перевод примера относится к другому значению
glamour	C1	13329	Noun	гламур				Originally, enchantment; magic charm; especially, the effect of a spell that causes one to see objects in a form that differs from reality.		пример: длина английского предложения; категория не определилась (не определилась)
dwelling	C1	13330	Noun	жилище	жильё	Wedding asks for a dwelling.	Тому, кто женится, нужен дом.	A house or place in which a person lives; a habitation, a home.	home	многозначное слово, подтвердить перевод нечем (2 разных этимологий)
fitness	B1	3936	Noun	пригодность	годность			The condition of being fit, suitable or appropriate.		пример: слова нет в предложении; категория не определилась (не определилась)
toledo	C1	13332	Noun					A sword or sword blade made at Toledo in Spain, a city famous in the 16th and 17th centuries for the excellence of its weapons.	city	нет русского перевода в Wiktionary; пример: слово в примере — имя собственное
sonic	B2	5811	Adjective	звуковой		a sonic extravagance		Of or relating to sound.	qualities	пример: нет предложений в Tatoeba
manila	C1	13333	Adjective			Manila enticed me.	Манила меня манила.	Made of manila paper or material like it.	qualities	нет русского перевода в Wiktionary
remainder	C1	13334	Noun	остаток	остатки	Find the remainder when 2²⁰¹³ is divided by 3.	Найдите остаток от деления 2²⁰¹³ на 3.	A part or parts remaining after some has/have been removed or already occurred.		категория не определилась (не определилась)
racquetball	C2	33143	Noun	ракетбол				A certain sport, similar to squash, but played with a bigger ball.	sports	пример: нет предложений в Tatoeba
slight	B2	5815	Adjective	незначительный		give it a slight kick		Minor; small in amount.	qualities	пример: слова нет в предложении; многозначное слово, подтвердить перевод нечем (части речи: Adjective/Verb/Noun)
chan	B2	5816	Noun					An IRC channel.		нет русского перевода в Wiktionary; пример: слово в примере — имя собственное; категория не определилась (не определилась)
morphine	C1	13337	Noun	морфий		The doctor gave her morphine.	Врач дал ей морфий.	A crystalline alkaloid (4,5-epoxy-17-methyl-7,8-didehydromorphinan-3,6-diol), extracted from opium.		категория не определилась (не определилась)
expiry	C2	33145	Noun	истечение/окончание срока действия	окончание; истечение	What kind of soy sauce is this? The expiry date says 'August 99'.	Что это за соевый соус такой? Тут срок годности до августа 99-го.	End; termination; expiration.		категория не определилась (не определилась)
thee	B1	3942	Verb	тебе	тебя; тобой	There will I give thee my love.	Там я окажу ласки мои тебе.	To address (a person) using the pronoun thee.	actions	перевод есть только для другой части речи (Pronoun вместо Verb)
newsflash	C2	33146	Noun	срочная новость		Television programmes were interrupted by a newsflash announcing that the Prime Minister had resigned.		A brief media report of something that has recently taken place.		пример: нет предложений в Tatoeba; категория не определилась (не определилась)
afghan	C1	13339	Noun					A blanket or throw, usually crocheted or knitted.		нет русского перевода в Wiktionary; пример: слово в примере — имя собственное; категория не определилась (не определилась)
flex	C1	13342	Noun	гибкость		I can't flex my neck.	Не могу напрячь мышцы шеи.	Flexibility, pliancy.		категория не определилась (не определилась)
cumshot	B1	3945	Noun					A sex act in pornographic films in which a person ejaculates onto their partner's body.		нет русского перевода в Wiktionary; пример: нет предложений в Tatoeba; категория не определилась (не определилась)
anthology	C1	13343	Noun	антология	хрестоматия	This is an anthology of poems.	Это сборник стихов.	A collection of literary works, such as poems or short stories, especially a collection from various authors.		категория не определилась (не определилась)
fizzy	C2	33149	Noun		context of a liquid → газированный; onomatopoeia → шипучий/шипящий			A non-alcoholic carbonated beverage.	food	перевод не привязывается к значению — риск взять чужое; пример: нет предложений в Tatoeba
grandma	B1	3947	Noun	бабушка	бабуся; бабуля; баба	Grandma spoiled me.	Бабушка меня баловала.	Grandmother.		категория не определилась (не определилась)
chunk	C1	13344	Noun	кусок		That boy threw a chunk of stone.	Тот мальчик кинул камень.	A part of something that has been separated; a generally squat, thick, irregular piece of something, e.g. wood or stone.	objects	многозначное слово, подтвердить перевод нечем (2 разных этимологий)
mint	B2	5824	Noun	монетный двор		I don't like mint tea.	Мне не нравится чай с мятой.	A building or institution where money (originally, only coins) is produced under government licence.	places	многозначное слово, подтвердить перевод нечем (3 разных этимологий; части речи: Noun/Verb/Adjective)
mop	C1	13346	Noun	швабра		Mop the floor.	Помой пол.	An implement for washing floors or similar, made of a piece of cloth, or a collection of thrums, or coarse yarn, fastened to a handle.	objects	многозначное слово, подтвердить перевод нечем (2 разных этимологий)
clique	C2	33151	Noun	клика		This school used to be really friendly, but now everyone keeps to their own cliques.		A small, exclusive group of individuals, usually according to lifestyle or social status; a cabal.	society	пример: нет предложений в Tatoeba
modified	B1	3950	Adjective			Humans are modified fish.	Человек - это видоизменённая рыба.	Changed; altered.	change	нет русского перевода в Wiktionary
bravo	B2	5827	Noun	браво		Bravo, Tom!	Браво, Том!	A hired soldier; an assassin; a desperado.		перевод есть только для другой части речи (Interjection вместо Noun); категория не определилась (не определилась)
silencer	C2	33152	Noun	глушитель				Something that silences or (notionally) nearly silences. An attachment to a gun that reduces the sound it emits.		пример: слова нет в предложении; категория не определилась (не определилась)
bioethics	C2	33153	Noun					The branch of ethics that studies the implications of biological and biomedical advances.		нет русского перевода в Wiktionary; пример: нет предложений в Tatoeba; категория не определилась (не определилась)
proceed	B1	3953	Verb	продвигаться	продвинуться	Let's proceed.	Давайте продолжим.	To move, pass, or go forward or onward; to advance; to carry on.	actions	перевод примера относится к другому значению
disposal	B2	5830	Noun	распоряжение		I'm at your disposal.	Я в твоём распоряжении.	A disposition; an arrangement, categorization, or classification of things.		категория не определилась (не определилась)
jinn	C2	33155	Noun	джинн				A human-like spiritual or immaterial being, as opposed to al-ins (people).	people	пример: нет предложений в Tatoeba
warehouse	B1	3955	Noun	склад	хранилище; пакгауз; амбар			A facility for storing large amounts of merchandise or products.		пример: не для детей (в переводе): ад; категория не определилась (не определилась)
bestiality	C1	13351	Noun	скотоложество	скотоложство; зоофилия			Sexual activity between a human and another animal species.	animals	пример: длина английского предложения
personalized	C1	13353	Adjective			Every copy of Super Mario 64 is personalized.		Adapted to the needs of an individual.	qualities	нет русского перевода в Wiktionary; пример: слова нет в предложении
decade	B2	5834	Noun	десяток		A decade is ten years.	Десятилетие — это десять лет.	A group, set, or series of ten, particularly.		категория не определилась (не определилась)
punk	B1	3959	Noun	петух	опущенный	I don't like punk rock.	Я не люблю панк-рок.	One who engages in sexual intercourse, particularly: A female prostitute.	people	пример иллюстрирует другое значение (2 разных этимологий; части речи: Noun/Adjective/Verb; значений: 5)
butler	B2	5835	Noun	дворецкий				A manservant having charge of wines and liquors.	sports	пример: не для детей (в переводе): вор
jock	C1	13356	Noun			Are you a jock?	Ты качок?	A common man.		нет русского перевода в Wiktionary (вынесен на отдельную страницу); категория не определилась (не определилась)
penny	B1	3961	Noun		1/240 of a pound sterling or Irish pound → пенни/пенс; 1/100 of a pound sterling or British pou → пенни/пенс	Every penny counts.	Каждая копейка на счету.	In the United Kingdom and Ireland and many other countries.		перевод не привязывается к значению — риск взять чужое; категория не определилась (не определилась)
companion	B2	5836	Noun	спутник	товарищ; компаньон; компаньонка	Chess is a good companion for life.	Шахматы - хороший спутник на всю жизнь.	A friend, acquaintance or partner; someone with whom one spends time or accompanies.		категория не определилась (не определилась)
mesothelioma	C1	13357	Noun	мезотелиома				An uncommon malignant tumour of the mesothelium, usually of the lungs after exposure to asbestos.		пример: нет предложений в Tatoeba; категория не определилась (не определилась)
survival	B1	3962	Noun	выживание		His survival in the open ocean was a miracle; he had fully expected to die.		The fact or act of surviving; continued existence or life.		пример: слова нет в предложении; категория не определилась (не определилась)
connectivity	B2	5837	Noun	связность				The state of being connected.		пример: слова нет в предложении; категория не определилась (не определилась)
chu	C1	13358	Interjection					The sound of a kiss.	communication	нет русского перевода в Wiktionary; пример: нет предложений в Tatoeba
consequences	B1	3963	Noun					An old-fashioned parlour game describing the meeting of a lady and gentleman and the ensuing events.		нет русского перевода в Wiktionary; пример: Tatoeba недоступна (offline: нет в кэше); категория не определилась (не определилась)
fisher	B2	5838	Noun		person who fishes → рыбак/рыболов; marten → пекан	I'm a fisher.	Я рыбак.	A person who catches fish, especially for a living or for sport; a person engaging in the pastime of fishing.	people	перевод не привязывается к значению — риск взять чужое
marco	B2	5839	Noun			Marco bought his son a car.	Марко купил своему сыну машину.	A traditional Spanish and Portuguese unit of mass, usually equivalent to 230 g and particularly used for trade in gold and silver.	objects	нет русского перевода в Wiktionary
pituitary	C2	33165	Adjective					Of or relating to the pituitary gland.	qualities	нет русского перевода в Wiktionary (вынесен на отдельную страницу); пример: нет предложений в Tatoeba
anxiety	B2	5840	Noun	тревога	беспокойство	His face reflected fear and anxiety.	На его лице отразились страх и тревога.	An unpleasant state of mental uneasiness, nervousness, apprehension and obsession or concern about some uncertain event.		категория не определилась (не определилась)
partnership	B1	3970	Noun	партнёрство		What kind of partnership are they proposing?	Какого рода партнёрство они предлагают?	The state of being associated with a partner.		категория не определилась (не определилась)
elk	C1	13371	Noun			That's only an elk.	Это всего лишь лось.	Any of various large species of deer such as the red deer, moose or wapiti (see usage notes).	animals	нет русского перевода в Wiktionary (вынесен на отдельную страницу)
mommy	B1	3973	Noun			I want my mommy.	Я хочу к маме.	A sexually attractive mother.	family	нет русского перевода в Wiktionary (вынесен на отдельную страницу)
encrypted	C1	13373	Adjective			This file is encrypted.	Этот файл зашифрован.	Being in code; having been encrypted.	qualities	нет русского перевода в Wiktionary
brunch	C1	13374	Noun	бранч	поздний завтрак	I normally have brunch at the café next to work.		A meal eaten later in the day than breakfast and earlier than lunch, often in a leisurely, festive, and/or social way.	food	пример: Tatoeba недоступна (offline: нет в кэше)
compound	B2	5848	Noun	огороженное место	компаунд	Salicylic acid is an organic compound.	Салициловая кислота - органическое вещество.	An enclosure within which workers, prisoners, or soldiers are confined.		многозначное слово, подтвердить перевод нечем (2 разных этимологий; части речи: Noun/Adjective/Verb); категория не определилась (не определилась)
limousine	C1	13376	Noun	лимузин		He's a limousine driver.	Он водитель лимузина.	An automobile body with seats and permanent top like a coupe, and with the top projecting over the driver and a projecting front.		категория не определилась (не определилась)
pseudomonas	C2	33172	Noun					A pseudomonad.		нет русского перевода в Wiktionary; пример: нет предложений в Tatoeba; категория не определилась (не определилась)
protective	B2	5850	Adjective	защитный	охранный	The fighter dropped into a protective stance.		Serving or intended to protect.	qualities	пример: слова нет в предложении
degrade	C2	33173	Verb			It is degrading for her.	Это унижает её достоинство.	To lower in value or social position.	society	нет русского перевода в Wiktionary
aide	C1	13378	Noun					An assistant.		нет русского перевода в Wiktionary (вынесен на отдельную страницу); пример: слова нет в предложении; категория не определилась (не определилась)
compatibility	C1	13379	Noun	совместимость				The state of being compatible; in which two or more things are able to exist or work together in combination without problems or conflict.		пример: длина английского предложения; категория не определилась (не определилась)
loyalty	B2	5853	Noun	преданность	верность; лояльность	We admire your loyalty.	Мы ценим вашу преданность.	The state of being loyal; fidelity.		категория не определилась (не определилась)
nelson	B1	3983	Noun					A score of 111, sometimes considered to be unlucky.		нет русского перевода в Wiktionary; пример: длина английского предложения; категория не определилась (не определилась)
creampie	C1	13381	Noun					Semen visibly displayed after ejaculation in the vagina.		нет русского перевода в Wiktionary; пример: нет предложений в Tatoeba; категория не определилась (не определилась)
antichrist	C2	33179	Noun	антихрист				One who works against the teachings of Christ.	people	пример: длина английского предложения
disobey	C1	13387	Verb			I disobeyed you.	Я тебя ослушался.	To refuse or (intentionally) fail to adhere to (a rule) or to obey an order from (somebody).	actions	нет русского перевода в Wiktionary
heck	B2	5859	Noun			Heck yeah!	Конечно!	The bolt or latch of a door.		нет русского перевода в Wiktionary; категория не определилась (не определилась)
avionics	C2	33184	Noun					The science and technology of the development and use of electrical and electronic devices in aviation.	tech	нет русского перевода в Wiktionary; пример: нет предложений в Tatoeba
minimization	C2	33185	Noun	минимизация		companies should engage in risk minimization		The act of lowering something to its smallest value or extent.	actions	пример: слова нет в предложении
girdle	C2	33186	Noun	пояс	пояс для чулок	She wears a girdle.	Она носит ремень.	That which girds, encircles, or encloses; a circumference.		многозначное слово, подтвердить перевод нечем (2 разных этимологий); категория не определилась (не определилась)
landmark	C1	13395	Noun		recognizable feature → ориентир; notable location → достопримечательность; major event → веха	Are there any landmarks?	Здесь есть какие-нибудь достопримечательности?	An object that marks the boundary of a piece of land (usually a stone, or a tree).	nature	перевод не привязывается к значению — риск взять чужое
formula	B1	3997	Noun		in mathematics → формула; in chemistry → формула; formulation, prescription → рецепт; drink given to babies → детское питание/детская смесь	This is his formula.	Это его формула.	Any mathematical rule expressed symbolically.		перевод не привязывается к значению — риск взять чужое; категория не определилась (не определилась)
tend	B1	4000	Verb	предлагать	предложить	We tend to err.	Нам свойственно ошибаться.	To make a tender of; to offer or tender.	actions	многозначное слово, подтвердить перевод нечем (3 разных этимологий)
potassium	C1	13401	Noun	калий		We have potassium in our bodies.	В нашем теле содержится калий.	A soft, waxy, silvery reactive metal that is never found unbound in nature; an element with atomic number 19 and atomic weight of 39.0983.		категория не определилась (не определилась)
jobless	C2	33192	Adjective			a jobless man		Lacking employment.	work	нет русского перевода в Wiktionary (вынесен на отдельную страницу); пример: длина английского предложения
delta	B1	4008	Noun	дельта				The fourth letter of the modern Greek alphabet Δ, δ.		пример: слово в примере — имя собственное; категория не определилась (не определилась)
puppy	B2	5869	Noun	щенок	цуцик; кутёнок	I have a puppy.	У меня есть щенок.	A young dog, especially before sexual maturity (12–18 months).		категория не определилась (не определилась)
output	B1	4009	Noun	производство	продукция; выработка	The output of this factory has increased by 20%.	Производительность этого завода повысилась на 20%.	That which is produced by something, especially that which is produced within a particular time period or from a particular effort.		категория не определилась (не определилась)
foil	C1	13403	Noun	фольга	станиоль	I was foiled in my attempt.	Моя попытка провалилась.	A very thin sheet of metal.	objects	многозначное слово, подтвердить перевод нечем (6 разных этимологий)
droid	C2	33196	Noun					A robot, especially one made with some physical resemblance to a human (an android).		нет русского перевода в Wiktionary (вынесен на отдельную страницу); пример: нет предложений в Tatoeba; категория не определилась (не определилась)
waver	C2	33197	Verb	дрожать	колыхаться	You are wavering.	Вы колеблетесь.	To swing or wave, especially in the air, wind, etc.; to flutter.	weather	многозначное слово, подтвердить перевод нечем (3 разных этимологий)
bless	B1	4013	Verb	благословлять	благословить	Bless you.	Будь здоров!	To make something holy by religious rite, sanctify.	actions	многозначное слово, подтвердить перевод нечем (2 разных этимологий)
specified	B2	5875	Adjective			He arrived five minutes after the specified time.	Он приехал на пять минут позже назначенного времени.	Thoroughly explained.	communication	нет русского перевода в Wiktionary
spirituality	C1	13408	Noun	духовность		There are many religions, but there is only one spirituality.	Религий много, но духовность только одна.	The quality or state of being spiritual.		категория не определилась (не определилась)
forester	C2	33198	Noun	лесник	лесничий			A person who practices forestry.	people	пример: слова нет в предложении
scrapbooking	C1	13409	Noun					The process of making a scrapbook.	actions	нет русского перевода в Wiktionary; пример: нет предложений в Tatoeba
dana	B2	5877	Noun	дана	пожертвование; подаяние; подношение			The virtue of generosity or giving, a form of alms, in Indian philosophy.		пример: слово в примере — имя собственное; категория не определилась (не определилась)
amenities	C1	13410	Noun			The park boasts numerous amenities for the enjoyment of the public.	Парк предлагает многочисленные удобства к использованию публикой.	Things or circumstances that are welcome and make life a little easier or more pleasant; a public facility.	society	нет русского перевода в Wiktionary
madam	B1	4016	Noun	госпожа	мадам; сударыня; барыня	My name is Mary but you can call me madam.	Меня зовут Мэри, но ты можешь называть меня госпожой.	A polite form of address for a woman or lady.		категория не определилась (не определилась)
fridge	B2	5880	Noun			Our fridge broke.	Наш холодильник поломался.	A refrigerator.		нет русского перевода в Wiktionary (вынесен на отдельную страницу); категория не определилась (не определилась)
franklin	B1	4017	Noun			Franklin was known for his common sense.	Франклин был известен своим здравым смыслом.	A freeholder, especially as belonging to a class of landowners in the 14th and 15th century ranking at the bottom of the gentry.		нет русского перевода в Wiktionary; категория не определилась (не определилась)
ching	C1	13415	Noun					A pair of small bowl-shaped finger cymbals made of thick and heavy bronze, used in the music of Thailand and Cambodia.	art	нет русского перевода в Wiktionary; пример: длина английского предложения
combat	B1	4020	Noun	битва	бой; борьба; сражение	Prepare for combat.	Готовьтесь к бою.	A battle, a fight (often one in which weapons are used).		категория не определилась (не определилась)
improvement	B1	4021	Noun	улучшение	усовершенствование; исправление; совершенствование			The act of improving; advancement or growth; a bettering.	actions	пример: слова нет в предложении
steakhouse	C2	33209	Noun	бифштексная				A restaurant that specializes in good cuts of meat, particularly steak.		пример: нет предложений в Tatoeba; категория не определилась (не определилась)
tournament	B1	4024	Noun	турнир		We have a soccer tournament in May.	В мае у нас турнир по футболу.	During the Middle Ages, a series of battles and other contests designed to prepare knights for war.		категория не определилась (не определилась)
convert	B2	5891	Verb	превращать	трансформировать; превратить	He converted to Catholicism.	Он обратился в католичество.	To transform or change (something) into another form, substance, state, or product.	change	перевод примера относится к другому значению
challenger	C1	13421	Noun	претендент		challengers of traditional attitudes		One who challenges.	people	пример: слова нет в предложении
participation	B2	5892	Noun	участие				The act of participating, of taking part in something.	actions	пример: слова нет в предложении
clinical	B1	4026	Adjective		of or pertaining to a clinic → клинический; cool and emotionless → бесстрастный	A large clinical study is underway.	Проводится крупное клиническое исследование.	Dealing with the practical management of patients, in practice at the point of care; as contrasted with other health care venues.	health	перевод не привязывается к значению — риск взять чужое
bailey	B2	5893	Noun					The outer wall of a feudal castle.	home	нет русского перевода в Wiktionary; пример: нет предложений в Tatoeba
uninterrupted	C2	33213	Adjective			He got eight hours of uninterrupted sleep.	Он проспал восемь часов без перерыва.	Continuing with no interruption.	qualities	нет русского перевода в Wiktionary
bulletin	B2	5894	Noun	бюллетень		Tom put the list on the bulletin board.	Том вывесил список на доске объявлений.	A short report, especially one released through official channels to be immediately broadcast or publicized.		категория не определилась (не определилась)
duck	B1	4028	Verb	пригибаться	пригнуться	A duck quacks.	Крякает утка.	To quickly lower (the head or body), often in order to prevent it from being struck by something.	body	многозначное слово, подтвердить перевод нечем (5 разных этимологий)
freighter	C2	33215	Noun					One who loads a ship.	people	нет русского перевода в Wiktionary (вынесен на отдельную страницу); пример: длина английского предложения
flare	C1	13426	Noun	вспышка	взрыв; всполох	She flared up with anger.	Она затряслась от злости.	A sudden bright light.		многозначное слово, подтвердить перевод нечем (значений: 6); категория не определилась (не определилась)
cleric	C2	33216	Noun	священнослужитель	священник; клирик	Tom is a cleric.	Том — пастор.	A member of a clergy.		категория не определилась (не определилась)
filename	B2	5898	Noun	имя файла				The name assigned to a file in a file system.		пример: нет предложений в Tatoeba; категория не определилась (не определилась)
fringe	C1	13427	Noun	бахрома	кайма; оторочка; окаймление	That's a fringe theory.	Это маргинальная теория.	A decorative border.		многозначное слово, подтвердить перевод нечем (части речи: Noun/Adjective/Verb); категория не определилась (не определилась)
tampered	C2	33217	Adjective			The documents were tampered with.	Документы были подделаны.	Having had an unauthorized change.	change	нет русского перевода в Wiktionary
dependent	B2	5902	Adjective	зависимый	подчинённый; несамостоятельный	At that point I was dependent on financial aid for my tuition.		Relying upon; depending upon.	qualities	пример: слова нет в предложении
leprosy	C2	33219	Noun	проказа	лепра			An infectious disease caused by the bacterium Mycobacterium leprae.	health	пример: нет предложений в Tatoeba
combined	B1	4035	Adjective	объединённый	комбинированный	The combined efforts of the emergency workers kept the river from going over its banks, barely.		Resulting from the addition of several sources, parts, elements, aspects, etc. united together.	qualities	пример: слова нет в предложении; многозначное слово, подтвердить перевод нечем (части речи: Adjective/Verb/Noun)
verify	B2	5907	Verb	доказывать	доказать	Trust, but verify.	Доверяй, но проверяй!	To substantiate or prove the truth of something.	actions	перевод примера относится к другому значению
developer	B2	5908	Noun	разработчик	разработчица	Is she a developer?	Она программистка?	A person or entity engaged in the creation or improvement of certain classes of products.	people	перевод примера относится к другому значению
honourable	C1	13433	Adjective					UK standard spelling of honorable.	qualities	нет русского перевода в Wiktionary; пример: слова нет в предложении
jenny	B1	4041	Noun			Jenny dances the samba.	Дженни танцует самбу.	A device for spinning thread from fiber onto multiple spindles (also called spinning jenny).	tech	нет русского перевода в Wiktionary (вынесен на отдельную страницу)
initiation	C1	13434	Noun	инициация		initiation into a society		The act of initiating, or the process of being initiated or introduced.	actions	пример: слова нет в предложении
maki	C2	33224	Noun					A ring-tailed lemur (Lemur catta).		нет русского перевода в Wiktionary; пример: слово в примере — имя собственное; категория не определилась (не определилась)
punch	B1	4043	Noun	удар (кулаком)		Tom punched me.	Том ударил меня кулаком.	A hit or strike with one's fist.		категория не определилась (не определилась)
charter	B2	5911	Noun	устав	хартия	I'd like to charter a yacht.	Я бы хотел зафрахтовать яхту.	A document issued by some authority, creating a public or private institution, and defining its purposes and privileges.	society	многозначное слово, подтвердить перевод нечем (части речи: Noun/Adjective/Verb)
snake	B1	4044	Noun	змея		A snake hisses.	Змея шипит.	Any of the suborder Serpentes of legless reptiles with long, thin bodies and fork-shaped tongues.		категория не определилась (не определилась)
kiddo	B2	5913	Noun			Hiya, kiddo!	Привет, малыш!	A close friend; especially used as a form of address.		нет русского перевода в Wiktionary; категория не определилась (не определилась)
goalkeeper	C2	33227	Noun	вратарь	голкипер	He's a goalkeeper.	Он вратарь.	A designated player that attempts to prevent the opposing team from scoring by protecting a goal.		категория не определилась (не определилась)
brad	B1	4045	Noun			Brad Pitt is an actor.	Брэд Питт — актёр.	A thin, small nail, with a slight projection at the top on one side instead of a head, or occasionally with a small domed head.		нет русского перевода в Wiktionary (вынесен на отдельную страницу); категория не определилась (не определилась)
patent	B2	5914	Noun	патент		I filed a patent.	Я зарегистрировал патент.	An official document granting an appointment, privilege, or right, or some property or title; letters patent.		категория не определилась (не определилась)
boyer	C2	33228	Noun					A Flemish sloop with a castle at each end.		нет русского перевода в Wiktionary; пример: нет предложений в Tatoeba; категория не определилась (не определилась)
craig	B1	4047	Noun					A rocky crag.		нет русского перевода в Wiktionary; пример: нет предложений в Tatoeba; категория не определилась (не определилась)
oliver	B1	4051	Noun					A small tilt hammer, worked by the foot.		нет русского перевода в Wiktionary; пример: слова нет в предложении; категория не определилась (не определилась)
comedian	C1	13443	Noun	комик	юморист; комедиант	He's a comedian.	Он комик.	An entertainer who performs in a humorous manner, especially by telling jokes.		категория не определилась (не определилась)
scripture	C1	13444	Noun	писание	священное писание; священная книга	Where is this mentioned in the scriptures?	Где об этом сказано в писаниях?	A sacred writing or holy book.		категория не определилась (не определилась)
skepticism	C2	33234	Noun	скептицизм	скепсис			The practice or philosophy of being a skeptic.		пример: слова нет в предложении; категория не определилась (не определилась)
occasion	B1	4055	Noun	случай		It happens on occasion.	Такое иногда случается.	A favorable opportunity; a convenient or timely chance.		категория не определилась (не определилась)
undiscovered	C2	33235	Adjective					That has not been discovered; unknown, unexplored.	qualities	нет русского перевода в Wiktionary; пример: длина английского предложения
trunk	B1	4057	Noun	ствол		Empty the trunk.	Освободите багажник.	Part of a body. The usually single, more or less upright part of a tree, between the roots and the branches.	nature	перевод примера относится к другому значению
manufacturer	B1	4058	Noun	производитель	производительница	The manufacturer produces parts for the car industry.		A person or company that manufactures.	people	пример: слова нет в предложении
aeon	C2	33238	Noun					Commonwealth standard spelling of eon.		нет русского перевода в Wiktionary; пример: не для детей (в переводе): ад; категория не определилась (не определилась)
operational	B2	5928	Adjective	оперативный				Of or relating to operations, especially military operations.	qualities	пример: слова нет в предложении
distal	C2	33239	Adjective	дистальный	удалённый	the distal end of a bone or muscle		Remote from the point of attachment or origin.	qualities	пример: нет предложений в Tatoeba
butter	B1	4060	Noun	масло	сливочное масло	I buy butter.	Я куплю масло.	A soft, fatty foodstuff made by churning the cream of milk (generally cow's milk).		категория не определилась (не определилась)
ozone	C1	13453	Noun		O<sub>3</sub> → озон; fresh air → озон/свежий воздух	Ozone protects us.	Озон нас защищает.	An allotrope of oxygen (symbol O₃) having three atoms in the molecule instead of the usual two; it is a toxic gas.		перевод не привязывается к значению — риск взять чужое; категория не определилась (не определилась)
alms	C2	33240	Noun	милостыня	подаяние	She gave $10 weekly to the poor as alms, in an era when $10 was serious money.		Something given to the poor as charity, such as money, clothing or food.	food	пример: длина английского предложения
radar	B1	4063	Noun	радар	радиолокатор; рлс	They were able to find the enemy fleet using radar.		In full primary radar: a method of detecting a distant object and determining its position, velocity.		пример: длина английского предложения; категория не определилась (не определилась)
snooty	C2	33241	Adjective	презрительный	высокомерный	Sir Sydney was an arrogant, snooty, bigoted prig, so it was with some satisfaction that I wrote out his parking ticket.		Haughty, pompous, snobbish; inclined to turn up one's nose.	character	пример: нет предложений в Tatoeba
lean	B2	5933	Verb	наклоняться	наклониться	Lean on me.	Положитесь на меня.	To incline, deviate, or bend, from a vertical position; to be in a position thus inclining or deviating.	actions	многозначное слово, подтвердить перевод нечем (3 разных этимологий; части речи: Verb/Noun/Adjective)
suggestive	C2	33243	Adjective			The painting is abstract, but the colors are suggestive of fruit or the Mediterranean.		Tending to suggest or imply.	character	нет русского перевода в Wiktionary; пример: слова нет в предложении
guardian	B1	4065	Noun		guard or watcher → страж/хранитель/хранительница; law: person legally responsible for a mi → опекун/куратор/попечитель; law: person responsible for incompetent  → опекун/попечитель/попечительница	A woman is the guardian of the hearth.	Женщина - хранительница очага.	Someone who guards, watches over, or protects.	people	перевод не привязывается к значению — риск взять чужое
attraction	B2	5938	Noun	привлекательность		The Moon is held in its orbit by the attraction of the Earth's gravity.		The tendency to attract.		пример: слова нет в предложении; категория не определилась (не определилась)
abstract	B1	4069	Noun	конспект	реферат; синопсис			An abridgement or summary of a longer publication.		пример: не для детей (в переводе): рак; многозначное слово, подтвердить перевод нечем (части речи: Noun/Adjective/Verb); категория не определилась (не определилась)
tension	B2	5939	Noun	натяжение		The tension grew suddenly.	Давление внезапно поднялось.	The condition of being held in a state between two or more forces, which are acting in opposition to each other.		категория не определилась (не определилась)
geez	C1	13463	Noun	боже	чёрт; блин	Hi geez, you alright?		Informal address to a male.		перевод есть только для другой части речи (Interjection вместо Noun); пример: нет предложений в Tatoeba; многозначное слово, подтвердить перевод нечем (2 разных этимологий); категория не определилась (не определилась)
discontinuity	C2	33247	Noun			structural discontinuity		A lack of continuity, regularity or sequence; a break or gap.		нет русского перевода в Wiktionary; пример: нет предложений в Tatoeba; категория не определилась (не определилась)
amen	B2	5942	Adverb	аминь				Certainly; verily.	qualities	пример: слово в примере — имя собственное; многозначное слово, подтвердить перевод нечем (части речи: Adverb/Noun/Verb)
lighter	B2	5944	Noun		fire-making device → зажигалка; a barge → лихтер/шаланда	This bag is lighter.	Эта сумка легче.	A person who lights things.	people	перевод не привязывается к значению — риск взять чужое
blast	B1	4072	Noun	порыв ветра	порыв	It was a blast.	Было здорово.	A violent gust of wind (in windy weather) or apparent wind (around a moving vehicle).	weather	многозначное слово, подтвердить перевод нечем (4 разных этимологий)
consciousness	B2	5948	Noun	сознание	сознательность	What is consciousness?	Что такое сознание?	The state of being conscious or aware; awareness. The state or trait of having cognition and sensation; cognition and sensation themselves.		категория не определилась (не определилась)
impaired	C1	13467	Adjective			Memory is impaired unless you exercise it.	Память ослабевает, если ее не тренировать.	Rendered less effective.	qualities	нет русского перевода в Wiktionary
exposed	B1	4074	Adjective			He was exposed to danger.	Он подвергался опасности.	Open (especially to something), unconcealed and/or unprotected (and therefore vulnerable, susceptible).	qualities	нет русского перевода в Wiktionary
principe	C1	13468	Noun					An Italian prince.		нет русского перевода в Wiktionary; пример: слова нет в предложении; категория не определилась (не определилась)
slit	C1	13472	Noun	разрез	щель	Her skirt has a slit on one side.	Её юбка с разрезом с одной стороны.	A narrow cut or opening; a slot.		категория не определилась (не определилась)
lum	C2	33253	Noun					A chimney; also, the top part of a chimney. A ventilating chimney over the shaft of a mine.		нет русского перевода в Wiktionary (вынесен на отдельную страницу); пример: нет предложений в Tatoeba; категория не определилась (не определилась)
reduction	B2	5957	Noun	снижение	уменьшение; сведение	He advocated reduction of taxes.	Он выступал за снижение налогов.	The act, process, or result of reducing.		категория не определилась (не определилась)
dart	C1	13474	Noun	дротик		Tom threw the dart.	Том метнул дротик.	A pointed missile weapon, intended to be thrown by the hand; for example, a short lance or javelin.		категория не определилась (не определилась)
infrastructure	B2	5959	Noun	инфраструктура		This blog covers topics that centre on information infrastructure.	В этом блоге освещаются темы, сгруппированные вокруг инфраструктуры информации.	An underlying base or foundation for a building, organization, or system.		категория не определилась (не определилась)
nigger	C1	13475	Noun	ниггер	негритос; негритоска; черномазый	He's a nigger.	Он ниггер.	A black person; a person of black African descent.		категория не определилась (не определилась)
matrimonial	C2	33258	Adjective	супружеский	матримониальный; брачный	matrimonial bliss		Of, or having to do with matrimony and marriage.	qualities	пример: длина английского предложения
polls	B2	5960	Noun			Tom didn't go to the polls.	Том не пошёл на выборы.	A place where votes are cast in elections.	places	нет русского перевода в Wiktionary
irregular	C1	13476	Adjective		non-standard → неправильный/нестандартный; in grammar, applied to words → неправильный; lacking uniformity → неравномерный	It's an irregular verb.	Это неправильный глагол.	Nonstandard; not conforming to rules or expectations.	qualities	перевод не привязывается к значению — риск взять чужое
spybot	C2	33259	Noun					A piece of spyware.	objects	нет русского перевода в Wiktionary; пример: нет предложений в Tatoeba
bean	B2	5962	Noun		seed → боб/фасоль; pod → боб; other bean-like seed → боб/стручок/зерно	Cool beans.	Спасибо.	Any plant of several genera of the taxonomic family Fabaceae that produces large edible seeds or edible seedpods.	nature	перевод не привязывается к значению — риск взять чужое
syndication	B2	5966	Noun					The act of syndicating a news feature by publishing it in multiple newspapers etc, simultaneously.	actions	нет русского перевода в Wiktionary; пример: слова нет в предложении
confirmation	B2	5967	Noun	подтверждение		We will send you a written confirmation of your hotel booking.		An official indicator that things will happen as planned.		пример: слова нет в предложении; категория не определилась (не определилась)
portal	B1	4086	Noun	портал		Open the portal.	Открой портал.	An entrance, entry point, or means of entry.		категория не определилась (не определилась)
hashish	C2	33263	Noun	гашиш	анаша			The leaves and tender parts of the Indian hemp plant (which are intoxicating), which are dried for either chewing or smoking.	nature	пример: нет предложений в Tatoeba
pacemaker	C2	33265	Noun	кардиостимулятор	электрокардиостимулятор; экс	He has a pacemaker.	У него кардиостимулятор.	Specialized cells which stimulate the heart to beat.		категория не определилась (не определилась)
installed	B1	4088	Verb			She installed a program.	Она установила программу.	Readied for use (literally) (of computer software).	tech	нет русского перевода в Wiktionary
tract	C1	13490	Noun	участок		an unexplored tract of sea		An area or expanse.	places	пример: не для детей (в переводе): рак; многозначное слово, подтвердить перевод нечем (3 разных этимологий)
validation	C1	13491	Noun	ратификация	утверждение; легализация; валидация			The act of validating something.	actions	пример: слова нет в предложении
logan	B2	5976	Noun					A rocking or balanced stone.		нет русского перевода в Wiktionary; пример: нет предложений в Tatoeba; категория не определилась (не определилась)
personality	B1	4093	Noun	личность	индивидуальность	The president has a unique personality.		Of people, a set of non-physical psychological and social qualities that make one person distinct from another.	society	пример: слова нет в предложении
bygones	C1	13494	Noun			Let bygones be bygones.	Кто старое помянет, тому глаз вон.	Things that happened in the past.	time	нет русского перевода в Wiktionary
nth	C2	33271	Adjective	энный				Occurring at position n in a sequence.	qualities	пример: длина английского предложения
disturbed	B2	5980	Adjective			Tom is disturbed.	Том ненормальный.	Showing symptoms of mental illness, severe psychosis, or neurosis.	health	нет русского перевода в Wiktionary
crepe	C2	33272	Noun	тонкий	блин			A flat round pancake-like pastry from Lower Brittany, made with wheat.		пример: не для детей (в переводе): блин; категория не определилась (не определилась)
conception	C1	13498	Noun		initiation of an embryonic animal life → зачатие; an image, idea, or notion formed in the  → понятие/концепция/представление			The act of conceiving.	actions	перевод не привязывается к значению — риск взять чужое; пример: слова нет в предложении
talbot	C1	13499	Noun					An mks unit of luminous energy, exactly corresponding to the SI lumen second.		нет русского перевода в Wiktionary; пример: нет предложений в Tatoeba; категория не определилась (не определилась)
mia	B2	5985	Noun			Mia sculpted clay.	Миа лепила из глины.	An ancient bluffing game played with dice.	sports	нет русского перевода в Wiktionary
stack	B2	5986	Noun	стопка	кипа; стог	Tom was carrying a large stack of books.	Том нёс большую стопку книг.	A pile. A large pile of hay, grain, straw, or the like, larger at the bottom than the top.		категория не определилась (не определилась)
webmail	C1	13505	Noun			Hotmail, Yahoo! Mail and Gmail are well-known webmail services.		A service for sending, receiving, and/or storing email, usually on a remote web server.		нет русского перевода в Wiktionary; пример: нет предложений в Tatoeba; категория не определилась (не определилась)
philip	B1	4102	Noun			Philip wants to get ripped.	Филипп хочет сушиться.	English sparrow, house sparrow (Passer domesticus).	home	нет русского перевода в Wiktionary
carcinoma	C1	13506	Noun	карцинома				An invasive malignant tumour derived from epithelial tissue that tends to metastasize to other areas of the body.		пример: нет предложений в Tatoeba; категория не определилась (не определилась)
storefront	C2	33279	Noun					The side of a store (or other shop) which faces the street and usually contains display windows.	city	нет русского перевода в Wiktionary; пример: нет предложений в Tatoeba
accused	B1	4103	Noun	обвиняемый	обвиняемая	I was unjustly accused.	Меня несправедливо обвинили.	The person charged with an offense; the defendant in a criminal case.		многозначное слово, подтвердить перевод нечем (части речи: Verb/Noun/Adjective); категория не определилась (не определилась)
formaldehyde	C2	33280	Noun	формальдегид				The simplest aldehyde, HCHO, a colourless gas that has many industrial applications; it dissolves in water to give formol.		пример: нет предложений в Tatoeba; категория не определилась (не определилась)
duh	C1	13508	Interjection	а то	ещё бы; ясен пень	It's hot in the desert. - Well, duh!		A disdainful indication that something is obvious.	communication	пример: длина английского предложения
huddle	C2	33284	Noun	толпа		Penguins often huddle together to keep warm.	Пингвины часто собираются в кучу и прижимаются друг к другу, чтобы сохранить тепло.	A dense and disorderly crowd.		многозначное слово, подтвердить перевод нечем (части речи: Noun/Verb/Adjective); категория не определилась (не определилась)
ongoing	B2	5993	Adjective	постоянный	непрерывный; продолжающийся	The project is ongoing.	Проект находится в процессе.	Continuing, permanent, lasting.	qualities	многозначное слово, подтвердить перевод нечем (части речи: Adjective/Noun/Verb)
ringside	C2	33285	Adjective			We got our hands on a pair of ringside tickets for the boxing match.		Beside the ring, especially a boxing ring.	qualities	нет русского перевода в Wiktionary; пример: нет предложений в Tatoeba
bunny	B2	5995	Noun	кролик	крольчонок; зайчик	We have a bunny.	У нас есть кролик.	A rabbit, especially a juvenile one.		категория не определилась (не определилась)
browser	B2	5996	Noun			No browser is safe.	Ни один обозреватель не безопасен.	One who or which browses.	people	нет русского перевода в Wiktionary (вынесен на отдельную страницу)
mercer	C1	13511	Noun					A merchant dealing in fabrics and textiles, especially silks and other fine cloths.		нет русского перевода в Wiktionary; пример: длина английского предложения; категория не определилась (не определилась)
trotter	C2	33287	Noun					One who trots.	people	нет русского перевода в Wiktionary; пример: нет предложений в Tatoeba
mishap	C2	33290	Noun	несчастье	неудача	I had a mishap.	Со мной произошел несчастный случай.	An accident, mistake, or problem.		категория не определилась (не определилась)
skanky	C2	33291	Adjective					Dirty; smutty or scabby.	qualities	нет русского перевода в Wiktionary; пример: нет предложений в Tatoeba
thirty	B1	4115	Noun	тридцать		I'm thirty.	Мне тридцать лет.	A rack of thirty beers.		перевод есть только для другой части речи (Numeral вместо Noun); категория не определилась (не определилась)
mammography	C2	33292	Noun	маммография				X-ray examination of the breasts for diagnosing and locating abnormalities, especially tumours.		пример: нет предложений в Tatoeba; категория не определилась (не определилась)
graduation	B2	6001	Noun	окончание		The graduation ball was the students' chance to say goodbye to each other.		The action or process of graduating and receiving a diploma for completing a course of study (such as from an educational institution).	school	пример: слова нет в предложении
drip	C1	13518	Verb	капать	капнуть	Drops dripped.	Капли капали.	To fall one drop at a time.	actions	многозначное слово, подтвердить перевод нечем (3 разных этимологий)
bishop	B1	4118	Noun	епископ		The pope is the bishop of Rome.	Папа является епископом Рима.	An overseer of congregations: either any such overseer, generally speaking, or (in Eastern Orthodoxy, Catholicism, Anglicanism.		категория не определилась (не определилась)
hepatitis	C1	13519	Noun	гепатит	воспаление печени	She got hepatitis no wonder she is losing so much weight.	У неё гепатит, неудивительно, что она теряет столько веса.	Inflammation of the liver, sometimes caused by a viral infection.		категория не определилась (не определилась)
salami	C2	33294	Noun	салями		I like salami.	Я люблю салями.	A large cured meat sausage of Italian origin, served in slices.		категория не определилась (не определилась)
beau	C1	13521	Noun	денди	франт; щёголь			A man with a reputation for fine dress and etiquette; a dandy or fop.		пример: нет предложений в Tatoeba; категория не определилась (не определилась)
dougie	C1	13522	Noun					A hip-hop dance generally performed by moving one's body in a shimmy style and passing a hand through or near the hair on one's own head.	body	нет русского перевода в Wiktionary; пример: Tatoeba недоступна (offline: нет в кэше)
ceremony	B1	4126	Noun	церемония	обряд; ритуал	The ceremony stopped.	Церемония остановилась.	A ritual, with religious or cultural significance.		категория не определилась (не определилась)
proc	B2	6007	Noun					A special and possibly random event, typically activated by clicking on an object.		нет русского перевода в Wiktionary; пример: нет предложений в Tatoeba; категория не определилась (не определилась)
brew	C1	13523	Verb	заваривать	заварить	A scandal is brewing.	Назревает скандал.	To make tea or coffee by mixing tea leaves or coffee beans with hot water.	actions	пример иллюстрирует другое значение (2 разных этимологий)
textile	C1	13524	Noun		cloth produced from fabric → текстиль/ткань; non-nudist → текстильщик/текстильщица/текстильник	Does that store keep textile goods?	В том магазине можно купить текстиль?	Any material made of interlacing or matted fibres, including carpeting and geotextiles, woven or nonwoven.	objects	перевод не привязывается к значению — риск взять чужое
cray	C2	33300	Noun					A crayfish or lobster.		нет русского перевода в Wiktionary; пример: нет предложений в Tatoeba; категория не определилась (не определилась)
yan	C1	13525	Numeral					One in Cumbrian sheep counting rhyme.	linkers	нет русского перевода в Wiktionary; пример: длина английского предложения
premier	B2	6011	Adjective	первый	первейший; передовой; выдающийся	The film premieres on Monday.	Фильм выходит на экраны в понедельник.	Foremost; first or highest in quality or degree.	qualities	многозначное слово, подтвердить перевод нечем (части речи: Adjective/Noun/Verb)
communicable	C2	33302	Adjective					Able to be transmitted between people or animals.	animals	нет русского перевода в Wiktionary; пример: слова нет в предложении
psychiatry	C1	13528	Noun	психиатрия				The branch of medicine that focuses on mental and behavioral health by subjectively diagnosing, treating, or preventing mental disorders.	health	пример: Tatoeba недоступна (offline: нет в кэше)
enzymatic	C2	33303	Adjective					Of, relating to, or caused by enzymes.	qualities	нет русского перевода в Wiktionary; пример: нет предложений в Tatoeba
melanogaster	C2	33304	Noun					Any of several fungi of the genus Melanogaster.		нет русского перевода в Wiktionary; пример: нет предложений в Tatoeba; категория не определилась (не определилась)
agenda	B1	4134	Noun	повестка	программа; план; адженда	It wasn't even on the agenda.	Этого даже не было на повестке дня.	A temporally organized plan for matters to be attended to.		категория не определилась (не определилась)
seventies	C2	33305	Noun			I'm so bored of this decade, the seventies can't come soon enough.		The decade of the 1870s, 1970s, etc.		нет русского перевода в Wiktionary; пример: слова нет в предложении; категория не определилась (не определилась)
grief	B2	6020	Noun	горе	печаль; скорбь; кручина	Grief drove her mad.	Горе свело её с ума.	Suffering, hardship.		категория не определилась (не определилась)
integrate	C1	13531	Verb		to form into one whole → встроить; to subject to the operation of integrati → интегрировать/проинтегрировать	The modem was integrated into the computer.	Модем был встроен в компьютер.	To include as a constituent part or functionality.	actions	перевод не привязывается к значению — риск взять чужое
biscuit	C1	13533	Noun	печенье	бисквит	Have a biscuit.	Съешь печенье.	A small, flat, baked good which is either hard and crisp or else soft but firm; a cookie.		категория не определилась (не определилась)
lineup	C1	13534	Noun			police lineup		A physical or photographic queue of people allegedly involved in a crime, allowing a witness to identify them.		нет русского перевода в Wiktionary; пример: не для детей [преступления]: thief; категория не определилась (не определилась)
vassal	C2	33308	Noun	вассал		The manor's vassals owed first fruits and a tithe to the parish church, another 10% to the lord (including at least 50 eels), a week or two each year of service in the manor's upkeep, and service in the local fyrd.		The grantee of a fief, a subordinate granted use of a superior's land and its income in exchange for vows of fidelity and homage and.		пример: не для детей [страны и национальности]: europe; многозначное слово, подтвердить перевод нечем (части речи: Noun/Adjective/Verb); категория не определилась (не определилась)
gulf	B2	6023	Noun	залив	пучина			A hollow place in the earth; an abyss; a deep chasm or basin.		пример: слово в примере — имя собственное; категория не определилась (не определилась)
cavity	C1	13536	Noun	впадина	дыра; яма	I have a cavity.	У меня полость в зубе.	A hole or hollow depression in a solid object.		перевод примера относится к другому значению; категория не определилась (не определилась)
polish	B1	4142	Verb	полировать	шлифовать	He polished up the chrome until it gleamed.		To shine; to make a surface very smooth or shiny by rubbing, cleaning, or grinding.	actions	пример: слово в примере — имя собственное
chiropractic	C1	13537	Noun	хиропрактика				A system of health care involving manipulation of the spinal column and other body structures.		пример: Tatoeba недоступна (offline: нет в кэше); категория не определилась (не определилась)
heavily	B1	4143	Adverb		in a heavy manner → тяжело/сильно; in a manner designed for heavy duty → тяжело; in a laboured manner → тяжело/с трудом	It snowed heavily.	Шёл сильный снег.	With a great weight.	qualities	перевод не привязывается к значению — риск взять чужое
yen	B2	6029	Noun	иена		It's 50 yen.	50 иен.	The unit of Japanese currency (symbol: ¥) since 1871, divided into 100 sen.		многозначное слово, подтвердить перевод нечем (3 разных этимологий); категория не определилась (не определилась)
zod	C2	33313	Noun					A loser; a contemptible or uncool person.		нет русского перевода в Wiktionary; пример: нет предложений в Tatoeba; категория не определилась (не определилась)
subscribe	B1	4145	Verb	подписываться	выписывать; подписаться; выписать	Please like and subscribe.	Пожалуйста, ставьте лайки и подписывайтесь.	To write (one's name) at the bottom of a document; to sign (one's name).	actions	перевод примера относится к другому значению
coll	C1	13545	Verb					To hug or embrace.	actions	нет русского перевода в Wiktionary; пример: нет предложений в Tatoeba
pound	B1	4149	Noun	фунт		It's two pounds.	Это два фунта.	A unit of weight in various measurement systems. Ellipsis of pound weight. Various non-English units of measure.		категория не определилась (не определилась)
tier	C1	13546	Noun	ярус	слой; уровень; ряд	John is obsessed about getting into a top tier university.	Джон одержим идеей попасть в университет высшего класса.	One who ties (knots, etc.).	people	многозначное слово, подтвердить перевод нечем (2 разных этимологий)
buh	C2	33319	Noun			Buh-bye!	До свидания!	Pronunciation spelling of butt.		нет русского перевода в Wiktionary; категория не определилась (не определилась)
throughput	C1	13547	Noun	пропускная способность				The rate at which data is transferred through a system.	tech	пример: нет предложений в Tatoeba
bunter	C2	33320	Noun			Glavine was a renowned bunter of the ball.		One who bunts.	people	нет русского перевода в Wiktionary; пример: нет предложений в Tatoeba
riddle	C1	13548	Noun	загадка	ребус	Is this a riddle?	Это головоломка?	A verbal puzzle, mystery, or other problem of an intellectual nature.		многозначное слово, подтвердить перевод нечем (4 разных этимологий); категория не определилась (не определилась)
reward	B1	4152	Noun	вознаграждение	награда; премия	He deserves a reward.	Он заслуживает вознаграждения.	Something of value given in return for an act.		категория не определилась (не определилась)
guilt	B2	6039	Noun	вина	виновность; провинность	Sami admitted guilt.	Сами признал вину.	Responsibility for wrongdoing.		многозначное слово, подтвердить перевод нечем (4 разных этимологий; части речи: Noun/Verb/Adjective); категория не определилась (не определилась)
bernard	B2	6041	Noun					Shortened form of Saint Bernard (the dog).		нет русского перевода в Wiktionary; пример: не для детей [политика и конфликты]: iraq; категория не определилась (не определилась)
vineyard	C1	13550	Noun	виноградник		The vineyard of Château Margaux stands as the producer of one of the world's greatest and most sought-after red wines.		A grape plantation, especially one used in the production of wine.		пример: длина английского предложения; категория не определилась (не определилась)
console	B2	6042	Noun	пульт		Who will console me?	Кто меня утешит?	A stand-alone cabinet designed to stand on the floor; especially, one integrated with home entertainment equipment.	home	многозначное слово, подтвердить перевод нечем (2 разных этимологий)
wholesale	B2	6043	Noun	оптовая торговля		A retail merchant buys wholesale and sells retail.	Розничные торговцы покупают товар оптом, а продают в розницу.	The sale of products, often in large quantities, to retailers or other merchants.		категория не определилась (не определилась)
continuous	B2	6044	Adjective	непрерывный		the continuous roar of a waterfall		Without stopping; without a break, cessation, or interruption.	qualities	пример: слова нет в предложении
pascal	C1	13554	Noun	паскаль				In the International System of Units, the derived unit of pressure and stress; one newton per square metre. Symbol: Pa.		пример: длина английского предложения; категория не определилась (не определилась)
filly	C2	33328	Noun	кобылка	кобылица; жеребица	Is Cookie a colt or a filly?	Куки жеребёнок или кобылка?	A young female horse.		категория не определилась (не определилась)
broadcast	B1	4161	Adjective	широковещательный		This is a live broadcast.	Это прямая трансляция.	Cast or scattered widely in all directions; cast abroad.	qualities	многозначное слово, подтвердить перевод нечем (части речи: Adjective/Adverb/Noun/Verb)
credible	C1	13558	Adjective			You're credible.	Тебе можно доверять.	Believable or plausible.	qualities	нет русского перевода в Wiktionary
diary	B1	4162	Noun	дневник	ежедневник	Keep a diary.	Веди дневник!	A daily log of experiences, especially those of the writer.		категория не определилась (не определилась)
instructional	B2	6051	Adjective			The manual might have been instructional had anybody actually taken the time to read it.		Intended for purposes of instruction, for teaching.	qualities	нет русского перевода в Wiktionary; пример: слова нет в предложении
selective	C1	13563	Adjective	выборный	селективный; избирательный			Of or relating to the process of selection.	qualities	пример: слова нет в предложении
mel	B2	6052	Noun					A unit of pitch on a scale of pitches perceived by listeners to be equally spaced from one another.		нет русского перевода в Wiktionary; пример: длина английского предложения; категория не определилась (не определилась)
peak	B1	4168	Noun	кончик	остриё	We've reached the peak.	Мы достигли вершины.	A point; the sharp end or top of anything that terminates in a point; as, the peak, or front, of a cap.		пример иллюстрирует другое значение (4 разных этимологий; части речи: Noun/Verb/Adjective); категория не определилась (не определилась)
recorder	B2	6054	Noun	магнитофон	видеомагнитофон; самопишущий прибор			An apparatus for recording; a device which records.	tech	пример: слова нет в предложении; многозначное слово, подтвердить перевод нечем (2 разных этимологий)
fracking	C2	33339	Noun					Hydraulic fracturing.		нет русского перевода в Wiktionary; пример: нет предложений в Tatoeba; категория не определилась (не определилась)
pile	B2	6056	Noun	груда	куча; стопка	Whose pile of junk is this?	Чья это груда хлама?	A mass of things heaped together; a heap.		категория не определилась (не определилась)
unspecified	C1	13569	Adjective					Not specified; not thoroughly explained or detailed; not adequately commented.	communication	нет русского перевода в Wiktionary; пример: нет предложений в Tatoeba
unannounced	C2	33340	Adjective			He arrives unannounced.	Он приходит без предупреждения.	Not announced beforehand.	qualities	нет русского перевода в Wiktionary
midi	B2	6057	Adjective			midi skirt		Having a hemline at mid-calf length.	qualities	нет русского перевода в Wiktionary; пример: нет предложений в Tatoeba
firebird	C2	33341	Noun		vermilion flycatcher → огненный мухоед/красный тиранн; glowing or burning bird (Slavic mytholog → жар-птица			A scarlet tanager (Piranga olivacea). (This species is now classified as belonging to the cardinal family: Cardinalidae).		перевод не привязывается к значению — риск взять чужое; пример: нет предложений в Tatoeba; категория не определилась (не определилась)
soap	B1	4177	Noun	мыло		I sell soap.	Я продаю мыло.	A metallic salt derived from a fatty acid, commonly used in cleaning products.		категория не определилась (не определилась)
gruel	C2	33343	Noun	(жидкая) каша	кашица	Rice gruel is easy to digest.	Рисовая каша легко переваривается.	A thin, watery porridge, formerly eaten primarily by the poor and the ill.		многозначное слово, подтвердить перевод нечем (2 разных этимологий); категория не определилась (не определилась)
muse	C1	13573	Noun	муза		You're my muse.	Вы моя муза.	Of a person: a source of inspiration.		категория не определилась (не определилась)
walt	B2	6064	Verb					To roll; tumble.	actions	нет русского перевода в Wiktionary; пример: предложение не целое
impoverished	C2	33346	Adjective	обедневший	обнищавший			Reduced to poverty.	qualities	пример: не для детей [страны и национальности]: haiti
kaji	C2	33347	Noun	кадж				An ugly anthropomorphic spirit.		пример: нет предложений в Tatoeba; категория не определилась (не определилась)
conscience	B2	6069	Noun	совесть		I'm your conscience.	Я твоя совесть.	The ethical or moral sense of right and wrong.		категория не определилась (не определилась)
tummy	C1	13581	Noun	живот	пузо; брюхо; брюшко	Mommy, I have a tummy ache.	Мамочка, у меня животик бобо.	The stomach or belly.		категория не определилась (не определилась)
container	B2	6070	Noun	контейнер	ёмкость; тара; сосуд			Someone who contains; something that contains. An item in which objects, materials or data can be stored or transported.	people	пример: слова нет в предложении
travis	B2	6071	Noun					A wooden frame to confine a horse while the smith is setting his shoes.	clothes	нет русского перевода в Wiktionary; пример: нет предложений в Tatoeba
occurrence	C1	13585	Noun	происшествие	случай	This is a daily occurrence.	Это происходит каждый день.	An actual instance when a situation occurs; an event or happening.		категория не определилась (не определилась)
generalized	C1	13586	Adjective	обобщённый		The generalized formula applies to all cases, the specialized one only works on simple problems.		Made more general, less specialized.	qualities	пример: слова нет в предложении
limelight	C2	33353	Noun		type of stage lighting → свет рампы; attention or notice → центр внимания	I'm not accustomed to being in the limelight.	Я не привык быть в центре внимания.	The intense white light produced when heating lime in an oxyhydrogen flame.		перевод не привязывается к значению — риск взять чужое; категория не определилась (не определилась)
packet	B2	6075	Noun	пакет	пачка	A packet of flour weighs a kilo.	Пакет муки весит килограмм.	A small pack or package; a little bundle or parcel.		категория не определилась (не определилась)
cruelty	C1	13587	Noun	жестокость	безжалостность; бессердечность; свирепость	Human cruelty has no limits.	Человеческая жестокость не имеет пределов.	An indifference to suffering or pleasure in inflicting suffering.		категория не определилась (не определилась)
morph	C2	33354	Noun	морф				A recurrent distinctive sound or sequence of sounds representing an indivisible morphological form; especially as representing a morpheme.		пример: нет предложений в Tatoeba; многозначное слово, подтвердить перевод нечем (5 разных этимологий); категория не определилась (не определилась)
debug	B2	6078	Verb	отлаживать	устранять неполадки; отладить			To search for and eliminate malfunctioning elements or errors in something, especially a computer program or machinery.	tech	пример: не для детей [прочее тяжёлое]: hate
comparative	C1	13588	Adjective	сравнительный		He gave us a comparative example to illustrate how the human mind works.		Of or relating to comparison.	qualities	пример: слова нет в предложении
confusion	B2	6079	Noun	путаница	неразбериха; беспорядок	Confusion arose.	Возникла путаница.	A lack of clarity or order.		категория не определилась (не определилась)
tamper	C2	33357	Noun	пест		I won't tamper with it.	Я не буду в это вмешиваться.	A person or thing that tamps. A tool used to tamp something down, such as tobacco in a pipe.	people	многозначное слово, подтвердить перевод нечем (2 разных этимологий)
thumb	B2	6083	Noun	большой палец		The child sucked her thumb.	Ребёнок сосал большой палец.	The shortest and thickest digit of the hand that for humans has the most mobility and can be made to oppose.		категория не определилась (не определилась)
rite	C1	13593	Noun	обряд	ритуал			A religious custom.		пример: не для детей (в переводе): свящ; многозначное слово, подтвердить перевод нечем (2 разных этимологий; части речи: Noun/Adjective/Adverb); категория не определилась (не определилась)
motherland	C2	33361	Noun	родина	отчизна; отечество	I love my motherland.	Я очень люблю родину.	The country of one's ancestors.		категория не определилась (не определилась)
vibrating	C1	13597	Adjective			It's vibrating.	Он вибрирует.	That vibrates.	qualities	нет русского перевода в Wiktionary
recreation	B2	6088	Noun	развлечение	отдых	What do you do for recreation around here?	Какие у вас тут развлечения?	Any activity, such as play, that amuses, diverts or stimulates.		категория не определилась (не определилась)
believer	C1	13598	Noun	верующий	верующая	She's a believer in life after death.		A person who believes; especially regarding religion.	people	пример: слова нет в предложении
regain	C1	13599	Verb			We regained consciousness.	Мы пришли в себя.	To get back; to recover possession of.	actions	нет русского перевода в Wiktionary
outflow	C2	33364	Noun	отток				The process of flowing out.	actions	пример: нет предложений в Tatoeba
quahog	C2	33369	Noun					An edible clam with a hard shell found along the Atlantic Coast of North America, from species Mercenaria mercenaria.	food	нет русского перевода в Wiktionary; пример: нет предложений в Tatoeba
arabic	B2	6095	Noun					Ellipsis of gum arabic.		нет русского перевода в Wiktionary; пример: слово в примере — имя собственное; категория не определилась (не определилась)
accountability	C1	13604	Noun	отчётность	подотчётность; ответственность			The state of being accountable.		пример: слова нет в предложении; категория не определилась (не определилась)
pic	B2	6097	Noun			Change your profile pic.	Поменяй аватарку.	A picture, especially a photographic image.		нет русского перевода в Wiktionary; категория не определилась (не определилась)
insurer	C1	13605	Noun	страховщик		After the accident I contacted the insurer who paid for the repairs.		One who insures.	people	пример: слова нет в предложении
goddess	B2	6098	Noun	богиня				A female deity.		пример: не для детей [страны и национальности]: greek; категория не определилась (не определилась)
crackers	C1	13606	Noun			You've got crackers.	Ты спятил.	A kind of noisy leather pants or trousers.		нет русского перевода в Wiktionary; категория не определилась (не определилась)
vamp	C2	33374	Noun	вамп				The top part of a boot or shoe, above the sole and welt and in front of the ankle seam, that covers the instep and toes.	clothes	пример: нет предложений в Tatoeba; многозначное слово, подтвердить перевод нечем (3 разных этимологий)
distraction	C1	13607	Noun	отвлечение		Poking one's eye is a good distraction from a hurting toe.		Something that distracts.		пример: слова нет в предложении; категория не определилась (не определилась)
multicast	C1	13608	Noun			multicast address		The simultaneous transmission of data to several destinations on a network.	tech	нет русского перевода в Wiktionary; пример: нет предложений в Tatoeba
americano	C2	33378	Noun	американо				A drink made of espresso coffee diluted with hot water.	food	пример: нет предложений в Tatoeba
sierra	B2	6101	Noun					A rugged range of mountains.		нет русского перевода в Wiktionary; пример: слово в примере — имя собственное; категория не определилась (не определилась)
venom	C1	13609	Noun	яд		This murky liquid contains venom.	Эта мутная жидкость содержит яд.	An animal toxin intended for defensive or offensive use; a biological poison delivered by bite, sting, etc.	animals	многозначное слово, подтвердить перевод нечем (части речи: Noun/Verb/Adjective)
stalking	C1	13613	Noun	сталкинг	сталкерство	He's stalking him.	Он его выслеживает.	The act of going stealthily.	actions	многозначное слово, подтвердить перевод нечем (3 разных этимологий)
banishment	C2	33381	Noun	изгнание	высылка	The judge pronounced banishment upon the war criminal.		The act of banishing.	actions	пример: длина английского предложения
unto	B2	6104	Conjunction			Evil unto him who thinks evil of it.	Да устыдится тот, кто дурно об этом думает.	Up to the time or degree that; until.	linkers	нет русского перевода в Wiktionary
centigrade	C2	33385	Adjective			The temperature went down to minus ten degrees centigrade last night.	Прошлой ночью похолодало до минус десяти.	Having 100 divisions between two fixed points.	qualities	нет русского перевода в Wiktionary
cornflakes	C2	33386	Noun	кукурузные хлопья	хлопья; корнфлекс			A breakfast cereal made from toasted flakes of maize.	objects	пример: не для детей (в переводе): рак
nil	C1	13622	Noun	ничто	ноль	This means nil.	Это ничего не значит.	Nothing; zero.		категория не определилась (не определилась)
maya	B2	6117	Noun			Maya and Chloe are friends.	Майя и Хлоя - подруги.	Magic; supernatural power as held by the gods.		нет русского перевода в Wiktionary; категория не определилась (не определилась)
hav	C2	33393	Verb					Informal spelling of have.	actions	нет русского перевода в Wiktionary; пример: нет предложений в Tatoeba
incubus	C1	13629	Noun	инкуб	демон; злой дух; злой гений			An evil spirit supposed to oppress people while asleep, especially to have sex with women as they sleep.		пример: нет предложений в Tatoeba; категория не определилась (не определилась)
discontent	C2	33394	Noun			I'm very discontented.	Я очень недоволен.	Dissatisfaction.		нет русского перевода в Wiktionary; категория не определилась (не определилась)
bacon	B2	6128	Noun	бекон	ветчина	I love bacon.	Я люблю бекон!	Cured meat from the sides, belly, or back of a pig.		категория не определилась (не определилась)
glitter	C1	13630	Noun	блеск		This ring has lost its glitter.	Это кольцо потеряло свой блеск.	A bright, sparkling light; shininess or brilliance.		категория не определилась (не определилась)
insight	B2	6132	Noun	интроспекция	инсайт	Compared to his father, he lacks insight.	По сравнению с отцом, ему не хватает проницательности.	A sight or view of the interior of anything; a deep inspection or view; introspection; frequently used with into.		перевод примера относится к другому значению; категория не определилась (не определилась)
viva	C1	13632	Verb					To cheer, applaud.	actions	нет русского перевода в Wiktionary (вынесен на отдельную страницу); пример: не для детей [лозунг]: Viva Ukraine!
saba	C2	33398	Noun					A sweet grape syrup made from grape must.	objects	нет русского перевода в Wiktionary; пример: нет предложений в Tatoeba
utility	B2	6135	Noun	полезность		Utility payments are higher in the winter.	Коммунальные платежи зимой выше.	The state or condition of being useful; usefulness.		категория не определилась (не определилась)
huzzah	C2	33399	Noun					A cheer often associated with sailors, shouted by a group in praise of a thing or event.		нет русского перевода в Wiktionary; пример: длина английского предложения; категория не определилась (не определилась)
goodman	C1	13635	Noun					A familiar appellation of civility for a man.		нет русского перевода в Wiktionary; пример: нет предложений в Tatoeba; категория не определилась (не определилась)
inspirational	C1	13636	Adjective					Having the ability to inspire.	qualities	нет русского перевода в Wiktionary; пример: слова нет в предложении
busty	C1	13638	Adjective	грудастый	грудастый	I could see a busty blonde at the end of the boardwalk.		Having large breasts.	qualities	пример: нет предложений в Tatoeba
leak	B2	6142	Noun	утечка	течь; протечка; пробоина	It's a leak.	Это утечка.	A crack, crevice, fissure, or hole which admits water or other fluid, or lets it escape.		категория не определилась (не определилась)
octane	C2	33404	Noun	октан				Any of the eighteen isomeric aliphatic hydrocarbons (C8H18) found in petroleum, especially an iso-octane 2,2,4 trimethyl-pentane.		пример: нет предложений в Tatoeba; категория не определилась (не определилась)
flap	C1	13641	Noun		flap of a garment → пола/подол; furniture flap / hinged leaf → откидная доска/откидная доска; upset / stir → возбуждение; flap of wings etc → хлопанье; concerning an aeroplane → закрылок	Birds flap their wings to fly.	Чтобы лететь, птицы машут крыльями.	Anything broad and flexible that hangs loose, or that is attached by one side or end and is easily moved.	actions	перевод не привязывается к значению — риск взять чужое
kono	C1	13645	Noun					A traditional Maori woven basket.		нет русского перевода в Wiktionary; пример: нет предложений в Tatoeba; категория не определилась (не определилась)
statue	B2	6148	Noun	статуя	изваяние			A three-dimensional work of art, usually representing a person or animal, usually created by sculpting, carving, molding, or casting.	animals	пример: Tatoeba недоступна (offline: нет в кэше)
circumference	C2	33409	Noun	окружность	периметр	How do you calculate the length of the circumference? I've forgotten.	Как вычислить длину окружности? Я забыл.	The line that bounds a circle or other two-dimensional figure.		категория не определилась (не определилась)
overview	B2	6153	Noun	обозрение		To begin with, read through each chapter quickly to get an overview of it.	Сначала читай каждую главу быстро, чтобы получить первое впечатление от неё как бы с высоты птичьего полёта.	A brief summary, as of a book or a presentation.		категория не определилась (не определилась)
pajama	C2	33413	Noun			He wore pajamas.	Он был в пижаме.	Attributive form of pajamas.		нет русского перевода в Wiktionary; категория не определилась (не определилась)
quarry	C1	13651	Noun	каменоломня	карьер	Michelangelo personally quarried marble from the world-famous quarry at Carrara.		A site for mining stone, such as limestone, or slate.	places	пример: нет предложений в Tatoeba; многозначное слово, подтвердить перевод нечем (3 разных этимологий)
dishonesty	C2	33414	Noun	нечестность	бесчестность			The characteristic or condition of being dishonest.		пример: нет предложений в Tatoeba; категория не определилась (не определилась)
zodiac	C1	13652	Noun	зодиак		What's your zodiac sign?	Кто ты по знаку зодиака?	The belt-like region of the celestial sphere, approximately eight degrees north and south of the ecliptic.		категория не определилась (не определилась)
quake	C1	13653	Noun	тряска		We felt a quake in the apartment every time the train went by.		A trembling or shaking.		пример: не для детей [оружие и война]: nuclear; категория не определилась (не определилась)
corkscrew	C2	33416	Noun	штопор		I wonder where the corkscrew is.	Интересно, где штопор.	An implement for opening bottles that are sealed by a cork. Sometimes specifically such an implement that includes a screw-shaped part.		категория не определилась (не определилась)
kay	B2	6160	Noun	кэй	ка			The name of the Latin script letter K/k.		пример: длина английского предложения; многозначное слово, подтвердить перевод нечем (3 разных этимологий); категория не определилась (не определилась)
bestow	C2	33418	Verb	использовать	употреблять; употребить	She bestowed a gift on me.	Она вручила мне подарок.	To apply or make use of (someone or something); to employ, to use. To apply (money) for some purpose; to expend, to spend.	money	перевод примера относится к другому значению
conversion	B2	6164	Noun	превращение	обращение; конверсия	His conversion to Christianity		The act of converting something or someone.	actions	пример: слова нет в предложении
blaze	C1	13657	Noun	(яркое) пламя	(яркий) огонь	He was blazing with anger.	Его переполняла ярость.	A fire, especially a fast-burning fire producing a lot of flames and light.		многозначное слово, подтвердить перевод нечем (4 разных этимологий); категория не определилась (не определилась)
gee	B2	6165	Noun		name of the letter G, g → джи/жэ/гэ; slang: a thousand dollars → косарь	Gee whiz!	Вот те на!	A gee-gee, a horse.		перевод не привязывается к значению — риск взять чужое; категория не определилась (не определилась)
jojo	C1	13659	Noun					A seasoned, battered and fried potato wedge.	time	нет русского перевода в Wiktionary; пример: слово в примере — имя собственное
synod	C2	33420	Noun	синод	синклит			An ecclesiastic council or meeting to consult on church matters.		пример: нет предложений в Tatoeba; категория не определилась (не определилась)
journalist	B2	6169	Noun		one whose occupation or profession is jo → журналист/журналистка/газетчик; reporter → репортёр/репортёрша/корреспондент	She's a journalist.	Она журналистка.	The keeper of a personal journal, who writes in it regularly.		перевод не привязывается к значению — риск взять чужое; категория не определилась (не определилась)
lance	B2	6171	Noun	пика		That's a lance.	Это копьё.	A weapon of war, consisting of a long shaft or handle and a steel blade or head; a spear carried by horsemen.		категория не определилась (не определилась)
excess	B2	6172	Noun	превышение		The excess of heavy water was given away to the neighbouring country.		The state of surpassing or going beyond a limit; the state of being beyond sufficiency, necessity.		пример: слова нет в предложении; многозначное слово, подтвердить перевод нечем (части речи: Noun/Adjective/Verb); категория не определилась (не определилась)
springer	C1	13664	Noun	прыгун				A person that springs.	people	пример: нет предложений в Tatoeba
rummage	C2	33425	Verb		(intransitive) to search something which → рыться/копаться; (transitive) to search something thoroug → обыскивать/обшаривать; to hastily search for → рыться/копаться	She rummaged in her capacious handbag.	Она рылась в своей бездонной сумке.	To arrange (cargo, goods, etc.) in the hold of a ship; to move or rearrange such goods.	actions	перевод не привязывается к значению — риск взять чужое
railroad	B2	6176	Noun			This railroad ends here.	Эта железная дорога кончается здесь.	A permanent track consisting of fixed metal rails to drive trains or similar motorized vehicles on.		нет русского перевода в Wiktionary (вынесен на отдельную страницу); категория не определилась (не определилась)
secrecy	C1	13666	Noun	засекреченность		Why all the secrecy?	К чему вся эта секретность?	Concealment; the condition of being secret or hidden.		категория не определилась (не определилась)
cracker	C1	13667	Noun	крекер	сухое печенье; сухарь	I ate all the crackers.	Я съел все крекеры.	A noisy boaster; a swaggering fellow.		категория не определилась (не определилась)
chatter	B2	6178	Noun	болтовня	трёп	I don't enjoy aimless chatter.	Не люблю пустой болтовни.	Talk, especially meaningless or unimportant talk.		категория не определилась (не определилась)
hyperlink	C1	13668	Noun	гиперссылка	гиперлинк; линк; ссылка	Click the hyperlink to go to the next page.		Some text or a graphic in an electronic document that can be activated to display another document or trigger an action.	tech	пример: нет предложений в Tatoeba
specs	B2	6180	Noun			Pass me my specs, please.	Подай мне очки, пожалуйста.	Specifications: plural of spec.		нет русского перевода в Wiktionary; категория не определилась (не определилась)
lambda	C1	13670	Noun	лямбда	ламбда			The eleventh letter of the Classical and Modern Greek alphabet, the twelfth of the Old Greek alphabet.		пример: нет предложений в Tatoeba; категория не определилась (не определилась)
balloon	B2	6184	Noun	воздушный шар		The balloon will burst.	Воздушный шар лопнет.	An inflatable buoyant object, often (but not necessarily) round and flexible.		категория не определилась (не определилась)
motorsports	C1	13671	Noun					Canada, US standard spelling of motorsport (“the class of all motorsports”).		нет русского перевода в Wiktionary; пример: нет предложений в Tatoeba; категория не определилась (не определилась)
creed	C1	13672	Noun	кредо	вера; вероисповедание; конфессия			That which is believed; accepted doctrine.		пример: нет предложений в Tatoeba; категория не определилась (не определилась)
antivirus	B2	6186	Noun	антивирус				A piece of software that is used to detect, delete and or neutralize computer-based viruses.	tech	пример: не для детей (в переводе): вирус
falk	C2	33438	Noun					The razorbill.		нет русского перевода в Wiktionary; пример: нет предложений в Tatoeba; категория не определилась (не определилась)
forty	B2	6187	Noun	сорок		She's forty.	Ей сорок лет.	A bottle (of beer) containing forty fluid ounces.		перевод есть только для другой части речи (Numeral вместо Noun); категория не определилась (не определилась)
comeback	C1	13676	Noun	возвращение	камбэк	That fad went out with the eighties, but I think it's making a comeback.		A return after an extended period of obscurity or underperformance.		пример: нет предложений в Tatoeba; категория не определилась (не определилась)
sheesh	C2	33441	Interjection	тьфу	фу-ты; блин; чёрт			An expression of disbelief or exasperation.	communication	пример: длина английского предложения
abstain	C2	33442	Verb		refrain from → воздержаться/воздерживаться; refrain from voting → воздерживаться/воздержаться	I abstain.	Я воздерживаюсь.	Keep or withhold oneself.	actions	перевод не привязывается к значению — риск взять чужое
listener	C1	13682	Noun	слушатель	слушательница			Someone who listens, especially to a speech or a broadcast.	people	пример: слова нет в предложении
elongation	C2	33443	Noun					The act of lengthening.	actions	нет русского перевода в Wiktionary; пример: слова нет в предложении
shim	C2	33445	Noun	регулировочная прокладка				A thin piece of material, sometimes tapered, used for alignment or support.	objects	пример: нет предложений в Tatoeba; многозначное слово, подтвердить перевод нечем (2 разных этимологий)
grill	B2	6195	Noun	решётка	рашпер	I'm grilling fish.	Я готовлю рыбу на гриле.	A grating; a grid of wire or a sheet of material with a pattern of holes or slots.	objects	многозначное слово, подтвердить перевод нечем (4 разных этимологий; части речи: Noun/Verb/Adjective)
claimant	C1	13690	Noun					One who claims; one who makes a claim.	people	нет русского перевода в Wiktionary (вынесен на отдельную страницу); пример: нет предложений в Tatoeba
adieu	C2	33448	Noun	прощание		I bid you adieu.	Я прощаюсь с тобой.	A farewell, a goodbye; especially a fond farewell, or a lasting or permanent farewell.		категория не определилась (не определилась)
priory	C2	33457	Noun	приорат				A monastery or convent governed by a prior or prioress.		пример: нет предложений в Tatoeba; категория не определилась (не определилась)
hobby	B2	6205	Noun	хобби	увлечение; конёк	It is my hobby.	Это моё хобби.	An activity that one enjoys doing in one's spare time.		категория не определилась (не определилась)
expo	C1	13697	Noun					An exposition (type of public exhibition). A world's fair.	society	нет русского перевода в Wiktionary; пример: нет предложений в Tatoeba
somatic	C2	33461	Adjective					Part of, or relating to the body of an organism.	qualities	нет русского перевода в Wiktionary; пример: нет предложений в Tatoeba
coroner	C1	13704	Noun	коронер	следователь по убийствам; судебный следователь; судмедэксперт	The coroner confirmed the cause of death.		A public official who presides over an inquest into unnatural deaths, and who may have.	society	пример: длина английского предложения
adrenaline	C1	13705	Noun	адреналин				Epinephrine, the hormone and neurotransmitter.		пример: слова нет в предложении; категория не определилась (не определилась)
malloc	C2	33467	Noun					A subroutine in the C programming language's standard library for performing dynamic memory allocation.	mind	нет русского перевода в Wiktionary; пример: нет предложений в Tatoeba
howling	C1	13711	Noun	вой	завывание	A wolf is howling.	Воет волк.	The act of producing howls.	actions	многозначное слово, подтвердить перевод нечем (2 разных этимологий; части речи: Noun/Verb/Adjective)
regent	C1	13713	Noun	регент				One who rules in place of the monarch, especially because the monarch is too young, absent, or disabled.	people	пример: нет предложений в Tatoeba
placid	C2	33470	Adjective	спокойный	безмятежный; мирный	a placid disposition		Calm and quiet; peaceful; tranquil.	qualities	пример: длина английского предложения
fairness	C1	13718	Noun	справедливость	беспристрастие	We value fairness.	Мы ценим справедливость.	The property of being fair or equitable.		категория не определилась (не определилась)
delirium	C2	33475	Noun	бред	делирий; горячка	Life is a delirium.	Жизнь — это бред.	A temporary mental state with a sudden onset, usually reversible, including symptoms of confusion, inability to concentrate, disorientation.		категория не определилась (не определилась)
handicap	C1	13719	Noun		in a competition, allowance granted or h → фора/гандикап; disadvantage, in particular physical or  → недостаток/увечье	He is mentally handicapped.	Он психически больной.	Something that prevents, hampers, or hinders.		перевод не привязывается к значению — риск взять чужое; категория не определилась (не определилась)
tempo	C1	13724	Noun	темп		A slower tempo would be better.	Более медленный темп был бы лучше.	A frequency or rate.		категория не определилась (не определилась)
haystack	C2	33480	Noun	стог	стог сена; копна	That's like finding a needle in a haystack.	Это как найти иголку в стоге сена.	A mound, pile, or stack of stored hay.		категория не определилась (не определилась)
thriller	C1	13725	Noun	триллер		It's a thriller movie.	Это триллер.	Something that thrills.		категория не определилась (не определилась)
valet	C1	13730	Noun	камердинер	слуга; денщик; ординарец			A man's personal male attendant, responsible for his clothes and appearance.	clothes	пример: нет предложений в Tatoeba
dow	C1	13731	Verb					To be worth.	actions	нет русского перевода в Wiktionary; пример: нет предложений в Tatoeba
enrol	C2	33483	Verb			I want to enrol on a course.	Я хочу записаться на курс.	UK, New Zealand, Australia, Ireland, and Canada standard spelling of enroll.	actions	нет русского перевода в Wiktionary (вынесен на отдельную страницу)
upholstered	C2	33485	Adjective			The sofa was upholstered in velvet.	Софа была обита бархатом.	Covered in or characterized by upholstery.	qualities	нет русского перевода в Wiktionary
slashdot	C1	13733	Verb					To render a website slow or unusable via the unusually large number of page requests that result from a link on a very popular web site.	actions	нет русского перевода в Wiktionary; пример: Tatoeba недоступна (offline: нет в кэше)
evangelist	C2	33486	Noun	евангелист	евангелистка			An itinerant or special preacher, especially a revivalist, who conducts services in different cities or locations, now often televised.		пример: нет предложений в Tatoeba; категория не определилась (не определилась)
grassy	C2	33487	Adjective			a grassy knoll		Covered with grass.	qualities	нет русского перевода в Wiktionary; пример: слова нет в предложении
glaucoma	C2	33492	Noun	глаукома				An eye disease or disorder that is defined as a characteristic optic neuropathy, or disease of the optic nerve, possibly, if untreated.	health	пример: Tatoeba недоступна (offline: нет в кэше)
whopper	C2	33493	Noun	громадина				Something remarkably large.		пример: нет предложений в Tatoeba; категория не определилась (не определилась)
blud	C2	33501	Noun					Informal address to a man.		нет русского перевода в Wiktionary; пример: нет предложений в Tatoeba; категория не определилась (не определилась)
unlisted	C2	33507	Adjective			I think Tom's number is unlisted.	Я думаю, что в телефонном справочнике нет номера Тома.	Not included in a list. Not listed in the telephone directory.	qualities	нет русского перевода в Wiktionary
