тип	уровень	фраза	наш перевод	переводы Wiktionary	сверка перевода	буквально	наше определение	определение Wiktionary	сверка определения	пример	перевод примера	пример подтверждён	замечания
phrasal	A1	get up	вставать, подниматься	подниматься; подняться; вставать; встать	совпал	взять вверх	to rise from bed	To move in an upward direction; to ascend or climb.	РАЗОШЁЛСЯ	Hey, get up.	Эй, вставай.	да	определение Wiktionary про другое значение: To move in an upward direction; to ascend or climb.
phrasal	A1	sit down	садиться	садиться; сесть	совпал	сидеть вниз	to take a seat	To assume a sitting position from a standing position.	РАЗОШЁЛСЯ	Sit down.	Садитесь, пожалуйста.	да	определение Wiktionary про другое значение: To assume a sitting position from a standing position.
phrasal	A1	stand up	вставать на ноги	вставать; встать; динамить	совпал	стоять вверх	to rise to your feet	To rise from a lying or sitting position.	совпал	Just stand up.	Просто встань.	да	
phrasal	A1	wake up	просыпаться, будить	просыпаться; пробуждаться; проснуться; пробудиться; будить	совпал	проснуться вверх	to stop sleeping	To stop sleeping; to awake.	совпал	Wake up, dear.	Просыпайся, дорогой.	да	
phrasal	A1	come in	входить	вступать; вступить	РАЗОШЁЛСЯ	прийти внутрь	to enter a room	To arrive.	РАЗОШЁЛСЯ	Come in.	Входите, пожалуйста.	да	определение Wiktionary про другое значение: To arrive.; перевод расходится с Wiktionary: вступать; вступить
phrasal	A1	go out	выходить, гулять	выходить; выйти; бывать в обществе; ходить аут; встречаться	совпал	идти наружу	to leave the house	To leave, especially a building.	совпал	I'm going out.	Я выхожу.	да	
phrasal	A1	come back	возвращаться	возвращаться; возвратиться; вернуться	совпал	прийти назад	to return to a place	To return to a place.	совпал	Come back in.	Возвращайся внутрь.	да	
phrasal	A1	go back	возвращаться	возвращаться; возвратиться; вернуться; быть знакомыми; брать начало	совпал	идти назад	to return to where you were	To return to a place or state after having been there at a previous time.	совпал	Go back in.	Возвращайся внутрь.	да	
phrasal	A1	put on	надевать	надевать; надеть; ставить; поставить	совпал	положить на	to dress yourself in something	To don (clothing, equipment, or the like).	РАЗОШЁЛСЯ	Put on a shirt.	Надень рубашку.	да	определение Wiktionary про другое значение: To don (clothing, equipment, or the like).
phrasal	A1	turn on	включать	открывать; включать; открыть; включить; включаться	совпал	повернуть на	to make a machine start working	To set a flow of fluid or gas running by rotating a tap or valve.	РАЗОШЁЛСЯ	Turn on the light.	Включи свет.	да	определение Wiktionary про другое значение: To set a flow of fluid or gas running by rotating a tap or valve.
phrasal	A1	turn off	выключать	выключать; гасить; тушить; выключить; погасить	совпал	повернуть прочь	to make a machine stop working	Used other than figuratively or idiomatically: see turn,‎ off.	РАЗОШЁЛСЯ	Turn off the fan.	Выключи вентилятор.	да	определение Wiktionary про другое значение: Used other than figuratively or idiomatically: see turn,‎ off.
phrasal	A1	look at	смотреть на	светить	РАЗОШЁЛСЯ	смотреть у	to direct your eyes at something	To observe or watch.	РАЗОШЁЛСЯ	Look at us.	Посмотри на нас.	нет	определение Wiktionary про другое значение: To observe or watch.; перевод расходится с Wiktionary: светить; пример не подтверждён переводом — проверить значение
phrasal	A2	take off	снимать (одежду); взлетать	снимать; убирать; снять; убрать; взлетать	совпал	взять прочь	to remove a piece of clothing	To remove.	совпал	The owl takes off.	Сова взлетает.	да	
phrasal	A2	look for	искать	искать; поискать	совпал	смотреть для	to try to find something	To expect.	РАЗОШЁЛСЯ	I looked for you.	Я тебя искал.	да	определение Wiktionary про другое значение: To expect.
phrasal	A2	give up	сдаваться, бросать	сдаваться; сдавать; выдавать; сдаться; сдать	совпал	дать вверх	to stop trying	To surrender; to inform on (someone).	РАЗОШЁЛСЯ	Never give up.	Никогда не сдавайся.	да	определение Wiktionary про другое значение: To surrender; to inform on (someone).
phrasal	A2	hurry up	поторопиться	торопиться; спешить; поторопиться	совпал	спешить вверх	to move or act faster	To hurry; to increase the speed of doing something.	РАЗОШЁЛСЯ	Hurry up, Mom.	Мам, поторопись!	да	определение Wiktionary про другое значение: To hurry; to increase the speed of doing something.
phrasal	A2	get in	садиться (в машину), входить	входить; войти	совпал	взять внутрь	to enter a car or small space	Used other than figuratively or idiomatically: see get,‎ in.	РАЗОШЁЛСЯ	Now get in.	Теперь входи.	да	определение Wiktionary про другое значение: Used other than figuratively or idiomatically: see get,‎ in.
phrasal	A2	get out	выходить, вылезать	иди ты!	РАЗОШЁЛСЯ	взять наружу	to leave a car or a place	To leave or escape.	совпал	Get out of there.	Выходи оттуда.	да	перевод расходится с Wiktionary: иди ты!
phrasal	A2	get on	садиться (в автобус, поезд)	садиться; сесть; справляться; стареть; состариться	совпал	взять на	to board a bus or train	To board or mount (something), especially a vehicle.	совпал	Get on the bus.	Садись в автобус.	да	
phrasal	A2	get off	выходить (из автобуса, поезда)	спускаться; опускаться; спуститься; опуститься; снимать	совпал	взять прочь	to leave a bus or train	To move from being on top of (something) to not being on top of it.	РАЗОШЁЛСЯ	Get off my car.	Выходите из моей машины.	да	определение Wiktionary про другое значение: To move from being on top of (something) to not being on top of it.
phrasal	A2	put down	класть, опускать	ставить; поставить; усыплять; усыпить	РАЗОШЁЛСЯ	положить вниз	to place something on a surface	To insult, belittle, or demean.	РАЗОШЁЛСЯ	Put down the knife.	Положи нож.	нет	определение Wiktionary про другое значение: To insult, belittle, or demean.; перевод расходится с Wiktionary: ставить; поставить; усыплять; усыпить; пример не подтверждён переводом — проверить значение
phrasal	A2	pick up	поднимать; забирать	подбирать; поднимать; подобрать; поднять; улучшаться	совпал	поднять вверх	to lift something from the ground	To lift; to grasp and raise.	совпал	Pick up the bike.	Подними велосипед.	да	
phrasal	A2	write down	записывать	записывать; регистрировать; записать; зарегистрировать; понижать цену/стоимость	совпал	писать вниз	to write something on paper	Used other than figuratively or idiomatically: see write,‎ down.	совпал	Write down my number.	Запиши мой телефон.	да	
phrasal	A2	clean up	убирать, наводить порядок	убираться; прибираться	совпал	чистить вверх	to make a place tidy and clean	To make an area or a thing clean; to pick up a mess; to tidy.	совпал	Help me clean up.	Помоги мне с уборкой.	нет	пример не подтверждён переводом — проверить значение
phrasal	A2	wash up	мыть посуду	умываться; мыть руки; умыться; помыть руки; быть вынесенным на берег	совпал	мыть вверх	to wash the plates after a meal	To clean the utensils, dishes etc. used in preparing and eating a meal.	совпал	You washed up.	Ты помыл посуду.	да	
phrasal	A2	try on	примерять	примерять; примерить	совпал	пробовать на	to put clothes on to see if they fit	To test the look or fit of (a garment) by wearing it.	совпал	Try on this gown.	Примерь это платье.	да	
phrasal	A2	throw away	выбрасывать	выбрасывать; выкидывать; выбросить; выкинуть	совпал	бросить прочь	to get rid of something you do not need	To discard (trash, garbage, or the like), to toss out, to put in the trash.	РАЗОШЁЛСЯ	Throw away the rubbish.	Выбрось мусор.	да	определение Wiktionary про другое значение: To discard (trash, garbage, or the like), to toss out, to put in the trash.
phrasal	A2	run away	убегать	убегать; сматываться; убежать	совпал	бежать прочь	to leave a place quickly to escape	To flee by running.	РАЗОШЁЛСЯ	I'll run away.	Я убегу.	да	определение Wiktionary про другое значение: To flee by running.
phrasal	A2	grow up	расти, взрослеть	расти; вырастать; вырасти	совпал	расти вверх	to become an adult	To mature and become an adult.	совпал	I'm growing up.	Я расту.	да	
phrasal	A2	find out	узнавать, выяснять	узнавать; обнаружить; узнать	совпал	найти наружу	to learn a fact	To discover, as by asking or investigating.	РАЗОШЁЛСЯ	Go find out.	Иди выясни.	да	определение Wiktionary про другое значение: To discover, as by asking or investigating.
phrasal	A2	look after	присматривать, ухаживать	приглядывать; присматривать; следить; заботиться; ухаживать	совпал	смотреть после	to take care of someone	To follow with the eyes; to look in the direction of (someone or something departing).	РАЗОШЁЛСЯ	Look after her.	Присмотри за ней.	да	определение Wiktionary про другое значение: To follow with the eyes; to look in the direction of (someone or something departing).
phrasal	A2	go on	продолжать; происходить	продолжать; продолжить; происходить	совпал	идти на	to continue doing something	To continue in extent.	совпал	Please go on.	Пожалуйста, продолжай.	да	
phrasal	A2	come on	давай, ну же	выступать; выступить; пошли; давай; ну-ну!	совпал	прийти на	used to tell someone to hurry or try	To encounter, discover; to come upon.	РАЗОШЁЛСЯ	Come on.	Ну давай!	да	определение Wiktionary про другое значение: To encounter, discover; to come upon.
phrasal	A2	put away	убирать на место	убирать; убрать	совпал	положить прочь	to put something back where it belongs	To put (something) in its usual storage place; to place out of the way, clean up.	совпал	Put away the bread.	Отложи хлеб.	нет	пример не подтверждён переводом — проверить значение
phrasal	A2	eat out	есть в кафе, ужинать вне дома	ходить в ресторан; сходить в ресторан; делать куннилингус; вылизывать; сделать куннилингус	РАЗОШЁЛСЯ	есть наружу	to have a meal in a restaurant	To dine at a restaurant or such public place.	совпал	I eat out a lot.	Я часто ем не дома.	да	перевод расходится с Wiktionary: ходить в ресторан; сходить в ресторан; делать куннилингус; вылизывать
phrasal	A2	get back	возвращаться; получить обратно		нечем	взять назад	to return to a place	Return to where one came from.	совпал	Get back here.	Возвращайся сюда!	да	
phrasal	A2	call back	перезвонить	перезвонить	совпал	звонить назад	to telephone someone again	To request someone's return; to bring back or restore; to recall.	РАЗОШЁЛСЯ	He called back.	Он перезвонил.	да	определение Wiktionary про другое значение: To request someone's return; to bring back or restore; to recall.
phrasal	A2	switch on	включать	включать; включить	совпал	переключить на	to turn a device on	To start or enable a device by turning a switch or a lever.	совпал	Leave it switched on.	Оставь его включённым.	да	
phrasal	A2	switch off	выключать	выключать; выключить	совпал	переключить прочь	to turn a device off	To stop or disable a device by turning a switch or a lever.	совпал	Switch off the mic.	Выключи микрофон.	да	
phrasal	A2	give back	возвращать (вещь)	возвращать; отдавать; вернуть; отдать	совпал	дать назад	to return something to its owner	To return, restore (a thing to its original owner or location etc.).	совпал	Give back what you took from him.	Верните ему то, что взяли.	нет	пример не подтверждён переводом — проверить значение
phrasal	A2	tidy up	прибираться		нечем	прибрать вверх	to make a place neat	To make clean, to make satisfactorily neat.	совпал	Tidy up the room.	Приберись в комнате.	да	
phrasal	B1	sit up	сесть прямо; не ложиться спать		нечем	сидеть вверх	to move into a sitting position	To assume a sitting position from a position lying down.	совпал	Sit up straight.	Сядьте прямо.	да	
phrasal	B1	turn up	прибавить (звук); объявиться	объявляться; находиться; делать; громче; выше	совпал	повернуть вверх	to increase the volume	To show up; to appear suddenly or unexpectedly.	РАЗОШЁЛСЯ	Turn up the TV.	Сделай телевизор погромче.	нет	определение Wiktionary про другое значение: To show up; to appear suddenly or unexpectedly.; пример не подтверждён переводом — проверить значение
phrasal	B1	turn down	убавить (звук); отказать	отвергать; отклонять; отказываться; отвергнуть; отклонить	совпал	повернуть вниз	to reduce the volume	To refuse, decline, or deny.	РАЗОШЁЛСЯ	Turn down the volume.	Убавь звук.	да	определение Wiktionary про другое значение: To refuse, decline, or deny.
phrasal	B1	move in	въезжать (в новое жильё)	въезжать; вселяться; въехать; вселиться	совпал	двигаться внутрь	to start living in a new home	To start living or working in a new place.	совпал	I'll move in.	Я перееду туда жить.	нет	пример не подтверждён переводом — проверить значение
phrasal	B1	move out	съезжать (с квартиры)	съезжать; выселяться; выезжать; уезжать; съехать	совпал	двигаться наружу	to leave the home you lived in	To leave one's present location; to leave somewhere for another place.	совпал	I hear you're moving out.	Я слышал, вы съезжаете.	да	
phrasal	B1	hang up	вешать трубку	вешать; повесить; класть трубку; вешать трубку; положить трубку	совпал	вешать вверх	to end a telephone call	To put up to hang.	РАЗОШЁЛСЯ	Hang up.	Кладите трубку.	да	определение Wiktionary про другое значение: To put up to hang.
phrasal	B1	fill in	заполнять (бланк)	давать более полную информацию; замещать; заместить	РАЗОШЁЛСЯ	наполнять внутрь	to write information in a form	To fill; to replace material that is absent or has been removed.	РАЗОШЁЛСЯ	Fill in this form.	Заполните эту форму.	да	определение Wiktionary про другое значение: To fill; to replace material that is absent or has been removed.; перевод расходится с Wiktionary: давать более полную информацию; замещать; заместить
phrasal	B1	hand in	сдавать (работу учителю)	сдать	РАЗОШЁЛСЯ	рука внутрь	to give work to a teacher	To give something to a responsible person.	совпал	Hand in your homework.	Сдавайте домашнюю работу!	да	перевод расходится с Wiktionary: сдать
phrasal	B1	hand out	раздавать	раздавать; раздать	совпал	рука наружу	to give something to each person	To distribute; to give out, either by hand or as if so (figuratively).	совпал	Hand out the maps to us.	Раздайте нам карты.	да	
phrasal	B1	carry on	продолжать	продолжать; продолжаться; продолжить	совпал	нести на	to continue	To continue or proceed as before.	совпал	He carried on lying.	Он продолжал врать.	да	
phrasal	B1	put off	откладывать на потом	откладывать; отложить; отталкивать	совпал	положить прочь	to move something to a later time	To postpone, especially through procrastination.	РАЗОШЁЛСЯ	Don't put off those matters.	Не откладывай эти дела на потом.	да	определение Wiktionary про другое значение: To postpone, especially through procrastination.
phrasal	B1	take care of	заботиться о	заботиться; присматривать; позаботиться; присмотреть; заниматься	совпал	взять заботу о	to look after someone or something	To look after, to care for.	совпал	Take care of him.	Позаботься о нём.	нет	пример не подтверждён переводом — проверить значение
phrasal	B1	look forward to	с нетерпением ждать	предвкушать; ждать с нетерпением; не мочь дождаться	совпал	смотреть вперёд к	to wait for something with pleasure	To anticipate, expect, or wait for, especially with a feeling of approval or pleasure.	совпал	I look forward to it.	Жду с нетерпением.	да	
phrasal	B1	get along	ладить, уживаться	ладить; уживаться; справляться	совпал	взять вдоль	to have a friendly relationship	To interact or coexist well, without argument or trouble.	РАЗОШЁЛСЯ	We all get along.	Мы все ладим.	да	определение Wiktionary про другое значение: To interact or coexist well, without argument or trouble.
phrasal	B1	break down	ломаться (о технике)	ломаться; сломаться; разобрать	совпал	ломать вниз	to stop working	To stop functioning.	совпал	They are breaking down the wall.	Они ломают стену.	да	
phrasal	B1	work out	тренироваться; получаться	рассчитывать; вычислять; рассчитать; вычислить; понимать	совпал	работать наружу	to do physical exercise	To calculate.	РАЗОШЁЛСЯ	I work out.	Я тренируюсь.	да	определение Wiktionary про другое значение: To calculate.
phrasal	B1	figure out	разобраться, понять	разбираться; постигать; разобраться; постигнуть; постичь	совпал	фигура наружу	to understand after thinking	To come to understand; to discover or find a solution; to deduce.	совпал	I can't figure out why.	Я не могу понять почему.	да	
phrasal	B1	point out	указывать, отмечать	указывать; указать; напоминать; привлекать внимание; напомнить	совпал	указать наружу	to make someone notice something	To identify among a group of similar subjects.	РАЗОШЁЛСЯ	She pointed out my mistake.	Она указала мне на ошибку.	да	определение Wiktionary про другое значение: To identify among a group of similar subjects.
phrasal	B1	set up	устанавливать, организовывать	устанавливать; установить; расставлять; располагать; расставить	совпал	ставить вверх	to build or start something	To make ready for use.	РАЗОШЁЛСЯ	We'll set up a meeting.	Мы организуем встречу.	да	определение Wiktionary про другое значение: To make ready for use.
phrasal	B1	take part in	участвовать в		нечем	взять часть в	to join an activity		нечем	I refuse to take part in this.	Я отказываюсь принимать в этом участие.	да	
phrasal	B1	deal with	иметь дело с, решать	рассматривать; рассмотреть	РАЗОШЁЛСЯ	сделка с	to handle a problem or a person	To handle verbally or in some form of artistic expression; to address or discuss as a subject.	совпал	Deal with it.	Разбирайся с этим.	нет	перевод расходится с Wiktionary: рассматривать; рассмотреть; пример не подтверждён переводом — проверить значение
phrasal	B1	bring up	воспитывать; поднимать (тему)	воспитывать; растить; воспитать; вырастить	совпал	принести вверх	to raise a child	Used other than figuratively or idiomatically: see bring,‎ up: To bring from a lower to a higher position.	РАЗОШЁЛСЯ	Bringing up a baby is hard work.	Воспитание детей — тяжелый труд.	да	определение Wiktionary про другое значение: Used other than figuratively or idiomatically: see bring,‎ up: To bring from a lower to a higher position.
phrasal	B1	call off	отменять	отзывать; отменять	совпал	звать прочь	to cancel an event	To recall; to cancel or call a halt to.	совпал	The deal is called off.	Сделка отменяется.	да	
phrasal	B1	check in	регистрироваться (в гостинице, на рейс)	регистрироваться; зарегистрироваться	совпал	проверить внутрь	to report your arrival at a hotel or airport	To announce or record one's own arrival at a hotel, airport etc.	совпал	I'll check in.	Я зарегистрируюсь.	нет	пример не подтверждён переводом — проверить значение
phrasal	B1	check out	выписываться из гостиницы	расплачиваться; расплатиться; брать; взять; проверять	РАЗОШЁЛСЯ	проверить наружу	to pay and leave a hotel	To record the departure or withdrawal of someone or something (such as guests, employees, books, etc.).	РАЗОШЁЛСЯ	I'm checking out.	Я ухожу.	нет	определение Wiktionary про другое значение: To record the departure or withdrawal of someone or something (such as guests, employees, books, etc.).; перевод расходится с Wiktionary: расплачиваться; расплатиться; брать; взять; пример не подтверждён переводом — проверить значение
phrasal	B1	come across	наткнуться, случайно найти	натыкаться; наткнуться; встретиться	совпал	прийти поперёк	to find something by chance	Used other than figuratively or idiomatically: see come,‎ across.	РАЗОШЁЛСЯ	I've never come across such a strange case.	Я ещё никогда не сталкивался с таким странным случаем.	да	определение Wiktionary про другое значение: Used other than figuratively or idiomatically: see come,‎ across.
phrasal	B1	cut down	сократить (потребление)	спиливать; срубать; принижать; умалять; сокращать	совпал	резать вниз	to use less of something	To cut downward.	РАЗОШЁЛСЯ	Cut down the tree.	Сруби дерево.	нет	определение Wiktionary про другое значение: To cut downward.; пример не подтверждён переводом — проверить значение
phrasal	B1	keep on	продолжать делать	продолжать	совпал	держать на	to continue doing something	To persist or continue.	совпал	Keep on trying.	Продолжай попытки.	да	
phrasal	B1	give in	уступить, сдаться	проваливаться; провалиться; подламываться; подломиться; сдаваться	совпал	дать внутрь	to stop resisting	To collapse or fall.	РАЗОШЁЛСЯ	Don't give in.	Не уступай.	да	определение Wiktionary про другое значение: To collapse or fall.
phrasal	B1	go over	просматривать, повторять	хорошо приниматься	РАЗОШЁЛСЯ	идти над	to look at something again carefully	Used other than figuratively or idiomatically: see go,‎ over.	РАЗОШЁЛСЯ	Go over there.	Вон отсюда!	нет	определение Wiktionary про другое значение: Used other than figuratively or idiomatically: see go,‎ over.; перевод расходится с Wiktionary: хорошо приниматься; пример не подтверждён переводом — проверить значение
phrasal	B1	hold on	подождать; держаться	подождать; повременить; держаться; подержать	совпал	держать на	to wait for a short time	To grasp or grip firmly.	РАЗОШЁЛСЯ	Hold on.	Пожалуйста, подождите.	да	определение Wiktionary про другое значение: To grasp or grip firmly.
phrasal	B1	look up	искать (в словаре, справочнике)	улучшаться; искать; смотреть; поискать; посмотреть	совпал	смотреть вверх	to search for information in a book	Used other than figuratively or idiomatically: see look,‎ up.	РАЗОШЁЛСЯ	Look up.	Посмотрите наверх.	нет	определение Wiktionary про другое значение: Used other than figuratively or idiomatically: see look,‎ up.; пример не подтверждён переводом — проверить значение
phrasal	B1	put together	собирать, составлять	собрать; составить; сообразить; собраться с мыслями; вместе взятых	совпал	положить вместе	to make something from parts	To assemble, construct, build, or formulate.	РАЗОШЁЛСЯ	Putting together a dictionary demands an enormous amount of time.	Составление словаря требует огромного количества времени.	да	определение Wiktionary про другое значение: To assemble, construct, build, or formulate.
phrasal	B1	show up	появляться, приходить	объявляться; находиться; появляться; показываться; объявиться	совпал	показать вверх	to arrive somewhere	To appear, arrive, or attend, especially suddenly or erratically.	совпал	He'll show up.	Он появится.	да	
phrasal	B1	sort out	разобраться, уладить	разбираться; разобраться; исправлять; устранять; исправить	совпал	сортировать наружу	to solve a problem or organise things	To clarify by reviewing mentally.	РАЗОШЁЛСЯ	I'm glad it's sorted out.	Я рад, что мы это уладили.	да	определение Wiktionary про другое значение: To clarify by reviewing mentally.
phrasal	B1	take up	заняться (новым делом)	поднимать; принять	РАЗОШЁЛСЯ	взять вверх	to start a new hobby	To lift; to raise. To pick up. To remove (a ground or floor surface.	РАЗОШЁЛСЯ	You should take up knitting.	Тебе стоит заняться вязанием.	да	определение Wiktionary про другое значение: To lift; to raise. To pick up. To remove (a ground or floor surface.; перевод расходится с Wiktionary: поднимать; принять
phrasal	B1	warm up	разогреваться, разминаться	нагреваться; согреваться; греться; нагреться; согреться	совпал	греть вверх	to prepare your body for exercise	To become warmer.	РАЗОШЁЛСЯ	I'm just warming up now.	Я сейчас только разминаюсь.	да	определение Wiktionary про другое значение: To become warmer.
phrasal	B1	slow down	замедляться	замедлять; снижать скорость; замедлить; снизить скорость	совпал	медленно вниз	to go more slowly	To decelerate.	РАЗОШЁЛСЯ	Slow down.	Сбавь скорость.	нет	определение Wiktionary про другое значение: To decelerate.; пример не подтверждён переводом — проверить значение
phrasal	B1	speed up	ускоряться	ускоряться; убыстряться; увеличивать скорость; ускориться; убыстриться	совпал	скорость вверх	to go faster	To accelerate; to increase speed.	РАЗОШЁЛСЯ	It's speeding up.	Он ускоряется.	да	определение Wiktionary про другое значение: To accelerate; to increase speed.
phrasal	B1	break up	расставаться; распадаться	разбиваться; разбиться; расходиться; расставаться; разойтись	совпал	ломать вверх	to end a relationship	To break or separate into pieces.	РАЗОШЁЛСЯ	We should break up.	Нам надо расстаться.	да	определение Wiktionary про другое значение: To break or separate into pieces.
phrasal	B1	make up	мириться; выдумывать	составлять; составить; компенсировать; возмещать; навёрстывать	совпал	делать вверх	to become friends again after a quarrel	To constitute, to compose. To constitute the components of a whole.	РАЗОШЁЛСЯ	He makes up stories.	Он выдумывает истории.	да	определение Wiktionary про другое значение: To constitute, to compose. To constitute the components of a whole.
phrasal	B1	get over	оправиться, пережить	преодолевать; преодолеть; смиряться; свыкаться; смириться	РАЗОШЁЛСЯ	взять над	to recover from something bad	To overcome.	РАЗОШЁЛСЯ	I'll get over it.	Я переживу.	да	определение Wiktionary про другое значение: To overcome.; перевод расходится с Wiktionary: преодолевать; преодолеть; смиряться; свыкаться
phrasal	B1	turn into	превращаться в	превращаться; превратиться; превращать; превратить	совпал	повернуть в	to become something different	To become.	совпал	She turned into a fairy.	Она превратилась в фею.	да	
phrasal	B1	put up	вешать, размещать	ставить	РАЗОШЁЛСЯ	положить вверх	to fix something to a wall	To place in a high location.	РАЗОШЁЛСЯ	Put up your dukes.	Готовьтесь к бою.	нет	определение Wiktionary про другое значение: To place in a high location.; перевод расходится с Wiktionary: ставить; пример не подтверждён переводом — проверить значение
phrasal	B1	take back	забирать назад; брать слова обратно	брать (свои) слова обратно; возвращать в; к; возвращать; возвратить	совпал	взять назад	to return something to a shop	To retract or withdraw (an earlier statement).	РАЗОШЁЛСЯ	Take back what you said.	Возьми свои слова обратно.	да	определение Wiktionary про другое значение: To retract or withdraw (an earlier statement).
phrasal	B1	leave out	пропускать, не включать		нечем	оставить наружу	to not include something	To omit, to not include, to neglect to mention.	совпал	You should leave out these two lines.	Эти две строки вам следует пропустить.	да	
phrasal	B1	join in	присоединяться		нечем	присоединиться внутрь	to take part with other people	To participate, take part or get involved in something.	совпал	Please join in.	Присоединяйтесь, пожалуйста.	да	
phrasal	B1	save up	копить деньги	копить; накопить; скопить	совпал	сберечь вверх	to keep money for something you want	To accumulate money, especially for a specific, planned expenditure.	совпал	We need to save up.	Нам нужно откладывать деньги.	да	
phrasal	B1	pay back	возвращать долг	отплатить; расплатиться	РАЗОШЁЛСЯ	платить назад	to return money you borrowed	To pay (a debt or the lender) so as to provide the entire amount of money owed.	совпал	You should pay back your debts.	Ты должен расплатиться с долгами.	да	перевод расходится с Wiktionary: отплатить; расплатиться
phrasal	B1	try out	испытывать, пробовать	пробовать; экспериментировать; попробовать	совпал	пробовать наружу	to test something new	To test (something) to see how it works or whether it is suitable.	совпал	I wanna try out horse meat.	Я хочу попробовать конину.	нет	пример не подтверждён переводом — проверить значение
phrasal	B1	put back	класть на место		нечем	положить назад	to return something to its place	To return something to its original place.	совпал	Put it back.	Положи его на место!	да	
phrasal	B1	set off	отправляться в путь	отправляться; отправиться	совпал	ставить прочь	to begin a journey	To leave; to set out; to begin a journey or trip.	совпал	He set off to Paris.	Он отправился в Париж.	да	
phrasal	B1	take down	снимать (со стены); записывать	снимать; записывать; убрать; приспустить; уронить	совпал	взять вниз	to remove something that is fixed up	To remove something from a wall or similar vertical surface to which it is fixed.	совпал	Take it down.	Сними это.	да	
phrasal	B1	work on	работать над		нечем	работать на	to spend time improving something	To apply mental or physical effort to (something) in order to shape, form, improve, investigate, solve it.	совпал	I work on Sunday.	Я работаю в воскресенье.	да	
phrasal	B1	drop off	подвезти и высадить; задремать	доставлять; падать; упасть	РАЗОШЁЛСЯ	уронить прочь	to take someone to a place and leave them	To fall asleep.	РАЗОШЁЛСЯ	Could you drop me off?	Ты не мог бы высадить меня?	да	определение Wiktionary про другое значение: To fall asleep.; перевод расходится с Wiktionary: доставлять; падать; упасть
phrasal	B1	hold up	задерживать; поддерживать	ждать; задерживать; приподнимать; выдерживать	совпал	держать вверх	to delay someone or something	To wait or delay.	совпал	Hold up.	Держись.	нет	пример не подтверждён переводом — проверить значение
phrasal	B1	run out of	исчерпать запас, остаться без	заканчиваться; кончаться; иссякать; закончиться; кончиться	РАЗОШЁЛСЯ	выбежать из	to have no more of something	To use up or consume all.	РАЗОШЁЛСЯ	We've run out of soap.	У нас мыло кончилось.	нет	определение Wiktionary про другое значение: To use up or consume all.; перевод расходится с Wiktionary: заканчиваться; кончаться; иссякать; закончиться; пример не подтверждён переводом — проверить значение
phrasal	B2	put up with	терпеть, мириться с	сносить; терпеть	совпал	положить вверх с	to accept something unpleasant without complaining	To endure, tolerate, suffer through, or allow, especially something annoying.	РАЗОШЁЛСЯ	I can't put up with it.	Я терпеть этого не могу.	да	определение Wiktionary про другое значение: To endure, tolerate, suffer through, or allow, especially something annoying.
phrasal	B2	look up to	уважать, брать пример	равняться на; брать пример с	совпал	смотреть вверх к	to admire someone	To show respect or admiration for (someone); to see (someone) as a role model.	совпал	I look up to you.	Я тебя уважаю.	да	
phrasal	B2	look down on	смотреть свысока	презирать; смотреть свысока	совпал	смотреть вниз на	to think you are better than someone	To regard or treat as inferior.	РАЗОШЁЛСЯ	He looks down on her.	Он смотрит на нее свысока.	да	определение Wiktionary про другое значение: To regard or treat as inferior.
phrasal	B2	get away with	сойти с рук	сойти с рук; увиливать; увильнуть	совпал	взять прочь с	to do something wrong and not be punished	To get away, or escape, taking (something) with one.	РАЗОШЁЛСЯ	You won't get away with this.	Это не сойдёт тебе с рук.	нет	определение Wiktionary про другое значение: To get away, or escape, taking (something) with one.; пример не подтверждён переводом — проверить значение
phrasal	B2	come up with	придумать, предложить	придумывать; приходить в голову	совпал	прийти вверх с	to think of an idea or plan	To manage to produce, deliver, or present (something) by inventing, creating, thinking of, or obtaining it.	совпал	I'll come up with something.	Я что-нибудь придумаю.	да	
phrasal	B2	take after	быть похожим (на родителя)	походить; напоминать; быть весь ''в кого-то''; следовать; подражать	совпал	взять после	to look or behave like an older relative	To resemble (a parent or ancestor) in appearance or habit.	РАЗОШЁЛСЯ	She takes after her aunt.	Она похожа на свою тётю.	да	определение Wiktionary про другое значение: To resemble (a parent or ancestor) in appearance or habit.
phrasal	B2	bring about	вызывать, приводить к	вызывать; влечь; повлечь; осуществлять; осуществить	совпал	принести около	to make something happen	To cause to take place.	РАЗОШЁЛСЯ	He tried to bring about peace.	Он прилагал усилия, чтобы принести мир.	нет	определение Wiktionary про другое значение: To cause to take place.; пример не подтверждён переводом — проверить значение
phrasal	B2	carry out	выполнять, проводить	выносить; вынести; выполнять; исполнять; выполнить	совпал	нести наружу	to do a task or a plan	To hold while moving it out.	РАЗОШЁЛСЯ	He was only carrying out orders.	Он лишь выполнял приказы.	да	определение Wiktionary про другое значение: To hold while moving it out.
phrasal	B2	catch up with	догонять	догонять; догнать; навёрстывать; наверстать; нагонять	совпал	поймать вверх с	to reach someone who is ahead	To pick up suddenly.	РАЗОШЁЛСЯ	She catches up with me.	Она меня догоняет.	да	определение Wiktionary про другое значение: To pick up suddenly.
phrasal	B2	cut back on	сокращать (расходы, потребление)		нечем	резать назад на	to spend or use less		нечем	Cut back on sugar.	Сократите потребление сахара.	да	
phrasal	B2	fall behind	отставать	опаздывать; опоздать; отставать; отстать	совпал	падать позади	to make less progress than others	Used other than figuratively or idiomatically: see fall,‎ behind.	совпал	Come with me, don't fall behind!	Идите за мной, не отставайте!	да	
phrasal	B2	get by	обходиться, перебиваться	справляться; справиться	РАЗОШЁЛСЯ	взять мимо	to manage with what you have	To subsist; to succeed, survive, or manage, at least at a minimal level.	совпал	I get by.	Я справляюсь.	нет	перевод расходится с Wiktionary: справляться; справиться; пример не подтверждён переводом — проверить значение
phrasal	B2	give away	отдавать даром; выдавать (секрет)	спалить; выдать	совпал	дать прочь	to give something without asking for money	To make a gift of (something).	РАЗОШЁЛСЯ	Don't give away my secret.	Не выдавай никому моего секрета.	да	определение Wiktionary про другое значение: To make a gift of (something).
phrasal	B2	go through	переживать (трудное); просматривать		нечем	идти сквозь	to experience something difficult	To travel from one end of something to the other.	РАЗОШЁЛСЯ	He's going through hard times.	Он переживает трудные времена.	да	определение Wiktionary про другое значение: To travel from one end of something to the other.
phrasal	B2	keep up with	успевать за, поспевать		нечем	держать вверх с	to move or learn as fast as others	To manage to remain beside or just behind someone or something that is moving away from one.	РАЗОШЁЛСЯ	Supply can't keep up with demand.	Предложение не успевает за спросом.	да	определение Wiktionary про другое значение: To manage to remain beside or just behind someone or something that is moving away from one.
phrasal	B2	live up to	оправдывать (ожидания)	оправдывать; оправдать	совпал	жить вверх к	to be as good as expected	To fulfil the expectations placed upon one.	совпал	She lived up to our expectations.	Она оправдала наши ожидания.	да	
phrasal	B2	make up for	компенсировать, возмещать	составлять; составить; компенсировать; возмещать; навёрстывать	совпал	делать вверх для	to do something good to balance something bad	To constitute, to compose. To constitute the components of a whole.	РАЗОШЁЛСЯ	We'll make up for the loss.	Мы возместим убытки.	да	определение Wiktionary про другое значение: To constitute, to compose. To constitute the components of a whole.
phrasal	B2	stand up for	заступаться за		нечем	стоять вверх за	to defend a person or an idea	To speak or act in support or defense of (a person, a cause, a belief, or the like).	совпал	Thanks for standing up for me.	Спасибо, что заступился за меня.	да	
phrasal	B2	stand out	выделяться	выделяться; выделиться	совпал	стоять наружу	to be easy to notice	To jut out, protrude (from a surface etc.).	РАЗОШЁЛСЯ	I want to stand out more.	Я хочу ещё больше выделиться.	да	определение Wiktionary про другое значение: To jut out, protrude (from a surface etc.).
phrasal	B2	take over	брать управление на себя	брать на себя; взять на себя; приобрести; аннексировать; захватить	совпал	взять над	to take control of something	To assume control of something, such as a business or enterprise, and sometimes by force.	совпал	Take over.	Принимай командование.	нет	пример не подтверждён переводом — проверить значение
phrasal	B2	turn out	оказаться, выйти в итоге	оказываться; оказаться; посещать; присутствовать; выпускать	совпал	повернуть наружу	to happen in a particular way	To end up; to result.	РАЗОШЁЛСЯ	It turned out true.	Это оказалось правдой.	да	определение Wiktionary про другое значение: To end up; to result.
phrasal	B2	count on	рассчитывать на	рассчитывать; рассчитать	совпал	считать на	to depend on someone	To rely on, trust, or expect.	РАЗОШЁЛСЯ	Count on me.	Рассчитывай на меня.	да	определение Wiktionary про другое значение: To rely on, trust, or expect.
phrasal	B2	bring in	приносить (доход); привлекать	вносить; ввозить; внести; ввезти; вводить	РАЗОШЁЛСЯ	принести внутрь	to earn money	To move something indoors, or into an area.	РАЗОШЁЛСЯ	Her job brings in a high income.	Его работа приносит высокий доход.	да	определение Wiktionary про другое значение: To move something indoors, or into an area.; перевод расходится с Wiktionary: вносить; ввозить; внести; ввезти
phrasal	B2	call for	требовать, предусматривать		нечем	звать для	to need something	To shout out in order to summon (a person).	РАЗОШЁЛСЯ	Call for help.	Позови на помощь.	нет	определение Wiktionary про другое значение: To shout out in order to summon (a person).; пример не подтверждён переводом — проверить значение
phrasal	B2	come down with	заболевать (простудой)	слечь; свалиться	РАЗОШЁЛСЯ	прийти вниз с	to catch a common illness	To develop symptoms or signs of (an illness).	совпал	I feel like I'm coming down with something.	Мне кажется, я заболеваю.	да	перевод расходится с Wiktionary: слечь; свалиться
phrasal	B2	cut off	отрезать; отключать	отрезать; изолировать; перебивать; прерывать; перебить	совпал	резать прочь	to stop the supply of something	To remove by cutting.	РАЗОШЁЛСЯ	Cut off the power.	Отключи электричество.	да	определение Wiktionary про другое значение: To remove by cutting.
phrasal	B2	draw up	составлять (документ, план)	чертить; начертить	РАЗОШЁЛСЯ	тянуть вверх	to prepare a written plan	To compose (a document), especially following a standard form; prepare a plan.	совпал	Tonight, we had fun drawing up our family tree together.	Сегодня вечером мы развлекались тем, что составляли своё семейное генеалогическое древо.	да	перевод расходится с Wiktionary: чертить; начертить
phrasal	B2	drop by	заглянуть в гости	заходить; заглядывать; зайти; заглянуть	совпал	уронить мимо	to visit for a short time	To visit informally and spontaneously.	совпал	Drop by sometime.	Заглядывай как-нибудь.	да	
phrasal	B2	drop out	бросить учёбу		нечем	уронить наружу	to leave a course before finishing	To leave (school, a race, etc.) prematurely and voluntarily.	совпал	She dropped out of school.	Она бросила школу.	да	
phrasal	B2	end up	в итоге оказаться	заканчиваться; оказываться; закончиться; оказаться	совпал	конец вверх	to be in a place or state at last	To bring to a conclusion.	РАЗОШЁЛСЯ	I ended up winning.	В итоге я выиграл.	да	определение Wiktionary про другое значение: To bring to a conclusion.
phrasal	B2	fill out	заполнять (анкету)	заполнять; заполнить; расширяться; расшириться	совпал	наполнять наружу	to write information in a form	To complete a form or questionnaire with requested information.	совпал	Fill out the form.	Заполните бланк.	да	
phrasal	B2	get down to	приниматься за		нечем	взять вниз к	to start working seriously	To start focusing on doing something serious.	совпал	Let's get down to work.	Давайте приступим к работе.	нет	пример не подтверждён переводом — проверить значение
phrasal	B2	get through	дозвониться; справиться		нечем	взять сквозь	to reach someone by phone	To overcome; to endure.	РАЗОШЁЛСЯ	We'll get through this.	Мы с этим справимся.	да	определение Wiktionary про другое значение: To overcome; to endure.
phrasal	B2	give out	раздавать; иссякать	обнародовать; объявлять; объявить; провозглашать; провозгласить	РАЗОШЁЛСЯ	дать наружу	to give something to many people	To utter, publish; to announce, proclaim, report. To announce.	РАЗОШЁЛСЯ	I don't give out anything.	Я ничего не раздаю.	да	определение Wiktionary про другое значение: To utter, publish; to announce, proclaim, report. To announce.; перевод расходится с Wiktionary: обнародовать; объявлять; объявить; провозглашать
phrasal	B2	hold back	сдерживать	сдерживать; сдерживаться; придерживать (силы); удерживать; держать	совпал	держать назад	to stop yourself showing a feeling	To act with reserve; to contain one's full measure or power.	РАЗОШЁЛСЯ	You have to hold back.	Вам надо сдерживаться.	да	определение Wiktionary про другое значение: To act with reserve; to contain one's full measure or power.
phrasal	B2	look into	изучать, разбираться		нечем	смотреть внутрь	to examine a matter carefully	To investigate, explore, or consider.	РАЗОШЁЛСЯ	Let me look into it.	Изучу-ка я это.	да	определение Wiktionary про другое значение: To investigate, explore, or consider.
phrasal	B2	pass on	передавать дальше	передавать; передать; пропускать; пропустить; отказаться	совпал	пройти на	to give information to another person	To go forward.	РАЗОШЁЛСЯ	I passed on the job to him.	Я передал работу ему.	да	определение Wiktionary про другое значение: To go forward.
phrasal	B2	pick out	выбирать, выделять	выковыривать; выковырять	РАЗОШЁЛСЯ	поднять наружу	to choose one from a group	To remove by picking.	РАЗОШЁЛСЯ	I picked out the gray hat.	Я выбрал серую шляпу.	нет	определение Wiktionary про другое значение: To remove by picking.; перевод расходится с Wiktionary: выковыривать; выковырять; пример не подтверждён переводом — проверить значение
phrasal	B2	put forward	выдвигать (идею)	предлагать; выдвигать; предложить	совпал	положить вперёд	to suggest an idea for discussion	To propose for consideration.	РАЗОШЁЛСЯ	He put forward a new theory.	Он выдвинул новую теорию.	да	определение Wiktionary про другое значение: To propose for consideration.
phrasal	B2	run into	случайно встретить	вбегать; вбежать; наезжать; наехать	РАЗОШЁЛСЯ	бежать в	to meet someone by chance	To enter by running.	РАЗОШЁЛСЯ	I happened to run into her.	Я встретил её случайно.	да	определение Wiktionary про другое значение: To enter by running.; перевод расходится с Wiktionary: вбегать; вбежать; наезжать; наехать
phrasal	B2	see off	провожать	провожать; проводить	совпал	видеть прочь	to go with someone to their point of departure	To accompany someone to a point of departure; to ensure someone departs safely.	совпал	We'll see you off.	Мы тебя проводим.	да	
phrasal	B2	set aside	откладывать (время, деньги)		нечем	ставить в сторону	to keep something for later use	To separate and reserve something for a specific purpose.	РАЗОШЁЛСЯ	They set aside her objections.	Они отклонили её возражения.	да	определение Wiktionary про другое значение: To separate and reserve something for a specific purpose.
phrasal	B2	settle down	остепениться; успокоиться	успокоиться; остепениться; привыкнуть; адаптироваться; обустроиться	совпал	осесть вниз	to start living a calm settled life	To make or become quiet and calm after a period of disturbance or restlessness.	совпал	Settle down, you two.	Вы двое, успокойтесь.	да	
phrasal	B2	sign up	записаться, зарегистрироваться	записывать; записать; записываться; записаться; подписываться	совпал	подписать вверх	to put your name on a list to join	To add a name to the list of people who are participating in something.	совпал	Anyone can sign up.	Зарегистрироваться может любой желающий.	да	
phrasal	B2	take on	брать на себя; нанимать	принимать; приобретать; брать на себя; тягаться	совпал	взять на	to accept a task or a job	To acquire, bring in, or introduce.	РАЗОШЁЛСЯ	I can take on this task.	Я могу взяться за эту работу.	нет	определение Wiktionary про другое значение: To acquire, bring in, or introduce.; пример не подтверждён переводом — проверить значение
phrasal	B2	tell off	отчитывать, ругать	распекать; отчитывать	совпал	сказать прочь	to speak angrily to someone who did wrong	To number off (a group of soldiers); to divide up (soldiers) in this way.	РАЗОШЁЛСЯ	I didn't know, so don't tell me off.	Я не знал, так что не ругайте меня.	да	определение Wiktionary про другое значение: To number off (a group of soldiers); to divide up (soldiers) in this way.
phrasal	B2	think over	обдумывать	обдумать	совпал	думать над	to consider carefully	To ponder or reflect on a subject.	РАЗОШЁЛСЯ	We have to think over the plan.	Мы должны обдумать план.	да	определение Wiktionary про другое значение: To ponder or reflect on a subject.
phrasal	B2	turn around	развернуться; изменить к лучшему	разворачиваться; развернуться; изменяться; измениться	совпал	повернуть вокруг	to face the other way	To physically rotate (usually around a vertical axis) for a half turn (180 degrees).	РАЗОШЁЛСЯ	Now turn around.	Теперь развернись.	да	определение Wiktionary про другое значение: To physically rotate (usually around a vertical axis) for a half turn (180 degrees).
phrasal	B2	wear off	проходить (об эффекте)	смягчаться; слабеть; стираться	РАЗОШЁЛСЯ	носить прочь	to slowly disappear	To diminish in effect.	РАЗОШЁЛСЯ	The pain is starting to wear off.	Боль начинает отступать.	нет	определение Wiktionary про другое значение: To diminish in effect.; перевод расходится с Wiktionary: смягчаться; слабеть; стираться; пример не подтверждён переводом — проверить значение
phrasal	B2	wear out	изнашивать(ся); выматывать	изнашивать; износить; изнашиваться; изматывать; изнурять	совпал	носить наружу	to become old and unusable	To cause (something) to become damaged, useless, or ineffective through continued use, especially hard, heavy.	совпал	My children wear out their shoes quickly.	Мои дети быстро изнашивают свою обувь.	да	
phrasal	B2	own up	признаваться	признавать; принимать	совпал	владеть вверх	to admit that you did something	To acknowledge, confess, or admit guilt or responsibility.	совпал	He owned up to that mistake.	Эту ошибку он признал.	да	
phrasal	B2	back up	поддержать; сделать копию	давать задний ход; двигаться назад; сдавать назад; возвращать; возвращаться	совпал	назад вверх	to make a copy of computer files	To move backwards, especially for a vehicle to do so.	РАЗОШЁЛСЯ	Back up your files.	Сделайте резервную копию ваших файлов.	да	определение Wiktionary про другое значение: To move backwards, especially for a vehicle to do so.
phrasal	B2	call on	обращаться к, призывать		нечем	звать на	to ask someone publicly to do something	To visit (a person); to pay a call to.	РАЗОШЁЛСЯ	He called on me.	Он пришёл ко мне в гости.	нет	определение Wiktionary про другое значение: To visit (a person); to pay a call to.; пример не подтверждён переводом — проверить значение
phrasal	B2	come around	заглянуть; прийти в себя	передумать; прийти в себя	совпал	прийти вокруг	to visit someone at their home	To change one's mind, especially to begin to agree or appreciate what one was reluctant to accept at first.	РАЗОШЁЛСЯ	Tom comes around now and then.	Том время от времени заглядывает в гости.	да	определение Wiktionary про другое значение: To change one's mind, especially to begin to agree or appreciate what one was reluctant to accept at first.
phrasal	C1	bank on	рассчитывать на, надеяться на		нечем	банк на	to depend on something happening	To rely on someone or something; to count on something; to depend on something.	совпал	You can bank on me.	Можете на меня рассчитывать.	да	
phrasal	C1	brush aside	отмахнуться от		нечем	смахнуть в сторону	to refuse to consider something	To disregard, dismiss or ignore something, as unimportant.	РАЗОШЁЛСЯ	He got brushed aside.	Его оттолкнули.	нет	определение Wiktionary про другое значение: To disregard, dismiss or ignore something, as unimportant.; пример не подтверждён переводом — проверить значение
phrasal	C1	gloss over	замалчивать, обходить стороной	замалчивать; вкратце касаться; пробежаться	совпал	глянец над	to avoid mentioning a problem	To cover up a mistake or a crime; to hush up or whitewash.	РАЗОШЁЛСЯ				определение Wiktionary про другое значение: To cover up a mistake or a crime; to hush up or whitewash.; примера нет: нет предложений в Tatoeba
phrasal	C1	iron out	сглаживать, устранять (шероховатости)	сглаживать; разглаживать; сгладить; разгладить	совпал	утюжить наружу	to solve small problems	To remove (a crease or creases) with an iron.	РАЗОШЁЛСЯ	The label on my scarf says: "Wash and iron inside out." I wonder how I might do that.	На этикетке моего шарфа сказано: «Стирать и гладить вывернутым наизнанку». Интересно, как же мне это сделать.	нет	определение Wiktionary про другое значение: To remove (a crease or creases) with an iron.; пример не подтверждён переводом — проверить значение
phrasal	C1	mull over	обмозговывать		нечем	размышлять над	to think about something for a long time	To think deeply about something; to ponder, deliberate or ruminate.	совпал	I mulled over it for days.	Я несколько дней это обдумывал.	нет	пример не подтверждён переводом — проверить значение
phrasal	C1	phase out	постепенно сворачивать		нечем	фаза наружу	to stop using something gradually	To remove or relinquish the use of (something) little by little.	РАЗОШЁЛСЯ				определение Wiktionary про другое значение: To remove or relinquish the use of (something) little by little.; примера нет: нет предложений в Tatoeba
phrasal	C1	rope in	втягивать, привлекать		нечем	верёвка внутрь	to persuade someone to help	To cause (someone) to become involved in something they are reluctant to do; to draw into something.	РАЗОШЁЛСЯ	Put the rope in the box.	Положи верёвку в ящик.	нет	определение Wiktionary про другое значение: To cause (someone) to become involved in something they are reluctant to do; to draw into something.; пример не подтверждён переводом — проверить значение
phrasal	C1	shore up	укреплять, подпирать	поддерживать; упрочнять; укреплять; подкреплять; поддержать	совпал	берег вверх	to support something that may fail	To reinforce or strengthen (something at risk of failure).	РАЗОШЁЛСЯ	Millions of dollars have been spent trying to shore up the company.	Миллионы долларов были потрачены в попытках поддержать компанию.	нет	определение Wiktionary про другое значение: To reinforce or strengthen (something at risk of failure).; пример не подтверждён переводом — проверить значение
phrasal	C1	tone down	смягчать, приглушать		нечем	тон вниз	to make something less strong	To relax; to make quieter or less obtrusive; to make milder.	совпал	The interpreter toned down Tom's coarse language considerably.	Переводчик существенно смягчил грубые слова Тома.	да	
phrasal	C1	weigh up	взвешивать (варианты)		нечем	взвешивать вверх	to compare things before deciding	To assess a person or a situation.	РАЗОШЁЛСЯ	You must weigh up the pros and cons.	Ты должен взвесить все "за" и "против".	да	определение Wiktionary про другое значение: To assess a person or a situation.
phrasal	C1	wade through	продираться сквозь (текст)		нечем	брести сквозь	to read something long and dull	To search or progress through with difficulty, as when performing a boring, repetitive research task.	РАЗОШЁЛСЯ				определение Wiktionary про другое значение: To search or progress through with difficulty, as when performing a boring, repetitive research task.; примера нет: нет предложений в Tatoeba
phrasal	C1	whittle down	постепенно сокращать		нечем	строгать вниз	to reduce something little by little	To reduce gradually by removing pieces.	совпал				примера нет: нет предложений в Tatoeba
phrasal	C1	bear out	подтверждать		нечем	нести наружу	to show that something is true	To corroborate, prove, or confirm; to demonstrate; to provide evidence for.	РАЗОШЁЛСЯ	The facts bear out this hypothesis.	Факты подтверждают эту гипотезу.	да	определение Wiktionary про другое значение: To corroborate, prove, or confirm; to demonstrate; to provide evidence for.
phrasal	C1	hinge on	зависеть от	зависеть	совпал	петля на	to depend completely on something	To depend on; to be contingent upon.	совпал	One of the hinges on that door is broken.	У этой двери одна петля сломана.	нет	пример не подтверждён переводом — проверить значение
phrasal	C1	stave off	предотвращать, отсрочивать	предотвращать	совпал	отражать прочь	to keep something bad away for a time	To prevent something from happening; to obviate or avert.	РАЗОШЁЛСЯ				определение Wiktionary про другое значение: To prevent something from happening; to obviate or avert.; примера нет: нет предложений в Tatoeba
phrasal	C1	tide over	помочь продержаться	выручать; спасать	РАЗОШЁЛСЯ	прилив над	to help someone through a difficult period	To support or sustain (someone), especially financially, for a limited period.	совпал	This will tide you over for a day or so.	Это поможет вам продержаться пару дней.	да	перевод расходится с Wiktionary: выручать; спасать
phrasal	C1	wind up	в итоге оказаться; сворачивать (дело)	раззадоривать	РАЗОШЁЛСЯ	заводить вверх	to end in a particular situation	To wind (rope, string, mainsprings, etc.) completely.	РАЗОШЁЛСЯ	How did you wind up in that abandoned building?	Как Вы оказались в этом заброшенном здании?	да	определение Wiktionary про другое значение: To wind (rope, string, mainsprings, etc.) completely.; перевод расходится с Wiktionary: раззадоривать
phrasal	C1	egg on	подначивать, подстрекать	подстрекать; подбивать; подговаривать; науськивать; подзуживать	совпал	яйцо на	to encourage someone to do something silly	To encourage or coax (a person) to do something, especially something foolhardy or reckless.	совпал	I have egg on my face.	Я опростоволосился.	нет	пример не подтверждён переводом — проверить значение
phrasal	C1	reel off	тараторить, выпаливать списком		нечем	катушка прочь	to say a list quickly from memory	Used other than figuratively or idiomatically: see reel,‎ off.	РАЗОШЁЛСЯ				определение Wiktionary про другое значение: Used other than figuratively or idiomatically: see reel,‎ off.; примера нет: не для детей [страны и национальности]: european
phrasal	C1	spell out	разъяснять по пунктам		нечем	произносить по буквам наружу	to explain something in a very clear way	To form (a word) from letters; say the letters in a word.	РАЗОШЁЛСЯ	Let me spell it out for you.	Позволь мне объяснить тебе это на пальцах.	нет	определение Wiktionary про другое значение: To form (a word) from letters; say the letters in a word.; пример не подтверждён переводом — проверить значение
phrasal	C1	branch out	расширять дело, пробовать новое	ветвиться; разветвляться; разветвиться	РАЗОШЁЛСЯ	ветвь наружу	to start doing something new	To expand in the manner of branches.	РАЗОШЁЛСЯ	We decided to branch out into selling some foodstuffs.	Мы решили расширить бизнес и начать продавать продукты питания.	да	определение Wiktionary про другое значение: To expand in the manner of branches.; перевод расходится с Wiktionary: ветвиться; разветвляться; разветвиться
idiom	B1	a piece of cake	проще простого	проще пареной репы; раз плюнуть; как два пальца обоссать	совпал	кусок торта	something very easy to do	A job, task or other activity that is pleasant or, by extension, easy or simple.	совпал	It's a piece of cake.	Проще пареной репы.	да	
idiom	B1	once in a blue moon	очень редко, раз в сто лет	раз в сто лет	совпал	однажды в голубую луну	very rarely	Very rarely; very infrequently.	совпал	I study once in a blue moon.	Я занимаюсь раз в пятилетку.	нет	пример не подтверждён переводом — проверить значение
idiom	B1	break the ice	растопить лёд, начать разговор	сделать первый шаг; положить начало	совпал	разбить лёд	to make people feel less shy at a first meeting	To start to get to know people to avoid social awkwardness and formality.	совпал	When all the group members are silent, somebody must break the ice.	Когда все участники группы молчат, кто-то должен растопить лёд.	да	
idiom	B1	hit the books	засесть за учёбу	зубрить	РАЗОШЁЛСЯ	бить книги	to start studying hard	To study, especially with particular intensity.	совпал	It's time to hit the books.	Что ж, пора заниматься по-серьёзному.	нет	перевод расходится с Wiktionary: зубрить; пример не подтверждён переводом — проверить значение
idiom	B1	under the weather	неважно себя чувствовать	не по себе; нездоровый; приболевший	РАЗОШЁЛСЯ	под погодой	feeling slightly unwell	Ill or gloomy, especially from a cold or flu.	РАЗОШЁЛСЯ	I was under the weather.	Мне нездоровилось.	нет	определение Wiktionary про другое значение: Ill or gloomy, especially from a cold or flu.; перевод расходится с Wiktionary: не по себе; нездоровый; приболевший; пример не подтверждён переводом — проверить значение
idiom	B1	keep an eye on	присматривать за	присматривать; приглядывать; держать глаз на; глаз не спускать; следить	совпал	держать глаз на	to watch someone or something carefully	To watch and pay attention to, in case of misbehaviour or mishap.	совпал	Keep an eye on it.	Присматривай за ним.	да	
idiom	B1	cost an arm and a leg	стоить целое состояние	стоить целое состояние; кругленькая сумма	совпал	стоить руку и ногу	to be very expensive	Usually used after the verb cost, but also often charge, pay, and spend.	РАЗОШЁЛСЯ	It cost an arm and a leg.	Это стоило бешеных денег.	да	определение Wiktionary про другое значение: Usually used after the verb cost, but also often charge, pay, and spend.
idiom	B1	feel blue	грустить, хандрить		нечем	чувствовать синий	to feel sad		нечем	I feel blue.	Мне грустно.	да	
idiom	B1	be all ears	внимательно слушать	внимательно слушать; слушать во все уши; навострить уши; обратиться в слух; весь внимание	совпал	быть весь уши	to be listening very carefully	Listening intently; fully focused.	совпал				примера нет: длина английского предложения
idiom	B1	on cloud nine	на седьмом небе от счастья	на седьмом небе	совпал	на облаке девять	extremely happy	In a state of elation; very happy; blissful.	совпал	I'm on cloud nine.	Я на седьмом небе от счастья.	да	
idiom	B1	rain cats and dogs	лить как из ведра	лить как из ведра	совпал	дождить кошками и собаками	to rain very heavily	To rain very heavily.	совпал	It rained cats and dogs.	Лило как из ведра.	да	
idiom	B1	hit the road	отправиться в путь	отправиться в дорогу	совпал	бить дорогу	to start a journey	To begin traveling in an automobile or other road vehicle.	РАЗОШЁЛСЯ	Let's hit the road.	В путь!	да	определение Wiktionary про другое значение: To begin traveling in an automobile or other road vehicle.
idiom	B1	break a leg	ни пуха ни пера	ни пуха ни пера; ни хвоста ни чешуи	совпал	сломать ногу	used to wish someone good luck	Good luck!	совпал	Break a leg.	Ни пуха ни пера.	да	
idiom	A2	better late than never	лучше поздно, чем никогда	лучше поздно, чем никогда	совпал	лучше поздно, чем никогда	it is better to arrive late than not at all	It is better to do something late, than to never do it at all.	совпал	Better late than never.	Лучше поздно, чем никогда.	да	
idiom	A2	practice makes perfect	повторение — мать учения	повторение мать учения; навык мастера ставит; дело делу учит	совпал	практика делает совершенным	you get better at something by doing it often	If one practices an activity enough, one will eventually master it.	РАЗОШЁЛСЯ	Practice makes perfect.	Повторение — мать учения.	да	определение Wiktionary про другое значение: If one practices an activity enough, one will eventually master it.
idiom	A2	time flies	время летит	время летит	совпал	время летит	time passes very quickly	Time passes quickly.	совпал	Time flies.	Время летит.	да	
idiom	A2	never mind	неважно, не бери в голову	ничего; неважно; волноваться; беспокоиться; ничего страшного	совпал	никогда не думай	used to say that something is not important	It is not important; do not fret; used to reassure or comfort the person to whom it is said.	совпал	Never mind then.	Тогда неважно.	да	
idiom	B1	take your time	не торопись		нечем	возьми своё время	used to tell someone not to hurry	To go about something slowly and carefully or at one's own pace.	РАЗОШЁЛСЯ	Take your time.	Не торопись.	да	определение Wiktionary про другое значение: To go about something slowly and carefully or at one's own pace.
idiom	B1	no big deal	ничего страшного		нечем	не большая сделка	not important, not a problem	Used to indicate that something is trivial or unimportant.	РАЗОШЁЛСЯ	That's no big deal.	Ничего страшного.	да	определение Wiktionary про другое значение: Used to indicate that something is trivial or unimportant.
idiom	B1	now and then	время от времени	то и дело; временами; время от времени	совпал	сейчас и тогда	sometimes but not often		нечем	Call me now and then.	Позванивай мне время от времени.	да	
idiom	B1	so far so good	пока всё идёт хорошо	пока все хорошо	совпал	так далеко так хорошо	everything is fine up to now	Up to this point, all is OK.	РАЗОШЁЛСЯ				определение Wiktionary про другое значение: Up to this point, all is OK.; примера нет: длина английского предложения
idiom	B1	keep it up	так держать		нечем	держи это вверх	used to tell someone to continue doing well	To maintain or continue a positive streak.	совпал	Keep it up.	Так держать!	да	
idiom	B1	it's a small world	мир тесен	мир тесен	совпал	это маленький мир	used when you meet someone you know in an unexpected place		нечем	It's a small world.	Мир тесен.	да	
idiom	B1	actions speak louder than words	судят по делам, а не по словам		нечем	действия говорят громче слов	what you do matters more than what you say	It is more effective to act directly than to speak of action.	совпал	Actions speak louder than words.	Не по словам судят, а по делам.	да	
idiom	B1	the early bird catches the worm	кто рано встаёт, тому бог подаёт		нечем	ранняя птица ловит червяка	the person who starts early gets the best result		нечем	The early bird catches the worm.	У праздного ноги в сырости.	нет	пример не подтверждён переводом — проверить значение
idiom	B1	don't judge a book by its cover	не суди по внешности		нечем	не суди книгу по обложке	do not judge people by how they look		нечем	Don't judge a book by its cover.	Не суди о книге по обложке.	да	
idiom	B1	two heads are better than one	одна голова хорошо, а две лучше		нечем	две головы лучше одной	two people solve a problem better than one	Some tasks may be accomplished more easily by two (or more) people working together than by one working alone.	совпал	Two heads are better than one.	Две головы лучше одной.	да	
idiom	B1	money doesn't grow on trees	деньги на дороге не валяются		нечем	деньги не растут на деревьях	money is not easy to get	Wealth cannot be obtained without some effort.	РАЗОШЁЛСЯ	Money doesn't grow on trees.	Деньги не растут на деревьях.	да	определение Wiktionary про другое значение: Wealth cannot be obtained without some effort.
idiom	B1	give someone a hand	помочь кому-то		нечем	дать кому-то руку	to help someone	To help, aid, or assist.	совпал	Could someone give me a hand?	Кто-нибудь может помочь мне?	да	
idiom	B1	lend a hand	подсобить, помочь		нечем	одолжить руку	to help with a task	To help or assist, especially voluntarily.	совпал	We'll lend a hand.	Мы поможем.	да	
idiom	B1	keep your fingers crossed	держать кулачки за кого-то		нечем	держать пальцы скрещёнными	to hope that something good will happen		нечем	Just keep your fingers crossed.	Держи за меня кулачки.	да	
idiom	B1	know something by heart	знать наизусть		нечем	знать что-то сердцем	to remember something perfectly		нечем				примера нет: нет предложений в Tatoeba
idiom	B1	a couch potato	лежебока, домосед		нечем	диванная картошка	a person who watches a lot of television		нечем	Don't be a couch potato.	Не будь лежебокой.	да	
idiom	B1	an early bird	ранняя пташка, жаворонок		нечем	ранняя птица	a person who gets up early		нечем	I'm an early bird.	Я жаворонок.	да	
idiom	B1	a night owl	сова, полуночник		нечем	ночная сова	a person who stays awake late		нечем	I'm a night owl.	Я "сова".	да	
idiom	B1	butterflies in your stomach	бабочки в животе, волнение		нечем	бабочки в животе	a nervous feeling before something important		нечем				примера нет: нет предложений в Tatoeba
idiom	B1	once and for all	раз и навсегда	раз и навсегда	совпал	однажды и навсегда	finally and completely	Conclusively, finally, permanently.	совпал	Get it settled once and for all.	Уладьте это раз и навсегда.	да	
idiom	B2	a hot potato	щекотливая тема		нечем	горячая картошка	a subject that people find hard to discuss		нечем				примера нет: нет предложений в Tatoeba
idiom	B2	the ball is in your court	теперь твой ход		нечем	мяч на твоей половине корта	it is your turn to act	It is someone's turn to do something; often making a decision.	совпал	The ball is in your court.	Твоя очередь.	нет	пример не подтверждён переводом — проверить значение
idiom	B2	call it a day	закончить на сегодня	закругляться; шабаш; баста; выходить на пенсию; выходить в отставку	РАЗОШЁЛСЯ	назвать это днём	to stop working for the day	To cease an activity.	РАЗОШЁЛСЯ	Let's call it a day.	На сегодня хватит.	да	определение Wiktionary про другое значение: To cease an activity.; перевод расходится с Wiktionary: закругляться; шабаш; баста; выходить на пенсию
idiom	B2	a blessing in disguise	не было бы счастья, да несчастье помогло		нечем	благословение в маскировке	something bad that turns out to be good		нечем	It was a blessing in disguise.	Не было бы счастья, да несчастье помогло.	да	
idiom	B2	every cloud has a silver lining	нет худа без добра	нет худа без добра	совпал	у каждой тучи серебряная подкладка	every bad situation has something good in it	There is something good in any bad situation.	совпал	Every cloud has a silver lining.	Нет худа без добра.	да	
idiom	B2	it's not rocket science	это не бином Ньютона	бином ньютона	совпал	это не ракетная наука	it is not difficult to understand	The science or study of rockets and their design.	РАЗОШЁЛСЯ	It's not rocket science.	Это вам не бином Ньютона.	да	определение Wiktionary про другое значение: The science or study of rockets and their design.
idiom	B2	get cold feet	струсить в последний момент		нечем	получить холодные ноги	to become afraid to do something planned	To become nervous about going through with something.	совпал	He's getting cold feet.	Он бледнеет.	нет	пример не подтверждён переводом — проверить значение
idiom	B2	from scratch	с нуля	с чистого листа; с нуля; с самого начала	совпал	с царапины	from the very beginning, with nothing ready	From the beginning; starting with no advantage or prior preparation.	совпал	Start from scratch.	Начни с нуля.	да	
idiom	B2	in a nutshell	вкратце, в двух словах	кратко; вкратце; в двух словах; одним словом; короче говоря	совпал	в ореховой скорлупе	said in a very short way	In summary; briefly or simply.	РАЗОШЁЛСЯ	Well, to put it in a nutshell, we're lost.	Ну, короче говоря, мы заблудились.	нет	определение Wiktionary про другое значение: In summary; briefly or simply.; пример не подтверждён переводом — проверить значение
idiom	B2	off the top of my head	навскидку, не задумываясь	навскидку; экспромтом	совпал	с верхушки моей головы	without checking or thinking long	In an extemporaneous manner; without careful thought, preparation, or investigation.	совпал				примера нет: длина английского предложения
idiom	B2	hit the nail on the head	попасть в точку	попасть в точку	совпал	ударить по гвоздю по шляпке	to say exactly the right thing	To identify something exactly; to arrive at exactly the right answer.	совпал	He hit the nail on the head.	Он попал в яблочко.	да	
idiom	B2	beat around the bush	ходить вокруг да около	ходить вокруг да около; тянуть резину; тянуть рязину	совпал	бить вокруг куста	to avoid saying the main thing	To treat a topic, but omit its main points, often intentionally.	совпал	Don't beat around the bush.	Хватит ходить вокруг да около.	да	недетское слово во фразе: beat
idiom	B2	spill the beans	проболтаться	проговориться; проболтаться	совпал	рассыпать бобы	to tell a secret	To reveal a secret; to disclose information.	совпал	Don't spill the beans.	Не проболтайся!	да	
idiom	B2	let the cat out of the bag	выдать секрет	вынести сор из избы	РАЗОШЁЛСЯ	выпустить кота из мешка	to reveal a secret by accident	To disclose a secret; to let a secret be known, often inadvertently.	совпал	Don't let the cat out of the bag.	Не проболтайся.	нет	перевод расходится с Wiktionary: вынести сор из избы; пример не подтверждён переводом — проверить значение
idiom	B2	the last straw	последняя капля	последняя капля	совпал	последняя соломинка	the last small problem that makes you give up	A small addition to an already heavy burden which causes it to exceed the capacity.	совпал	That's the last straw.	Это последняя капля.	да	
idiom	B2	a drop in the ocean	капля в море		нечем	капля в океане	a very small part of what is needed	A very small or insignificant amount; something of little importance.	совпал	It's a drop in the ocean.	Это капля в море.	да	
idiom	B2	the tip of the iceberg	верхушка айсберга		нечем	кончик айсберга	the small visible part of a big problem		нечем	It's the tip of the iceberg.	Это верхушка айсберга.	да	
idiom	B2	see eye to eye	сходиться во взглядах	находить общий язык; сходиться во взглядах	совпал	видеть глаз в глаз	to agree with someone	To agree, especially in every respect; to concur; to get along.	совпал	I don't see eye to eye with my father.	Мы с отцом расходимся во взглядах.	да	
idiom	B2	pull someone's leg	разыгрывать, подшучивать	дразнить; насмехаться; подкалывать; прикалываться	РАЗОШЁЛСЯ	тянуть кого-то за ногу	to tell someone something untrue as a joke	To tease someone; to lead someone on; to goad someone into overreacting.	РАЗОШЁЛСЯ				определение Wiktionary про другое значение: To tease someone; to lead someone on; to goad someone into overreacting.; перевод расходится с Wiktionary: дразнить; насмехаться; подкалывать; прикалываться; примера нет: нет предложений в Tatoeba
idiom	B2	break the news	сообщить новость	сообщить (неприятные) новости	совпал	сломать новость	to tell someone important news	To inform someone of something first, usually used when it will be difficult to tell the person.	совпал	I don't want to be the one who breaks the news to her.	Я не хочу быть тем, кто сообщит ей это известие.	да	
idiom	B2	get the hang of	приноровиться, освоить	наловчиться	РАЗОШЁЛСЯ	схватить свисание	to learn how to do something	To begin to understand or manage at a basic level; to learn to handle with some skill.	совпал	You'll get the hang of it.	Ты привыкнешь.	нет	перевод расходится с Wiktionary: наловчиться; пример не подтверждён переводом — проверить значение
idiom	B2	hang in there	держись, не сдавайся		нечем	висеть там	used to tell someone not to give up	To remain in a particular place or status; to survive, maintain, persist, persevere; to resist.	РАЗОШЁЛСЯ	Hang in there.	Не сдавайся!	да	определение Wiktionary про другое значение: To remain in a particular place or status; to survive, maintain, persist, persevere; to resist.
idiom	B2	in the same boat	в одной лодке	в одной лодке	совпал	в той же лодке	in the same difficult situation	In the same situation or predicament; having the same problems.	совпал	I'm in the same boat.	Я нахожусь в той же лодке.	да	
idiom	B2	jump to conclusions	делать поспешные выводы		нечем	прыгать к выводам	to decide too quickly without facts	To make conclusions before being presented with all the evidence.	РАЗОШЁЛСЯ	Never jump to conclusions.	Никогда не делайте поспешных выводов.	да	определение Wiktionary про другое значение: To make conclusions before being presented with all the evidence.
idiom	B2	keep your chin up	не вешать нос		нечем	держи подбородок вверх	used to tell someone to stay cheerful		нечем				примера нет: не для детей [секс и ругательства]: bitch
idiom	B2	miss the boat	упустить момент		нечем	пропустить лодку	to be too late for a chance	To fail to take advantage of an opportunity.	РАЗОШЁЛСЯ	He's missed the boat.	Он упустил удобный случай.	да	определение Wiktionary про другое значение: To fail to take advantage of an opportunity.
idiom	B2	on the same page	понимать друг друга одинаково		нечем	на той же странице	agreeing about what is happening	In broad agreement or sharing a common general understanding or knowledge (common in office environments).	совпал	We're on the same page.	Мы на одной волне.	нет	пример не подтверждён переводом — проверить значение
idiom	B2	out of the blue	как гром среди ясного неба	как снег на голову	РАЗОШЁЛСЯ	из синевы	completely unexpectedly	Unexpectedly; without warning or preparation.	совпал	It was like a bolt out of the blue.	Это было как гром среди ясного неба.	да	перевод расходится с Wiktionary: как снег на голову
idiom	B2	over the moon	на седьмом небе	восторженный	РАЗОШЁЛСЯ	над луной	very pleased about something	Delighted, thrilled.	РАЗОШЁЛСЯ	He was over the moon.	Он был на седьмом небе.	да	определение Wiktionary про другое значение: Delighted, thrilled.; перевод расходится с Wiktionary: восторженный
idiom	B2	pull yourself together	взять себя в руки	приходить в себя; собираться; брать себя в руки; прийти в себя; собраться	совпал	стянуть себя вместе	to become calm and in control again	To become mentally focused after a period of being unfocused; to regain control of oneself.	совпал	Pull yourself together.	Возьми себя в руки.	да	
idiom	B2	put yourself in someone's shoes	поставить себя на чьё-то место		нечем	встать в чужие ботинки	to imagine how another person feels		нечем				примера нет: фразы нет в предложении
idiom	B2	ring a bell	что-то напоминать, казаться знакомым	быть знакомым; припоминать	совпал	звонить в колокол	to sound familiar	To seem at least vaguely familiar.	совпал	That rings a bell.	Что-то напоминает.	да	
idiom	B2	under your nose	под самым носом		нечем	под твоим носом	very close but not noticed		нечем	It's right under your nose.	Это у тебя прямо под носом.	да	
idiom	B2	up in the air	ещё не решено, висит в воздухе	неопределённый; нерешённый; повисший в воздухе	совпал	вверху в воздухе	not decided yet	Not yet resolved, finished, answered, decided or certain.	совпал	That's still up in the air.	Это ещё окончательно не решено.	да	
idiom	B2	a walk in the park	плёвое дело		нечем	прогулка в парке	something very easy		нечем	I took a walk in the park.	Я прогулялся по парку.	нет	пример не подтверждён переводом — проверить значение
idiom	B2	you can say that again	вот именно, полностью согласен	и не говори!; и не говорите!; это уж точно!	РАЗОШЁЛСЯ	ты можешь сказать это снова	used to strongly agree	That is very true.	РАЗОШЁЛСЯ	You can say that again.	Ты полностью прав!	да	определение Wiktionary про другое значение: That is very true.; перевод расходится с Wiktionary: и не говори!; и не говорите!; это уж точно!
idiom	B2	save for a rainy day	откладывать на чёрный день		нечем	беречь на дождливый день	to keep money for a future need	To keep some money back for possible expensive problems in the future.	совпал	Save for a rainy day.	Откладывай на чёрный день.	да	
idiom	B2	tighten your belt	затянуть пояс потуже		нечем	затянуть ремень	to spend less money than before		нечем				примера нет: нет предложений в Tatoeba
idiom	B2	make ends meet	сводить концы с концами	сводить концы с концами	совпал	заставить концы встретиться	to have just enough money to live	To have enough money to cover expenses; to get by financially; to get through the pay period.	совпал	I can't make ends meet now.	В настоящее время я не могу свести концы с концами.	да	
idiom	B2	break the bank	влететь в копеечку	сорвать банк; прогореть; вылететь в трубу	РАЗОШЁЛСЯ	разорить банк	to cost more than you can afford	At a casino etc., to win all the money that is available to be paid.	РАЗОШЁЛСЯ				определение Wiktionary про другое значение: At a casino etc., to win all the money that is available to be paid.; перевод расходится с Wiktionary: сорвать банк; прогореть; вылететь в трубу; примера нет: нет предложений в Tatoeba
idiom	B2	worth its weight in gold	на вес золота	на вес золота	совпал	стоит своего веса в золоте	extremely useful or valuable	Very valuable.	совпал	Good advice is worth its weight in gold.	Хороший совет — на вес золота.	да	
idiom	B2	a golden opportunity	прекрасная возможность		нечем	золотая возможность	a very good chance		нечем	I missed a golden opportunity.	Я упустил драгоценную возможность.	да	
idiom	B2	the best of both worlds	и то и другое сразу		нечем	лучшее из обоих миров	the advantages of two different things at once		нечем				примера нет: нет предложений в Tatoeba
idiom	B2	get down to business	перейти к делу		нечем	спуститься к делу	to start the serious work		нечем	Let's get down to business.	Давайте приступим к делу.	да	
idiom	B2	in the long run	в конечном счёте	долгосрочно; в перспективе	РАЗОШЁЛСЯ	в долгом беге	over a long period of time	After a very long time; eventually; over a long period of time; more generally.	совпал	Honesty pays in the long run.	Честность в конечном счёте окупается.	да	перевод расходится с Wiktionary: долгосрочно; в перспективе
idiom	B2	read between the lines	читать между строк	читать между строк	совпал	читать между строк	to understand what is not said directly	To infer a meaning that is not stated explicitly.	РАЗОШЁЛСЯ	Read between the lines.	Читайте между строк.	да	определение Wiktionary про другое значение: To infer a meaning that is not stated explicitly.
idiom	B2	blow off steam	выпустить пар	спустить пар	совпал	выпустить пар	to get rid of anger in a harmless way	To vent; to talk or take action (especially in a ranting or unrestrained way) so as to relieve stress.	совпал	I was just blowing off steam.	Я просто выпускал пар.	да	
idiom	B2	cry over spilt milk	плакать над пролитым молоком		нечем	плакать над пролитым молоком	to be upset about something you cannot change	To worry about unfortunate events which have already happened and which cannot be changed.	совпал	Don't cry over spilt milk.	Не плачь над пролитым молоком.	да	
idiom	B2	get out of hand	выйти из-под контроля	без раздумий; неуправляемый	РАЗОШЁЛСЯ	выйти из руки	to become impossible to control	Without (further) thought or consideration.	РАЗОШЁЛСЯ	This is getting out of hand.	Всё выходит из-под контроля.	да	определение Wiktionary про другое значение: Without (further) thought or consideration.; перевод расходится с Wiktionary: без раздумий; неуправляемый
idiom	B2	lose track of time	не замечать времени		нечем	потерять след времени	to forget what time it is		нечем				примера нет: нет предложений в Tatoeba
idiom	B2	on the tip of my tongue	вертится на языке		нечем	на кончике моего языка	almost remembered but not quite		нечем	It's on the tip of my tongue.	Это на кончике моего языка.	да	
idiom	B2	once in a lifetime	раз в жизни		нечем	однажды за жизнь	happening only once in your whole life		нечем	It happens only once in a lifetime.	Это случается лишь раз в жизни.	да	
idiom	B2	out of the question	исключено, не обсуждается		нечем	вне вопроса	completely impossible	Not remotely possible.	РАЗОШЁЛСЯ	It's out of the question.	Это исключено.	да	определение Wiktionary про другое значение: Not remotely possible.
idiom	B2	pick up the pace	ускориться, поднажать		нечем	поднять темп	to start moving or working faster	To begin moving or working faster.	совпал	They picked up the pace.	Они ускорили шаг.	да	
idiom	B2	play with fire	играть с огнём	играть с огнём	совпал	играть с огнём	to do something risky	To put oneself in a precarious situation with a high risk of getting harmed.	РАЗОШЁЛСЯ	Don't play with fire.	Не играй с огнём.	да	определение Wiktionary про другое значение: To put oneself in a precarious situation with a high risk of getting harmed.
idiom	B2	rain or shine	при любой погоде		нечем	дождь или солнце	whatever the weather is	Regardless of the circumstances; (more literally) regardless of the state of the weather.	совпал	I will go, rain or shine.	Я пойду в любом случае.	да	
idiom	B2	sleep on it	утро вечера мудренее	утро вечера мудренее	совпал	поспать на этом	to wait until tomorrow before deciding	To postpone (a decision) at least overnight, to avoid making a hasty choice.	РАЗОШЁЛСЯ	Sleep on it.	Утро вечера мудренее.	да	определение Wiktionary про другое значение: To postpone (a decision) at least overnight, to avoid making a hasty choice.
idiom	B2	speak your mind	говорить прямо, что думаешь		нечем	говорить свой разум	to say your opinion openly		нечем	Speak your mind.	Скажи, о чём ты думаешь.	да	
idiom	B2	the icing on the cake	вишенка на торте	вишенка на торте	совпал	глазурь на торте	an extra good thing added to something already good	A thing which intensifies the appreciation of something already good.	совпал	The swimming pool in the garden was the icing on the cake.	Бассейн в саду был вишенкой на пироге.	да	
idiom	B2	think outside the box	мыслить нестандартно	нестандартно	совпал	думать вне коробки	to find new and unusual ideas	Beyond the bounds of convention or normal practice.	РАЗОШЁЛСЯ	Think outside the box.	Мысли нестандартно.	да	определение Wiktionary про другое значение: Beyond the bounds of convention or normal practice.
idiom	B2	when pigs fly	когда рак на горе свистнет	после дождичка в четверг	РАЗОШЁЛСЯ	когда свиньи полетят	never		нечем	When pigs fly.	После дождичка в четверг!	нет	перевод расходится с Wiktionary: после дождичка в четверг; пример не подтверждён переводом — проверить значение
idiom	B2	easier said than done	легче сказать, чем сделать	проще сказать, чем сделать	совпал	легче сказано, чем сделано	harder to do than it sounds	Easy to propose, but difficult to accomplish.	РАЗОШЁЛСЯ	Easier said than done.	Легче сказать, чем сделать.	да	определение Wiktionary про другое значение: Easy to propose, but difficult to accomplish.
idiom	B2	give it a go	попробовать, рискнуть		нечем	дать этому ход	to try something	To try or attempt.	совпал	I'll give it a go.	Я попробую.	да	
idiom	B2	go with the flow	плыть по течению	плыть по течению	совпал	идти с потоком	to accept things as they happen	To act as others are acting, conforming to common behavior patterns with an attitude of calm acceptance.	совпал	Go with the flow.	Плыви по течению.	да	
idiom	B2	have a lot on your plate	быть загруженным делами		нечем	иметь много на тарелке	to have many things to do		нечем				примера нет: нет предложений в Tatoeba
idiom	B2	hold your horses	не гони, погоди	придержи коней; попридержи коней	РАЗОШЁЛСЯ	придержи лошадей	used to tell someone to wait	To be patient; to wait.	совпал	Hold your horses.	Попридержи коней.	нет	перевод расходится с Wiktionary: придержи коней; попридержи коней; пример не подтверждён переводом — проверить значение
idiom	B2	in the blink of an eye	в мгновение ока	в мгновение ока	совпал	в моргание глаза	extremely quickly	Immediately, instantaneously.	РАЗОШЁЛСЯ	He left in the blink of an eye.	Он исчез в мгновение ока.	да	определение Wiktionary про другое значение: Immediately, instantaneously.
idiom	B2	keep a cool head	сохранять хладнокровие		нечем	держать холодную голову	to stay calm in a hard moment	To keep one's cool; to stay calm.	совпал	Keep a cool head.	Сохраняйте хладнокровие.	да	
idiom	B2	last but not least	и наконец, что не менее важно	конечно	РАЗОШЁЛСЯ	последний, но не наименьший	used before the last item, which is also important	An expression to start the last item of a list, emphasising that while it is listed last.	совпал				перевод расходится с Wiktionary: конечно; примера нет: нет предложений в Tatoeba
idiom	B2	lose your temper	выйти из себя	терять самообладание; горячиться	РАЗОШЁЛСЯ	потерять свой характер	to suddenly become angry	To become angry or annoyed.	совпал	Don't lose your temper.	Не теряй самообладания.	нет	перевод расходится с Wiktionary: терять самообладание; горячиться; пример не подтверждён переводом — проверить значение
idiom	B2	mind your own business	не лезь не в своё дело	заниматься своим делом	совпал	занимайся своим делом	used to tell someone not to interfere	To concern oneself only with what is of interest to oneself and not interfere in the affairs of others.	совпал	Mind your own business.	Не суй нос не в своё дело.	да	
idiom	B2	on second thought	если подумать, пожалуй		нечем	по второй мысли	after thinking about it again	After reconsidering; on further consideration.	совпал	At first I thought I liked the plan, but on second thought I decided to oppose it.	Поначалу мне понравился этот план, но, подумав, я решил его отклонить.	да	
idiom	B2	out of the ordinary	необычный, из ряда вон		нечем	вне обычного	different from what is usual	Extraordinary, unusual, or exceptional, especially for the better.	РАЗОШЁЛСЯ	I did nothing out of the ordinary.	Я не сделал ничего необычного.	да	определение Wiktionary про другое значение: Extraordinary, unusual, or exceptional, especially for the better.
idiom	B2	the sky is the limit	предела нет		нечем	небо — предел	there is no limit to what is possible	Nothing is impossible or out of reach.	РАЗОШЁЛСЯ	The sky is the limit.	Возможностям нет предела.	да	определение Wiktionary про другое значение: Nothing is impossible or out of reach.
idiom	B2	back to square one	снова к началу	на круги своя; у разбитого корыта	РАЗОШЁЛСЯ	назад на клетку номер один	back to the start with no progress	Located back at the start, as after a dead end or failure.	совпал	We're back to square one.	Мы вернулись к самому началу.	да	перевод расходится с Wiktionary: на круги своя; у разбитого корыта
idiom	B2	a bird's eye view	вид с высоты птичьего полёта		нечем	вид птичьего глаза	a view from high above		нечем				примера нет: фразы нет в предложении
idiom	B2	child's play	детская забава, пустяк	игрушки; пустяки; семечки	совпал	детская игра	something very easy to do	Something particularly easy or simple.	совпал	That's child's play.	Это детская игра.	да	
idiom	B2	a change of heart	перемена во взглядах		нечем	смена сердца	a change in your opinion or feelings		нечем	She seems to have had a change of heart.	Она, кажется, передумала.	да	
idiom	B2	second nature	вторая натура, привычка	вторая натура	совпал	вторая природа	something you do easily without thinking	A mindset, skill, or type of behavior so ingrained through habit or practice that it seems natural, automatic.	РАЗОШЁЛСЯ	Habit is second nature.	Привычка — вторая натура.	да	определение Wiktionary про другое значение: A mindset, skill, or type of behavior so ingrained through habit or practice that it seems natural, automatic.
idiom	B2	in good hands	в надёжных руках		нечем	в хороших руках	being cared for by someone you can trust	Under the guidance of a capable being.	РАЗОШЁЛСЯ	It's in good hands.	Он в хороших руках.	да	определение Wiktionary про другое значение: Under the guidance of a capable being.
idiom	C1	once bitten, twice shy	обжёгшись на молоке, дуешь на воду	пуганая ворона куста боится	РАЗОШЁЛСЯ	раз укушен — дважды пуглив	after a bad experience you become careful	One is cautious if one has been hurt in the past.	РАЗОШЁЛСЯ	Once bitten, twice shy.	Обжёгшись на молоке, будешь дуть и на воду.	да	определение Wiktionary про другое значение: One is cautious if one has been hurt in the past.; перевод расходится с Wiktionary: пуганая ворона куста боится
idiom	C1	burn the midnight oil	работать допоздна	полуночничать; засиживаться	РАЗОШЁЛСЯ	жечь полуночное масло	to work or study late into the night	To work studiously, especially late into the night.	совпал	He's always burning the midnight oil.	Он постоянно засиживается допоздна.	да	перевод расходится с Wiktionary: полуночничать; засиживаться
idiom	C1	bite off more than you can chew	переоценить свои силы	переоценить свои силы	совпал	откусить больше, чем можешь прожевать	to take on more than you can manage	To try to do too much; to take on or attempt more than one is capable of doing.	совпал	Don't bite off more than you can chew.	Не откусывай больше, чем сможешь проглотить.	нет	пример не подтверждён переводом — проверить значение
idiom	C1	face the music	отвечать за последствия	расхлёбывать кашу	РАЗОШЁЛСЯ	встретить музыку	to accept the results of what you did	To accept or confront the unpleasant consequences of one's actions.	совпал				перевод расходится с Wiktionary: расхлёбывать кашу; примера нет: нет предложений в Tatoeba
idiom	C1	learn the ropes	войти в курс дела		нечем	выучить верёвки	to learn how a job is done	To learn the basics or master introductory knowledge.	совпал				примера нет: нет предложений в Tatoeba
idiom	C1	to make a long story short	короче говоря	короче говоря	совпал	чтобы сделать длинную историю короткой	used before giving only the main point	Introducing a short version of, or simply the conclusion of, a relevant story.	РАЗОШЁЛСЯ	To make a long story short, we married.	Короче говоря, мы поженились.	да	определение Wiktionary про другое значение: Introducing a short version of, or simply the conclusion of, a relevant story.
idiom	C1	play it by ear	действовать по обстоятельствам	действовать по обстоятельствам; импровизировать	совпал	играть на слух	to decide as the situation develops	To play guided by one's musical perception and intuition, rather than from a written score.	РАЗОШЁЛСЯ	You'll have to play it by ear at the interview.	На собеседовании придётся действовать по ситуации.	да	определение Wiktionary про другое значение: To play guided by one's musical perception and intuition, rather than from a written score.
idiom	C1	sit on the fence	занимать выжидательную позицию		нечем	сидеть на заборе	to avoid choosing a side	To remain neutral on a certain topic, to not have a stance or opinion.	РАЗОШЁЛСЯ	Quit sitting on the fence and make a decision!	Хватит выжидать, прими решение.	да	определение Wiktionary про другое значение: To remain neutral on a certain topic, to not have a stance or opinion.
idiom	C1	take it with a grain of salt	относиться с недоверием	скептически; недоверчиво	совпал	принять с крупинкой соли	to not fully believe something	With a little common sense and skepticism.	РАЗОШЁЛСЯ				определение Wiktionary про другое значение: With a little common sense and skepticism.; примера нет: нет предложений в Tatoeba
idiom	C1	the tables have turned	ситуация перевернулась		нечем	столы повернулись	the situation has reversed	To reverse a situation.	совпал				примера нет: длина английского предложения
idiom	C1	wrap your head around	уложить в голове, осознать		нечем	обернуть голову вокруг	to manage to understand something difficult	To come to a good understanding of.	совпал				примера нет: нет предложений в Tatoeba
idiom	C1	add fuel to the fire	подливать масла в огонь	подливать масло в огонь	совпал	добавить топлива в огонь	to make a bad situation worse	To worsen a conflict between people; to inflame an already tense situation.	совпал	Don't add fuel to the fire.	Не подливай масла в огонь.	да	
idiom	C1	a storm in a teacup	буря в стакане воды		нечем	шторм в чашке чая	a lot of noise about something unimportant		нечем				примера нет: фразы нет в предложении
idiom	C1	clear the air	разрядить обстановку	разрядить атмосферу	совпал	очистить воздух	to talk openly and remove bad feeling	To assuage a hostile or uncomfortable situation.	РАЗОШЁЛСЯ				определение Wiktionary про другое значение: To assuage a hostile or uncomfortable situation.; примера нет: фразы нет в предложении
idiom	C1	cut corners	халтурить, делать наспех		нечем	срезать углы	to do something the quick cheap way	To do a less-than-thorough or incomplete job; to do something poorly; to take inappropriate shortcuts.	РАЗОШЁЛСЯ	I won't cut corners.	Я не буду халтурить.	да	определение Wiktionary про другое значение: To do a less-than-thorough or incomplete job; to do something poorly; to take inappropriate shortcuts.
idiom	C1	go the extra mile	сделать больше, чем требуется		нечем	пройти лишнюю милю	to make more effort than expected	To make an extra effort; to do a particularly good job.	совпал	Let's go the extra mile.	Давай сделаем больше.	да	
idiom	C1	put all your eggs in one basket	ставить всё на одну карту		нечем	положить все яйца в одну корзину	to risk everything on one plan	Do not dedicate all your resources to one project.	РАЗОШЁЛСЯ	Never put all your eggs in one basket.	Никогда не клади все яйца в одну корзину.	да	определение Wiktionary про другое значение: Do not dedicate all your resources to one project.
idiom	C1	take the bull by the horns	взять быка за рога	взять быка за рога	совпал	взять быка за рога	to deal with a hard problem directly	To deal with a matter in a direct manner, especially to confront a difficulty rather than avoid it.	совпал	You must take the bull by the horns.	Ты должен взять быка за рога.	да	
idiom	C1	the writing on the wall	тревожные признаки		нечем	надпись на стене	clear signs that something will fail		нечем	I can read the writing on the wall.	Я могу прочитать надпись на стене.	нет	пример не подтверждён переводом — проверить значение
idiom	C1	throw in the towel	сдаться, выбросить полотенце	признать своё поражение; признать себя побежденным; сложить оружие; поднять белый флаг; опустить руки	совпал	бросить полотенце	to admit that you have lost	To quit; to give up.	РАЗОШЁЛСЯ	I'm ready to throw in the towel.	Я готов сдаться.	да	определение Wiktionary про другое значение: To quit; to give up.
idiom	C1	touch base	связаться, свериться	консультироваться; совещаться; обсуждать; переговаривать	РАЗОШЁЛСЯ	коснуться базы	to make short contact with someone	To touch a base, usually with a foot but sometimes with a hand.	РАЗОШЁЛСЯ				определение Wiktionary про другое значение: To touch a base, usually with a foot but sometimes with a hand.; перевод расходится с Wiktionary: консультироваться; совещаться; обсуждать; переговаривать; примера нет: нет предложений в Tatoeba
idiom	C1	bend over backwards	из кожи вон лезть	лезть из кожи вон; расшибаться в лепёшку	совпал	гнуться назад	to try extremely hard to help	To make a great effort; to take extraordinary care; to go to great lengths.	РАЗОШЁЛСЯ	I've been bending over backwards.	Я из кожи вон лез.	да	определение Wiktionary про другое значение: To make a great effort; to take extraordinary care; to go to great lengths.
idiom	C1	by the skin of your teeth	еле-еле, чудом		нечем	кожей своих зубов	only just, very narrowly		нечем				примера нет: нет предложений в Tatoeba
idiom	C1	hit the ground running	сразу взяться за дело		нечем	коснуться земли уже на бегу	to start a new task at full speed	To begin an activity immediately and with full commitment.	совпал				примера нет: нет предложений в Tatoeba
idiom	C1	keep a low profile	держаться в тени	тихариться	РАЗОШЁЛСЯ	держать низкий профиль	to avoid attention	To be discreet and quiet.	РАЗОШЁЛСЯ	Keep a low profile.	Держись в тени.	да	определение Wiktionary про другое значение: To be discreet and quiet.; перевод расходится с Wiktionary: тихариться
idiom	C1	let sleeping dogs lie	не буди лихо, пока тихо	не будите спящую собаку; от греха подальше	совпал	пусть спящие собаки лежат	to leave a settled problem alone	To leave things as they are; especially.	совпал	Let sleeping dogs lie.	Не буди лихо, пока оно тихо.	да	
idiom	C1	make a mountain out of a molehill	делать из мухи слона	делать из мухи слона	совпал	делать гору из кротовой кучки	to treat a small problem as a big one	To treat a problem as greater than it is.	совпал	You make a mountain out of a molehill.	Ты делаешь из мухи слона.	да	
idiom	C1	pay through the nose	платить втридорога		нечем	платить через нос	to pay far too much	To pay an exorbitant or excessive amount, either in money or in some other manner.	совпал	I don't want to pay through the nose for a hotel room.	Я не желаю платить бешеные деньги за номер в отеле.	да	
idiom	C1	second to none	непревзойдённый, лучше всех		нечем	второй ни для кого	better than all the others	As good as the best, as in quality or reputation; inferior to no one else or to nothing else of the same kind.	РАЗОШЁЛСЯ	He is second to none when it comes to debating.	Он лучший в дебатах.	да	определение Wiktionary про другое значение: As good as the best, as in quality or reputation; inferior to no one else or to nothing else of the same kind.
idiom	C1	take a rain check	перенести на другой раз		нечем	взять дождевой талон	to refuse an invitation but ask for a later one	To request or accept a rain check (an agreement from a merchant to honor a special offer.	РАЗОШЁЛСЯ				определение Wiktionary про другое значение: To request or accept a rain check (an agreement from a merchant to honor a special offer.; примера нет: нет предложений в Tatoeba
idiom	C1	through thick and thin	и в горе, и в радости		нечем	сквозь толстое и тонкое	in good times and bad times alike	Through all (especially grim, rough and difficult) conditions; in all weathers.	РАЗОШЁЛСЯ	I'll stand by you through thick and thin.	Я буду поддерживать тебя во что бы то ни стало.	нет	определение Wiktionary про другое значение: Through all (especially grim, rough and difficult) conditions; in all weathers.; пример не подтверждён переводом — проверить значение
idiom	C1	under your belt	за плечами (об опыте)		нечем	под ремнём	already achieved and kept as experience		нечем				примера нет: нет предложений в Tatoeba
idiom	C1	up to scratch	на должном уровне		нечем	до царапины	good enough to meet the standard	Sufficient; adequate; of acceptable or satisfactory quality.	РАЗОШЁЛСЯ				определение Wiktionary про другое значение: Sufficient; adequate; of acceptable or satisfactory quality.; примера нет: нет предложений в Tatoeba
idiom	C1	water under the bridge	дело прошлое	прошлогодний снег	совпал	вода под мостом	something past that no longer matters	Something in the past that cannot be controlled or undone, but must be accepted, forgiven, or forgotten.	совпал	It's water under the bridge.	Это дело прошлое.	да	
idiom	C1	a whole new ball game	совсем другое дело		нечем	совсем новая игра в мяч	a completely different situation		нечем	It's one thing to speak a language; teaching it is a whole new ball game.	Говорить на языке - это одно, а обучать ему - совсем другое.	да	
idiom	C1	wear many hats	совмещать много ролей		нечем	носить много шляп	to do several different jobs at once	To have multiple roles or responsibilites, often in the same job or situation.	совпал				примера нет: нет предложений в Tatoeba
idiom	C1	with flying colours	с блеском, на отлично		нечем	с летящими флагами	with great success		нечем				примера нет: нет предложений в Tatoeba
idiom	C1	your guess is as good as mine	понятия не имею, как и ты	бабка надвое сказала	РАЗОШЁЛСЯ	твоя догадка не хуже моей	I do not know any more than you do	I don't know; I have no idea.	совпал	Your guess is as good as mine.	Я знаю столько же, сколько и ты.	нет	перевод расходится с Wiktionary: бабка надвое сказала; пример не подтверждён переводом — проверить значение
idiom	C1	cross that bridge when you come to it	решим, когда дойдём		нечем	перейти этот мост, когда до него дойдёшь	to deal with a problem only when it happens	To deal with a problem or situation only if and when it arises.	совпал				примера нет: нет предложений в Tatoeba
idiom	C1	don't count your chickens before they hatch	цыплят по осени считают	цыплят по осени считают	совпал	не считай цыплят, пока не вылупились	do not plan on something before it is certain	One should not depend upon a favorable.	РАЗОШЁЛСЯ	Don't count your chickens before they hatch.	Цыплят по осени считают.	да	определение Wiktionary про другое значение: One should not depend upon a favorable.
idiom	C1	leave no stone unturned	перепробовать все способы	обивать все пороги	совпал	не оставить ни одного камня неперевёрнутым	to try every possible way	To search or investigate thoroughly.	РАЗОШЁЛСЯ	Leave no stone unturned.	Переверните всё вверх дном.	да	определение Wiktionary про другое значение: To search or investigate thoroughly.
idiom	C1	at the drop of a hat	по первому же поводу, мгновенно	мигом; в мгновение ока; тут же; запросто	совпал	при падении шляпы	immediately, without needing a reason	Without any hesitation; instantly.	совпал	The weather here changes at the drop of a hat.	Погода здесь меняется в мгновение ока.	да	
idiom	C1	break new ground	открывать новые горизонты		нечем	ломать новую землю	to do something no one has done before	To begin excavating and levelling earth for a new building, or, originally, for cultivation.	РАЗОШЁЛСЯ				определение Wiktionary про другое значение: To begin excavating and levelling earth for a new building, or, originally, for cultivation.; примера нет: нет предложений в Tatoeba
idiom	C1	to make matters worse	что ещё хуже		нечем	чтобы сделать дела хуже	used to add another bad thing	To worsen an already difficult situation or unfavourable set of circumstances, typically by acting rashly.	РАЗОШЁЛСЯ	To make matters worse, his wife fell ill.	Что еще хуже, его жена заболела.	да	определение Wiktionary про другое значение: To worsen an already difficult situation or unfavourable set of circumstances, typically by acting rashly.
idiom	C1	word of mouth	сарафанное радио	сарафанное радио	совпал	слово рта	information passed from person to person	The verbal means of passing on information; viva voce.	совпал	The news spread quickly by word of mouth.	Новость передаётся из уст в уста.	нет	пример не подтверждён переводом — проверить значение
idiom	C1	you name it	и чего только нет		нечем	ты назови это	used to say that everything is included	All kinds of things; expresses that further examples are unnecessary, often after a short list of items.	РАЗОШЁЛСЯ	Why'd you name it that?	Почему ты её так назвал?	нет	определение Wiktionary про другое значение: All kinds of things; expresses that further examples are unnecessary, often after a short list of items.; пример не подтверждён переводом — проверить значение
idiom	C1	draw the line	провести черту, установить предел		нечем	провести линию	to set a limit you will not pass	To set a boundary, rule, or limit, especially on what one will tolerate.	совпал	One must draw the line somewhere.	Надо нарисовать где-нибудь линию.	нет	пример не подтверждён переводом — проверить значение
colloc	A1	do homework	делать домашнее задание		нечем		to do the school work given for home		нечем	I'm busy doing homework.	Я занят, так как делаю домашнюю работу.	да	
colloc	A2	do the dishes	мыть посуду	мыть посуду; помыть посуду	совпал		to wash the plates and cups after a meal	To wash up dirty crockery (plates and dishes) and cutlery (knives, forks, and spoons).	совпал	Do the dishes.	Помой посуду.	да	
colloc	A2	do the shopping	делать покупки		нечем		to buy the food and things a home needs		нечем	I do the shopping every morning.	Каждое утро я хожу за покупками.	да	
colloc	A2	do exercise	заниматься спортом		нечем		to move your body to stay healthy		нечем	I heard that you shouldn't eat for one hour after doing exercise. Is that true?	Правда ли, что в течение часа после тренировки лучше воздержаться от приема пищи?	нет	пример не подтверждён переводом — проверить значение
colloc	A2	make the bed	заправлять кровать	постелить, застлать постель, кровать	совпал		to make a bed tidy after sleeping	To arrange the sheets, blankets, or other coverings of a bed smoothly and neatly.	совпал	Please make the bed.	Заправь постель, пожалуйста.	да	
colloc	A1	make a cake	печь торт		нечем		to prepare and bake a cake		нечем	I was making a cake.	Я пекла торт.	да	
colloc	A2	make a mistake	сделать ошибку	ошибаться	совпал		to do something wrong by accident	To err, to be wrong. (This entry is a translation hub.).	совпал	She makes a mistake.	Она ошибается.	да	
colloc	A2	make friends	заводить друзей	дружить; подружиться; сдружиться; сблизиться	РАЗОШЁЛСЯ		to start new friendships	To form friendships with others.	совпал	I tried to make friends.	Я пытался завести друзей.	да	перевод расходится с Wiktionary: дружить; подружиться; сдружиться; сблизиться
colloc	A2	make noise	шуметь		нечем		to produce loud sounds	To make a noise.	РАЗОШЁЛСЯ	You can't make noise here.	Здесь нельзя шуметь.	да	определение Wiktionary про другое значение: To make a noise.
colloc	A1	take a photo	фотографировать		нечем		to use a camera to make a picture		нечем	He was taking a photo.	Он фотографировал.	да	
colloc	A1	take a shower	принимать душ		нечем		to wash yourself under a shower		нечем	I'm taking a shower.	Я принимаю душ.	да	
colloc	A1	take a bus	ехать на автобусе		нечем		to travel by bus		нечем	Take a bus.	Езжай на автобусе.	да	
colloc	A2	take a seat	присесть, занять место		нечем		to sit down	To sit down; to become seated, to sit.	совпал	Please take a seat.	Присаживайтесь, пожалуйста.	да	
colloc	A2	take a break	сделать перерыв	передохнуть	совпал		to stop working for a short time	To have a short rest period in one's work, studies, or other activities (This entry is a translation hub.).	совпал	Take a break.	Сделай перерыв.	да	
colloc	A1	have breakfast	завтракать		нечем		to eat the first meal of the day		нечем	I'm having breakfast.	Я завтракаю.	да	
colloc	A1	have lunch	обедать		нечем		to eat the midday meal		нечем	I'm having lunch.	Я обедаю.	да	
colloc	A1	have dinner	ужинать		нечем		to eat the evening meal		нечем	Go have dinner.	Идите ужинать.	да	
colloc	A2	have a good time	хорошо провести время		нечем		to enjoy yourself	To enjoy oneself.	совпал	Have a good time.	Хорошо провести время!	да	
colloc	A2	have a look	взглянуть		нечем		to look at something quickly	To examine, to observe.	РАЗОШЁЛСЯ	Have a look.	Взгляните на это.	да	определение Wiktionary про другое значение: To examine, to observe.
colloc	A2	have a rest	отдохнуть		нечем		to stop and relax for a while		нечем	I need to have a rest.	Мне нужно отдохнуть.	да	
colloc	A2	have a party	устроить праздник		нечем		to invite people and celebrate		нечем	We have a party tonight.	У нас сегодня вечером праздник.	да	
colloc	A1	watch television	смотреть телевизор		нечем		to look at television programmes		нечем	I watch television.	Я смотрю телевизор.	да	
colloc	A1	play football	играть в футбол		нечем		to take part in a game of football		нечем	I play football.	Я играю в футбол.	да	
colloc	A1	play the piano	играть на пианино		нечем		to make music on a piano		нечем	I play the piano.	Я играю на фортепиано.	да	
colloc	A1	play a game	играть в игру		нечем		to take part in a game		нечем	Let's play a game.	Давай сыграем в одну игру.	да	
colloc	A1	ride a bike	кататься на велосипеде		нечем		to travel on a bicycle		нечем	I can ride a bike.	Я умею кататься на велосипеде.	да	
colloc	A1	go shopping	ходить по магазинам		нечем		to go out to buy things		нечем	I'm going shopping.	Я иду в магазин.	да	
colloc	A1	go swimming	ходить плавать		нечем		to go somewhere to swim		нечем	Let's go swimming.	Пойдёмте плавать.	да	
colloc	A1	go for a walk	пойти погулять		нечем		to walk somewhere for pleasure		нечем	Go for a walk.	Иди погуляй.	да	
colloc	A1	go to bed	ложиться спать	ложиться спать; лечь спать	совпал		to get into bed to sleep	To lie down to sleep, put oneself in one's bed.	совпал	Go to bed.	Иди спать.	да	
colloc	A1	brush your teeth	чистить зубы		нечем		to clean your teeth with a brush		нечем	Brush your teeth.	Зубы почисти.	да	
colloc	A1	wash your hands	мыть руки		нечем		to clean your hands with water and soap		нечем	Wash your hands.	Вымой руки.	да	
colloc	A1	tell a story	рассказывать историю		нечем		to say a story to someone	To communicate a story in some way.	совпал	He tells a story.	Он рассказывает историю.	да	
colloc	A2	tell the truth	говорить правду	честно говоря	совпал		to say what is really true	Used other than figuratively or idiomatically: see tell,‎ truth.	РАЗОШЁЛСЯ	Tell the truth.	Скажи правду.	да	определение Wiktionary про другое значение: Used other than figuratively or idiomatically: see tell,‎ truth.
colloc	A2	tell a joke	рассказать шутку		нечем		to say something funny		нечем	I always laugh when someone tells a joke.	Я всегда смеюсь, когда кто-то рассказывает шутку.	да	
colloc	A1	ask a question	задать вопрос		нечем		to say something you want answered		нечем	Ask a question.	Задайте вопрос.	да	
colloc	A2	give an answer	дать ответ		нечем		to say the answer to a question		нечем	The students could not give an answer.	Студенты не могли ответить.	да	
colloc	A1	get dressed	одеваться	одеваться; одеться	совпал		to put your clothes on	To dress; to put on clothes; to clothe oneself.	совпал	Get dressed faster.	Давайте быстрей одевайтесь.	да	
colloc	A1	get ready	собираться, готовиться		нечем		to prepare for something	To prepare; to make ready or prepared.	совпал	Get ready.	Будь готов!	да	
colloc	A2	catch a bus	успеть на автобус		нечем		to get on a bus before it leaves		нечем	Catch a bus.	Поезжай на автобусе.	да	
colloc	A2	keep a promise	сдержать обещание		нечем		to do what you promised		нечем	As far as I know, he is a person who keeps his promises.	Насколько я знаю, он тот, кто держит свои обещания.	да	
colloc	A2	break a promise	нарушить обещание		нечем		to fail to do what you promised	To fail to keep a promise.	совпал	Never break a promise.	Никогда не нарушай данного обещания.	да	
colloc	A2	set the table	накрывать на стол	накрыть стол	совпал		to put plates and forks on a table	To arrange plates, etc. for a meal.	совпал	Set the table.	Накрой на стол.	да	
colloc	A1	feed the cat	кормить кота		нечем		to give food to a cat		нечем	Feed the cat.	Покорми кота.	да	
colloc	A2	fast food	фастфуд, быстрая еда	фастфуд; фаст-фуд; быстрое питание; полуфабрикат	совпал		food that is cooked and served very quickly	Restaurant food that is served quickly, often standardized and pre-prepared.	совпал	We love fast food.	Мы обожаем фастфуд.	да	
colloc	A2	best friend	лучший друг	приятель; приятельница	РАЗОШЁЛСЯ		the friend you like most	An especially close and trusted friend.	совпал	I am your best friend.	Я твой лучший друг.	да	перевод расходится с Wiktionary: приятель; приятельница
colloc	A2	free time	свободное время	свободное время; досуг	совпал		time when you have nothing you must do	Time when one is not working.	совпал	I have no free time.	У меня нет свободного времени.	да	
colloc	A2	good news	хорошие новости	хорошие новости; добрая весть; благая весть	совпал		news that makes people happy	Something or someone pleasant, fortunate, or otherwise positive.	РАЗОШЁЛСЯ	It was good news.	Это была хорошая новость.	да	определение Wiktionary про другое значение: Something or someone pleasant, fortunate, or otherwise positive.
colloc	A2	long way	далеко, долгий путь		нечем		a big distance		нечем	I've come a long way.	Я прошёл долгий путь.	да	
colloc	A2	loud voice	громкий голос		нечем		a voice that is easy to hear		нечем	He has a loud voice.	У него громкий голос.	да	
colloc	B1	make a decision	принять решение	принять решение; решить	совпал		to decide something	To decide.	совпал	Make a decision.	Прими решение.	да	
colloc	B1	make a plan	составить план		нечем		to decide what you will do		нечем	Make a plan.	Составь план.	да	
colloc	B1	make progress	делать успехи		нечем		to get better at something		нечем	I'm making progress.	Я делаю успехи.	да	
colloc	B1	make an excuse	придумать оправдание		нечем		to give a reason for not doing something		нечем	You needn't make an excuse if you don't want to go with us.	Ты не должен придумывать оправдание, если ты не хочешь идти с нами.	да	
colloc	B1	make a suggestion	внести предложение		нечем		to say an idea for others to consider		нечем	Let me make a suggestion.	Позвольте мне внести предложение.	да	
colloc	B1	do your best	стараться изо всех сил		нечем		to try as hard as you can		нечем	Do your best.	Старайся изо всех сил.	да	
colloc	B1	do research	проводить исследование		нечем		to study a subject carefully		нечем	He is doing research in sociology.	Он занимается исследованиями в области социологии.	да	
colloc	B1	do a favour	оказать услугу		нечем		to do something kind for someone		нечем	Do him a favour.	Окажи ему услугу.	да	
colloc	B1	take notes	делать записи, конспектировать		нечем		to write down what you hear or read	To make a record of what one hears or observes for future reference.	совпал	Take notes.	Делайте заметки.	да	
colloc	B1	take part	принимать участие	принимать участие; участвовать; принять участие; разделять; разделить	совпал		to join an activity with others	To participate or join.	совпал	I want to take part.	Я хочу принять участие.	да	
colloc	B1	take place	происходить, состояться	случаться; случиться; состояться	совпал		to happen	To happen or to occur.	совпал	Changes are taking place.	Происходят изменения.	да	
colloc	B1	take care	беречь себя, быть осторожным	беречься; быть осторожным; заботиться; будьте здоровы; будь здоров	совпал		to be careful	To be cautious, careful or prudent.	совпал	Take care.	Береги себя.	да	
colloc	B1	take a risk	рисковать	рисковать; пойти на риск; рискнуть	совпал		to do something that may go wrong	To do something risky.	РАЗОШЁЛСЯ	We decided to take a risk.	Мы решили рискнуть.	да	определение Wiktionary про другое значение: To do something risky.
colloc	B1	take an exam	сдавать экзамен		нечем		to do an official test		нечем	I have to take an exam.	Мне надо сдать экзамен.	да	
colloc	B1	take advice	прислушаться к совету		нечем		to do what someone advises		нечем	Simplify your life. Take advice from native speakers.	Сделайте свою жизнь проще. Принимайте советы от носителей языка.	да	
colloc	B1	pay attention	обращать внимание	обращать внимание; обратить внимание	совпал		to listen and watch carefully	To attend; to be attentive; to focus one's attention.	РАЗОШЁЛСЯ	Pay attention.	Будьте внимательны!	да	определение Wiktionary про другое значение: To attend; to be attentive; to focus one's attention.
colloc	B1	pay a visit	нанести визит	нанести визит	совпал		to go and see someone	To go to the toilet.	РАЗОШЁЛСЯ	Let's pay her a visit.	Давайте нанесём ей визит.	да	определение Wiktionary про другое значение: To go to the toilet.
colloc	B1	keep a secret	хранить секрет		нечем		to not tell other people something		нечем	I can keep a secret.	Я умею хранить секреты.	да	
colloc	B1	keep calm	сохранять спокойствие		нечем		to stay calm		нечем	Keep calm.	Сохраняйте спокойствие.	да	
colloc	B1	keep in touch	поддерживать связь	на связи	совпал		to go on writing or calling someone	In contact, or in communication.	РАЗОШЁЛСЯ	Keep in touch.	Будь на связи.	да	определение Wiktionary про другое значение: In contact, or in communication.
colloc	B1	give advice	давать совет		нечем		to tell someone what you think they should do		нечем	I'm not very good at giving advice.	Я не очень хороший советчик.	да	
colloc	B1	give a speech	выступать с речью		нечем		to speak in front of a group		нечем	He was giving a speech.	Он произнес речь.	да	
colloc	B1	give permission	дать разрешение		нечем		to allow someone to do something		нечем	I didn't give you permission to leave.	Я не разрешал тебе уходить.	да	
colloc	B1	give an example	привести пример		нечем		to name one case that shows an idea		нечем	Give an example.	Приведи пример.	да	
colloc	B1	save time	экономить время		нечем		to use less time than usual		нечем	It'll save time.	Это сэкономит время.	да	
colloc	B1	save money	копить деньги		нечем		to keep money instead of spending it		нечем	I'm trying to save money.	Я пытаюсь экономить деньги.	да	
colloc	B1	waste time	тратить время впустую	терять время	совпал		to use time badly	To allow time to elapse in an unproductive manner.	совпал	He wasted time.	Он зря терял время.	да	
colloc	B1	spend money	тратить деньги		нечем		to use money to buy things		нечем	I want to spend money.	Я хочу потратить деньги.	да	
colloc	B1	earn money	зарабатывать деньги		нечем		to get money for your work		нечем	I'm earning money.	Я зарабатываю деньги.	да	
colloc	B1	lose weight	худеть	худеть; сбрасывать вес; похудеть; сбросить вес	совпал		to become lighter	To become less heavy or obese.	совпал	Are you losing weight?	Ты худеешь?	да	
colloc	B1	gain weight	набирать вес		нечем		to become heavier	To become more heavy or obese.	совпал	He gained weight.	Он набрал вес.	нет	пример не подтверждён переводом — проверить значение
colloc	B1	catch a cold	простудиться	простужаться; простывать; простудиться; простыть	совпал		to get a cold	To contract a cold.	совпал	Don't catch a cold.	Не простудись!	да	
colloc	B1	get a job	устроиться на работу		нечем		to start working somewhere		нечем	Get a job.	Найди работу.	да	
colloc	B1	get married	жениться, выходить замуж	жениться; выходить замуж; выйти замуж; пожениться	совпал		to become husband and wife	To become married (to someone).	совпал	They'll get married.	Они собираются жениться.	да	
colloc	B1	get lost	заблудиться	пошёл вон; пошла вон; убирайся; исчезни; катись	совпал		to stop knowing where you are	To lose one's way.	РАЗОШЁЛСЯ	I'll get lost.	Я заблужусь.	да	определение Wiktionary про другое значение: To lose one's way.
colloc	B1	get in touch	связаться		нечем		to contact someone	To attempt to contact, reach out. (This entry is a translation hub.).	совпал	Did you get in touch with her?	Ты с ней связался?	да	
colloc	B1	change your mind	передумать	передумывать; раздумывать; передумать; раздумать	совпал		to make a different decision	To decide differently than one had decided before.	совпал	You'll change your mind.	Ты передумаешь.	да	
colloc	B1	solve a problem	решать задачу, решать проблему		нечем		to find an answer to a problem		нечем	Science never solves a problem without creating ten more.	Наука никогда не решает проблемы, не создав десять других.	да	
colloc	B1	follow the rules	соблюдать правила		нечем		to do what the rules say		нечем	Follow the rules.	Соблюдайте правила!	да	
colloc	B1	follow instructions	следовать инструкции		нечем		to do exactly what you are told		нечем	I didn't follow instructions.	Я не следовал инструкциям.	да	
colloc	B1	offer help	предложить помощь		нечем		to say you are ready to help		нечем	They offered help.	Они предложили помощь.	да	
colloc	B1	heavy rain	сильный дождь		нечем		rain that falls hard and fast		нечем	A heavy rain fell.	Прошёл проливной дождь.	да	
colloc	B1	heavy traffic	плотное движение на дорогах		нечем		many cars moving slowly		нечем	What heavy traffic!	Какое сильное движение!	да	
colloc	B1	strong coffee	крепкий кофе		нечем		coffee with a lot of taste		нечем	It smells of strong coffee.	Пахнет крепким кофе.	да	
colloc	B1	strong wind	сильный ветер		нечем		wind that blows hard		нечем	A strong wind arose.	Поднялся сильный ветер.	да	
colloc	B1	close friend	близкий друг		нечем		a friend you trust a lot		нечем	Tom's a close friend.	Том — близкий друг.	да	
colloc	B1	hard work	тяжёлый труд	тяжёлая работа; тяжёлый труд; труд	совпал		work that needs a lot of effort	Something requiring much effort to accomplish, either physical, mental or emotional; labor; toil.	совпал	It's hard work.	Это тяжёлая работа.	да	
colloc	B1	bright idea	блестящая идея		нечем		a very clever idea		нечем	That's a bright idea.	Это отличная идея.	да	
colloc	B1	high price	высокая цена		нечем		a price that is a lot of money		нечем	He sold the house for a high price.	Он продал дом по высокой цене.	да	
colloc	B1	deep sleep	глубокий сон		нечем		sleep from which it is hard to wake	Used other than figuratively or idiomatically: see deep,‎ sleep.	совпал	She's in a deep sleep.	Она глубоко спит.	да	
colloc	B1	bad habit	дурная привычка		нечем		something bad that you often do		нечем	It's a bad habit.	Это плохая привычка.	да	
colloc	B1	hard time	трудный период		нечем		a difficult time in your life	Difficulties; a difficult time; trouble.	совпал	Everybody had a hard time.	Всем было трудно.	да	
colloc	B1	main reason	главная причина		нечем		the most important reason		нечем	What's the main reason?	Какова основная причина?	да	
colloc	B1	warm welcome	тёплый приём		нечем		a friendly greeting		нечем	I received a warm welcome.	Я получил тёплый приём.	да	
colloc	B1	deep breath	глубокий вдох		нечем		a big amount of air taken in		нечем	Take a deep breath.	Сделайте глубокий вдох.	да	
colloc	B1	busy street	оживлённая улица		нечем		a street with many people and cars		нечем	We live on a busy street.	Мы живём на оживлённой улице.	да	
colloc	B2	make an effort	приложить усилие	пытаться; стараться; делать усилие; прилагать усилие; попытаться	совпал		to try hard to do something	To try; to work towards a goal.	совпал	Make an effort.	Сделай усилие.	да	
colloc	B2	make an impression	произвести впечатление		нечем		to make people notice and remember you	To affect someone strongly and often favorably.	РАЗОШЁЛСЯ	I am not making an impression on them.	Я не произвожу на них впечатления.	да	определение Wiktionary про другое значение: To affect someone strongly and often favorably.
colloc	B2	make a difference	изменить положение к лучшему		нечем		to have a real effect on something	To carry out an action, the result of which is a significant change, or an altered circumstance.	РАЗОШЁЛСЯ	Will that make a difference?	Это что-то изменит?	да	определение Wiktionary про другое значение: To carry out an action, the result of which is a significant change, or an altered circumstance.
colloc	B2	make sense	иметь смысл	иметь смысл; быть понятным; понятно; понимать; разбирать	совпал		to be clear and reasonable	To be sensible, coherent, reasonable.	совпал	It makes sense.	Это имеет смысл.	да	
colloc	B2	make a living	зарабатывать на жизнь	зарабатывать на жизнь; заработать на жизнь	совпал		to earn enough money to live	To earn enough income to support oneself and, if applicable, one's family.	совпал	It's how I make a living.	Этим я зарабатываю себе на хлеб.	да	
colloc	B2	take responsibility	брать на себя ответственность		нечем		to accept that something is your duty	To blame oneself for something; to acknowledge a fault.	РАЗОШЁЛСЯ	I'll take responsibility.	Я возьму на себя ответственность.	да	определение Wiktionary про другое значение: To blame oneself for something; to acknowledge a fault.
colloc	B2	take advantage of	воспользоваться (случаем)	воспользоваться; использовать; эксплуатировать	совпал		to use a chance well	To use or make use of.	совпал	Take advantage of her weakness.	Воспользуйся её слабостью.	да	
colloc	B2	take action	принимать меры		нечем		to start doing something about a problem	To act; to act positively and decisively to resolve a problem.	совпал	Take action.	Прими меры.	да	
colloc	B2	take into account	принимать во внимание	учитывать; принимать в расчёт; принимать во внимание; принимать к сведению; иметь в виду	совпал		to think about something when deciding	To consider or regard; to include (as in an estimate or plan) or pay attention to; to notice; to allow for.	РАЗОШЁЛСЯ	We should take into account she is still young.	Нам следует принять во внимание, что она ещё молода.	да	определение Wiktionary про другое значение: To consider or regard; to include (as in an estimate or plan) or pay attention to; to notice; to allow for.
colloc	B2	take steps	предпринимать шаги		нечем		to do the things needed to reach a goal	To initiate a course of action, often against something that one disapproves of.	РАЗОШЁЛСЯ	Secondly, we must take steps to correct these errors.	Во-вторых, мы должны предпринять шаги по исправлению этих ошибок.	да	определение Wiktionary про другое значение: To initiate a course of action, often against something that one disapproves of.
colloc	B2	reach an agreement	прийти к соглашению		нечем		to agree after talking		нечем	We've reached an agreement.	Мы пришли к соглашению.	да	
colloc	B2	reach a decision	прийти к решению		нечем		to decide after thinking		нечем	Have you reached a decision?	Вы пришли к какому-то решению?	да	
colloc	B2	meet a deadline	уложиться в срок		нечем		to finish work in time		нечем				примера нет: фразы нет в предложении
colloc	B2	meet the requirements	соответствовать требованиям		нечем		to have everything that is asked for		нечем	Our college won't admit Tom until he meets all the requirements.	Тома не примут в наш вуз, пока он не будет отвечать всем требованиям.	да	
colloc	B2	meet expectations	оправдать ожидания		нечем		to be as good as people hoped		нечем	You didn't meet my expectations.	Ты не оправдал моих ожиданий.	да	
colloc	B2	raise a question	поднять вопрос		нечем		to bring up something to discuss		нечем	This translation raises a few questions.	Этот перевод вызывает кое-какие вопросы.	да	
colloc	B2	raise awareness	привлечь внимание к проблеме		нечем		to make people know about something		нечем				примера нет: нет предложений в Tatoeba
colloc	B2	raise money	собрать деньги		нечем		to collect money for a purpose		нечем	The singers sang together in order to raise money to help people with AIDS.	Певцы спели вместе, чтобы собрать деньги для помощи больным СПИДом.	да	
colloc	B2	draw a conclusion	сделать вывод		нечем		to decide what the facts show		нечем	Draw a conclusion.	Сделай вывод.	да	
colloc	B2	draw attention	привлечь внимание	привлекать внимание; привлечь внимание	совпал		to make people notice something	To rouse someone to notice something, to cause someone to focus on something.	совпал	Don't draw attention to yourself.	Не привлекай к себе внимание.	да	
colloc	B2	set a goal	поставить цель		нечем		to decide what you want to achieve		нечем	The new year is a time to set new goals for yourself.	Новый год - это время ставить перед собой новые цели.	нет	пример не подтверждён переводом — проверить значение
colloc	B2	set an example	подать пример		нечем		to behave so that others can copy you	To behave in a way that other people should.	совпал	I had to set an example.	Мне пришлось подать пример.	да	
colloc	B2	set a record	установить рекорд		нечем		to do better than anyone before		нечем	She set a new world record.	Она установила новый мировой рекорд.	да	
colloc	B2	break a record	побить рекорд		нечем		to do better than the best result so far		нечем				примера нет: нет предложений в Tatoeba
colloc	B2	break a habit	избавиться от привычки		нечем		to stop doing something you often do		нечем	It's hard to break a habit.	Трудно побороть привычку.	да	
colloc	B2	break the rules	нарушать правила		нечем		to do what the rules forbid		нечем	You're breaking the rules.	Вы нарушаете правила.	да	
colloc	B2	gain experience	набираться опыта		нечем		to slowly learn by doing something		нечем	Tom gained experience points.	Том заработал очки опыта.	да	
colloc	B2	gain confidence	обрести уверенность		нечем		to start believing in yourself		нечем	His sincerity gained the confidence of everyone.	Своей искренностью он завоевал доверие всех.	нет	пример не подтверждён переводом — проверить значение
colloc	B2	lose patience	терять терпение	терять терпение	совпал		to stop being patient	To become impatient.	РАЗОШЁЛСЯ	Don't lose patience.	Не теряй терпения.	да	определение Wiktionary про другое значение: To become impatient.
colloc	B2	lose interest	терять интерес		нечем		to stop caring about something		нечем	When I see typos I lose interest in answering.	Когда я вижу опечатки, у меня пропадает интерес отвечать.	да	
colloc	B2	run a business	вести дело, управлять бизнесом		нечем		to be in charge of a company		нечем	I don't know a thing about running a business.	Я ничего не смыслю в ведении бизнеса.	да	
colloc	B2	run a risk	идти на риск		нечем		to put yourself in a risky position	To perform an action which may result in a loss or failure.	РАЗОШЁЛСЯ	I don't like to run a risk.	Я не люблю рисковать.	да	определение Wiktionary про другое значение: To perform an action which may result in a loss or failure.
colloc	B2	hold a meeting	проводить встречу		нечем		to organise and lead a meeting		нечем	We hold a meeting once a month.	Мы проводим встречу раз в месяц.	да	
colloc	B2	hold your breath	задержать дыхание	затаить дыхание	совпал		to stop breathing for a moment	Used other than figuratively or idiomatically: see hold,‎ one's,‎ breath. To keep air in one's lungs.	совпал	Hold your breath.	Задержите дыхание.	да	
colloc	B2	play a role	играть роль		нечем		to have a part in something	To have an effect or influence on a situation or outcome; to contribute to something.	РАЗОШЁЛСЯ	He played a key role in the movement.	Он сыграл ключевую роль в движении.	да	определение Wiktionary про другое значение: To have an effect or influence on a situation or outcome; to contribute to something.
colloc	B2	bear in mind	иметь в виду	иметь в виду; помнить	совпал		to remember something important	To hold (something) in the memory; to remember; also.	совпал	Bear in mind that school is an integrated junior high and high school.	Имейте в виду, что эта школа - это единая средняя и старшая школа.	да	
colloc	B2	express an opinion	высказать мнение		нечем		to say what you think		нечем	Why am I being insulted for simply expressing an opinion?	Почему меня оскорбляют, если я всего лишь выражаю своё мнение?	да	
colloc	B2	share an opinion	поделиться мнением		нечем		to tell others what you think		нечем				примера нет: нет предложений в Tatoeba
colloc	B2	face a problem	столкнуться с проблемой		нечем		to have to deal with a problem		нечем	He is faced with a difficult problem.	Он столкнулся со сложной проблемой.	да	
colloc	B2	cause a problem	создавать проблему		нечем		to make a problem happen		нечем	The influx of foreign workers has caused a serious housing problem in this area.	Приток иностранных рабочих привёл к серьёзной жилищной проблеме в этой области.	да	
colloc	B2	provide support	оказывать поддержку		нечем		to give help to someone		нечем	They provided support.	Они оказали поддержку.	да	
colloc	B2	accept an offer	принять предложение		нечем		to say yes to what is offered		нечем				примера нет: нет предложений в Tatoeba
colloc	B2	keep track of	отслеживать, держать на контроле	отслеживать; следить; отследить; проследить	совпал		to know what is happening with something	To monitor; to track or record; to understand or follow.	РАЗОШЁЛСЯ	Keep track of your finances.	Держи свои финансы на контроле.	да	определение Wiktionary про другое значение: To monitor; to track or record; to understand or follow.
colloc	B2	common sense	здравый смысл	здравый смысл; ум-разум	совпал		the normal ability to think sensibly	Ordinary sensible understanding.	совпал	He lacks common sense.	Ему не хватает здравого смысла.	да	
colloc	B2	wide range	широкий выбор, широкий спектр		нечем		many different kinds of something		нечем	We discussed a wide range of topics.	Мы обсудили широкий круг вопросов.	да	
colloc	B2	key factor	ключевой фактор		нечем		the most important cause of a result		нечем	Readiness for a crisis is a key factor in success.	Готовность к борьбе с кризисами является ключевым фактором успеха.	да	
colloc	B2	major change	серьёзное изменение		нечем		a big and important change		нечем				примера нет: нет предложений в Tatoeba
colloc	B2	significant difference	существенная разница		нечем		a difference that matters		нечем	I don't see a significant difference.	Не вижу особой разницы.	да	
colloc	B2	valuable experience	ценный опыт		нечем		experience that is worth a lot		нечем	That was a valuable experience.	Это был ценный опыт.	да	
colloc	B2	serious mistake	серьёзная ошибка		нечем		a mistake with big results		нечем	I made a serious mistake.	Я совершил серьёзную ошибку.	да	
colloc	B2	strong argument	веский довод		нечем		a reason that is hard to answer		нечем	That's a strong argument.	Это весомый аргумент.	нет	пример не подтверждён переводом — проверить значение
colloc	B2	clear evidence	явное доказательство		нечем		facts that plainly show something		нечем				примера нет: фразы нет в предложении
colloc	B2	urgent need	насущная необходимость		нечем		a need that must be met at once		нечем				примера нет: фразы нет в предложении
colloc	B2	tight schedule	плотный график		нечем		a plan with very little spare time		нечем	I have a tight schedule.	У меня плотный график.	да	
colloc	C1	strike a balance	найти равновесие		нечем		to find a fair middle between two things	To find a compromise between two conflicting things; to choose a moderate option between two extremes.	совпал	We should strike a balance between our expenditure and income.	Нам следует установить баланс между расходами и прибылью.	нет	пример не подтверждён переводом — проверить значение
colloc	C1	take the initiative	взять инициативу на себя		нечем		to act first without being asked	To take action first or on one's own; to make the first move.	совпал	Loiseau is the only one taking initiative.	Луазо - единственный, кто берёт на себя инициативу.	да	
colloc	C1	exceed expectations	превзойти ожидания		нечем		to be better than people hoped		нечем	It exceeded my expectations.	Он превзошёл все мои ожидания.	да	
colloc	C1	pose a threat	представлять угрозу		нечем		to be a possible danger		нечем	We consider cyber terrorism to pose a serious threat to international security.	Мы считаем, что кибертерроризм представляет серьёзную угрозу международной безопасности.	да	
colloc	C1	bridge the gap	устранить разрыв	сократить разрыв	совпал		to bring two different things closer	To serve as or create a connection between disconnected or disparate things.	совпал	We must bridge the gap which separates us from our competitors.	Мы должны сократить расстояние, отделяющее нас от конкурентов.	нет	пример не подтверждён переводом — проверить значение
colloc	C1	lay the foundation	заложить основу		нечем		to prepare the base for something bigger		нечем				примера нет: длина английского предложения
colloc	C1	shed light on	пролить свет на	пролить свет	совпал		to make something easier to understand	To illuminate; to make clear.	РАЗОШЁЛСЯ	I will shed light on that incident.	Я пролью свет на этот инцидент.	да	определение Wiktionary про другое значение: To illuminate; to make clear.
colloc	C1	draw a distinction	проводить различие		нечем		to show how two things differ		нечем				примера нет: нет предложений в Tatoeba
colloc	C1	gain momentum	набирать обороты		нечем		to grow faster and stronger	To increase something's own speed while being acted on by gravity.	РАЗОШЁЛСЯ				определение Wiktionary про другое значение: To increase something's own speed while being acted on by gravity.; примера нет: длина английского предложения
colloc	C1	broaden your horizons	расширять кругозор		нечем		to learn about new things and places		нечем	Good movies broaden your horizons.	Хорошие фильмы расширяют наш кругозор.	да	
colloc	C1	meet a challenge	справиться с трудной задачей		нечем		to deal well with a hard task		нечем				примера нет: нет предложений в Tatoeba
colloc	C1	voice concerns	выразить озабоченность		нечем		to say openly that you are worried		нечем				примера нет: нет предложений в Tatoeba
colloc	C1	reach a compromise	прийти к компромиссу		нечем		to agree by both sides giving up something		нечем	Finally, we reached a compromise.	Наконец мы достигли компромисса.	да	
colloc	C1	set a precedent	создать прецедент		нечем		to do something that later cases will follow		нечем	He set a precedent.	Он создал прецедент.	да	
colloc	C1	take precedence	иметь приоритет		нечем		to be more important than something else		нечем				примера нет: длина английского предложения
colloc	C1	bear responsibility	нести ответственность		нечем		to be the one who must answer for something		нечем	We bear no responsibility for the incident.	Мы не несём никакой ответственности за происшествие.	да	
colloc	C1	come to terms with	смириться с	смириться; принять	совпал		to accept something difficult	To resolve a conflict with.	РАЗОШЁЛСЯ	Come to terms with it.	Смирись с этим.	да	определение Wiktionary про другое значение: To resolve a conflict with.
colloc	C1	raise the bar	поднять планку	поднять планку	совпал		to set a higher standard	To raise standards or expectations, especially by creating something to a higher standard.	совпал				примера нет: нет предложений в Tatoeba
